dataset,cluster,Ground_Truth,variant,rank,gene,is_regex_noise,is_any_noise,is_low_gini,is_canonical_marker
CD8,CD8.c01.Tn.MAL,CD8_Naive,standard,1,RPL32,True,True,False,False
CD8,CD8.c01.Tn.MAL,CD8_Naive,standard,2,IL7R,False,False,False,True
CD8,CD8.c01.Tn.MAL,CD8_Naive,standard,3,EEF1A1,True,True,False,False
CD8,CD8.c01.Tn.MAL,CD8_Naive,standard,4,RPS12,True,True,False,False
CD8,CD8.c01.Tn.MAL,CD8_Naive,standard,5,RPL11,True,True,False,False
CD8,CD8.c01.Tn.MAL,CD8_Naive,standard,6,RPL13,True,True,False,False
CD8,CD8.c01.Tn.MAL,CD8_Naive,standard,7,RPS3A,True,True,False,False
CD8,CD8.c01.Tn.MAL,CD8_Naive,standard,8,RPL5,True,True,False,False
CD8,CD8.c01.Tn.MAL,CD8_Naive,standard,9,RPL19,True,True,False,False
CD8,CD8.c01.Tn.MAL,CD8_Naive,standard,10,RPS8,True,True,False,False
CD8,CD8.c01.Tn.MAL,CD8_Naive,standard,11,RPL10,True,True,False,False
CD8,CD8.c01.Tn.MAL,CD8_Naive,standard,12,CCR7,False,False,False,True
CD8,CD8.c01.Tn.MAL,CD8_Naive,standard,13,RPS13,True,True,False,False
CD8,CD8.c01.Tn.MAL,CD8_Naive,standard,14,RPL18A,True,True,False,False
CD8,CD8.c01.Tn.MAL,CD8_Naive,standard,15,RPS4X,True,True,False,False
CD8,CD8.c01.Tn.MAL,CD8_Naive,standard,16,RPS6,True,True,False,False
CD8,CD8.c01.Tn.MAL,CD8_Naive,standard,17,RPL14,True,True,False,False
CD8,CD8.c01.Tn.MAL,CD8_Naive,standard,18,RPL30,True,True,False,False
CD8,CD8.c01.Tn.MAL,CD8_Naive,standard,19,RPS3,True,True,False,False
CD8,CD8.c01.Tn.MAL,CD8_Naive,standard,20,RPL3,True,True,False,False
CD8,CD8.c01.Tn.MAL,CD8_Naive,standard,21,TPT1,True,True,False,False
CD8,CD8.c01.Tn.MAL,CD8_Naive,standard,22,RPS23,True,True,False,False
CD8,CD8.c01.Tn.MAL,CD8_Naive,standard,23,RPL9,True,True,False,False
CD8,CD8.c01.Tn.MAL,CD8_Naive,standard,24,KLF2,False,False,False,True
CD8,CD8.c01.Tn.MAL,CD8_Naive,standard,25,EEF1B2,True,True,False,False
CD8,CD8.c01.Tn.MAL,CD8_Naive,standard,26,RPS14,True,True,False,False
CD8,CD8.c01.Tn.MAL,CD8_Naive,standard,27,RPS5,True,True,False,False
CD8,CD8.c01.Tn.MAL,CD8_Naive,standard,28,RPS27A,True,True,False,False
CD8,CD8.c01.Tn.MAL,CD8_Naive,standard,29,PABPC1,False,False,False,False
CD8,CD8.c01.Tn.MAL,CD8_Naive,standard,30,RPS18,True,True,False,False
CD8,CD8.c01.Tn.MAL,CD8_Naive,standard,31,RPL29,True,True,False,False
CD8,CD8.c01.Tn.MAL,CD8_Naive,standard,32,RPL18,True,True,False,False
CD8,CD8.c01.Tn.MAL,CD8_Naive,standard,33,RPS10,True,True,False,False
CD8,CD8.c01.Tn.MAL,CD8_Naive,standard,34,RPL34,True,True,False,False
CD8,CD8.c01.Tn.MAL,CD8_Naive,standard,35,CD55,False,False,False,False
CD8,CD8.c01.Tn.MAL,CD8_Naive,standard,36,RPS25,True,True,False,False
CD8,CD8.c01.Tn.MAL,CD8_Naive,standard,37,RPLP0,True,True,False,False
CD8,CD8.c01.Tn.MAL,CD8_Naive,standard,38,RPL8,True,True,False,False
CD8,CD8.c01.Tn.MAL,CD8_Naive,standard,39,RPL22,True,True,False,False
CD8,CD8.c01.Tn.MAL,CD8_Naive,standard,40,RPLP2,True,True,False,False
CD8,CD8.c01.Tn.MAL,CD8_Naive,standard,41,RPS2,True,True,False,False
CD8,CD8.c01.Tn.MAL,CD8_Naive,standard,42,RPSA,True,True,False,False
CD8,CD8.c01.Tn.MAL,CD8_Naive,standard,43,LTB,False,False,False,True
CD8,CD8.c01.Tn.MAL,CD8_Naive,standard,44,RPL10A,True,True,False,False
CD8,CD8.c01.Tn.MAL,CD8_Naive,standard,45,RPL12,True,True,False,False
CD8,CD8.c01.Tn.MAL,CD8_Naive,standard,46,GNB2L1,False,True,True,False
CD8,CD8.c01.Tn.MAL,CD8_Naive,standard,47,RPL21,True,True,False,False
CD8,CD8.c01.Tn.MAL,CD8_Naive,standard,48,JUNB,True,True,False,False
CD8,CD8.c01.Tn.MAL,CD8_Naive,standard,49,RPL36,True,True,False,False
CD8,CD8.c01.Tn.MAL,CD8_Naive,standard,50,EEF1G,True,True,False,False
CD8,CD8.c01.Tn.MAL,CD8_Naive,filter_only,1,IL7R,False,False,False,True
CD8,CD8.c01.Tn.MAL,CD8_Naive,filter_only,2,CCR7,False,False,False,True
CD8,CD8.c01.Tn.MAL,CD8_Naive,filter_only,3,RPL9,True,True,False,False
CD8,CD8.c01.Tn.MAL,CD8_Naive,filter_only,4,KLF2,False,False,False,True
CD8,CD8.c01.Tn.MAL,CD8_Naive,filter_only,5,EEF1B2,True,True,False,False
CD8,CD8.c01.Tn.MAL,CD8_Naive,filter_only,6,RPS5,True,True,False,False
CD8,CD8.c01.Tn.MAL,CD8_Naive,filter_only,7,PABPC1,False,False,False,False
CD8,CD8.c01.Tn.MAL,CD8_Naive,filter_only,8,CD55,False,False,False,False
CD8,CD8.c01.Tn.MAL,CD8_Naive,filter_only,9,RPL22,True,True,False,False
CD8,CD8.c01.Tn.MAL,CD8_Naive,filter_only,10,RPSA,True,True,False,False
CD8,CD8.c01.Tn.MAL,CD8_Naive,filter_only,11,LTB,False,False,False,True
CD8,CD8.c01.Tn.MAL,CD8_Naive,filter_only,12,RPL10A,True,True,False,False
CD8,CD8.c01.Tn.MAL,CD8_Naive,filter_only,13,RPL21,True,True,False,False
CD8,CD8.c01.Tn.MAL,CD8_Naive,filter_only,14,JUNB,True,True,False,False
CD8,CD8.c01.Tn.MAL,CD8_Naive,filter_only,15,RPL36,True,True,False,False
CD8,CD8.c01.Tn.MAL,CD8_Naive,filter_only,16,EEF1G,True,True,False,False
CD8,CD8.c01.Tn.MAL,CD8_Naive,filter_only,17,LEF1,False,False,False,True
CD8,CD8.c01.Tn.MAL,CD8_Naive,filter_only,18,RPL7,True,True,False,False
CD8,CD8.c01.Tn.MAL,CD8_Naive,filter_only,19,RPL4,True,True,False,False
CD8,CD8.c01.Tn.MAL,CD8_Naive,filter_only,20,FXYD5,False,False,False,False
CD8,CD8.c01.Tn.MAL,CD8_Naive,filter_only,21,FOS,True,True,False,False
CD8,CD8.c01.Tn.MAL,CD8_Naive,filter_only,22,SELL,False,False,False,True
CD8,CD8.c01.Tn.MAL,CD8_Naive,filter_only,23,LDHB,False,False,False,False
CD8,CD8.c01.Tn.MAL,CD8_Naive,filter_only,24,NDFIP1,False,False,False,False
CD8,CD8.c01.Tn.MAL,CD8_Naive,filter_only,25,EEF2,True,True,False,False
CD8,CD8.c01.Tn.MAL,CD8_Naive,filter_only,26,RPL13A,True,True,False,False
CD8,CD8.c01.Tn.MAL,CD8_Naive,filter_only,27,SARAF,False,False,False,False
CD8,CD8.c01.Tn.MAL,CD8_Naive,filter_only,28,RPL37,True,True,False,False
CD8,CD8.c01.Tn.MAL,CD8_Naive,filter_only,29,RPS21,True,True,False,False
CD8,CD8.c01.Tn.MAL,CD8_Naive,filter_only,30,SLC2A3,False,False,False,False
CD8,CD8.c01.Tn.MAL,CD8_Naive,filter_only,31,GPR183,False,False,False,False
CD8,CD8.c01.Tn.MAL,CD8_Naive,filter_only,32,RPS20,True,True,False,False
CD8,CD8.c01.Tn.MAL,CD8_Naive,filter_only,33,LEPROTL1,False,False,False,False
CD8,CD8.c01.Tn.MAL,CD8_Naive,filter_only,34,SC5D,False,False,False,False
CD8,CD8.c01.Tn.MAL,CD8_Naive,filter_only,35,NACA,False,True,True,False
CD8,CD8.c01.Tn.MAL,CD8_Naive,filter_only,36,GLTSCR2,False,False,False,False
CD8,CD8.c01.Tn.MAL,CD8_Naive,filter_only,37,TCF7,False,False,False,True
CD8,CD8.c01.Tn.MAL,CD8_Naive,filter_only,38,RPL36A,True,True,False,False
CD8,CD8.c01.Tn.MAL,CD8_Naive,filter_only,39,ZFP36L2,False,False,False,False
CD8,CD8.c01.Tn.MAL,CD8_Naive,filter_only,40,EIF3E,True,True,False,False
CD8,CD8.c01.Tn.MAL,CD8_Naive,filter_only,41,RPL38,True,True,False,False
CD8,CD8.c01.Tn.MAL,CD8_Naive,filter_only,42,S1PR1,False,False,False,False
CD8,CD8.c01.Tn.MAL,CD8_Naive,filter_only,43,SNHG8,False,False,False,False
CD8,CD8.c01.Tn.MAL,CD8_Naive,filter_only,44,NELL2,False,False,False,False
CD8,CD8.c01.Tn.MAL,CD8_Naive,filter_only,45,PFDN5,False,False,False,False
CD8,CD8.c01.Tn.MAL,CD8_Naive,filter_only,46,NPM1,False,False,False,False
CD8,CD8.c01.Tn.MAL,CD8_Naive,filter_only,47,RPS27,True,True,False,False
CD8,CD8.c01.Tn.MAL,CD8_Naive,filter_only,48,RPL35,True,True,False,False
CD8,CD8.c01.Tn.MAL,CD8_Naive,filter_only,49,TMEM123,False,False,False,False
CD8,CD8.c01.Tn.MAL,CD8_Naive,filter_only,50,RPL31,True,True,False,False
CD8,CD8.c01.Tn.MAL,CD8_Naive,regex_mask,1,IL7R,False,False,False,True
CD8,CD8.c01.Tn.MAL,CD8_Naive,regex_mask,2,CCR7,False,False,False,True
CD8,CD8.c01.Tn.MAL,CD8_Naive,regex_mask,3,KLF2,False,False,False,True
CD8,CD8.c01.Tn.MAL,CD8_Naive,regex_mask,4,PABPC1,False,False,False,False
CD8,CD8.c01.Tn.MAL,CD8_Naive,regex_mask,5,CD55,False,False,False,False
CD8,CD8.c01.Tn.MAL,CD8_Naive,regex_mask,6,LTB,False,False,False,True
CD8,CD8.c01.Tn.MAL,CD8_Naive,regex_mask,7,LEF1,False,False,False,True
CD8,CD8.c01.Tn.MAL,CD8_Naive,regex_mask,8,FXYD5,False,False,False,False
CD8,CD8.c01.Tn.MAL,CD8_Naive,regex_mask,9,SELL,False,False,False,True
CD8,CD8.c01.Tn.MAL,CD8_Naive,regex_mask,10,LDHB,False,False,False,False
CD8,CD8.c01.Tn.MAL,CD8_Naive,regex_mask,11,NDFIP1,False,False,False,False
CD8,CD8.c01.Tn.MAL,CD8_Naive,regex_mask,12,SARAF,False,False,False,False
CD8,CD8.c01.Tn.MAL,CD8_Naive,regex_mask,13,SLC2A3,False,False,False,False
CD8,CD8.c01.Tn.MAL,CD8_Naive,regex_mask,14,GPR183,False,False,False,False
CD8,CD8.c01.Tn.MAL,CD8_Naive,regex_mask,15,LEPROTL1,False,False,False,False
CD8,CD8.c01.Tn.MAL,CD8_Naive,regex_mask,16,SC5D,False,False,False,False
CD8,CD8.c01.Tn.MAL,CD8_Naive,regex_mask,17,NACA,False,True,True,False
CD8,CD8.c01.Tn.MAL,CD8_Naive,regex_mask,18,GLTSCR2,False,False,False,False
CD8,CD8.c01.Tn.MAL,CD8_Naive,regex_mask,19,TCF7,False,False,False,True
CD8,CD8.c01.Tn.MAL,CD8_Naive,regex_mask,20,ZFP36L2,False,False,False,False
CD8,CD8.c01.Tn.MAL,CD8_Naive,regex_mask,21,S1PR1,False,False,False,False
CD8,CD8.c01.Tn.MAL,CD8_Naive,regex_mask,22,SNHG8,False,False,False,False
CD8,CD8.c01.Tn.MAL,CD8_Naive,regex_mask,23,NELL2,False,False,False,False
CD8,CD8.c01.Tn.MAL,CD8_Naive,regex_mask,24,PFDN5,False,False,False,False
CD8,CD8.c01.Tn.MAL,CD8_Naive,regex_mask,25,NPM1,False,False,False,False
CD8,CD8.c01.Tn.MAL,CD8_Naive,regex_mask,26,TMEM123,False,False,False,False
CD8,CD8.c01.Tn.MAL,CD8_Naive,regex_mask,27,UBA52,False,True,True,False
CD8,CD8.c01.Tn.MAL,CD8_Naive,regex_mask,28,KLF3,False,False,False,False
CD8,CD8.c01.Tn.MAL,CD8_Naive,regex_mask,29,TOB1,False,False,False,False
CD8,CD8.c01.Tn.MAL,CD8_Naive,regex_mask,30,FAM177A1,False,False,False,False
CD8,CD8.c01.Tn.MAL,CD8_Naive,regex_mask,31,CD28,False,False,False,False
CD8,CD8.c01.Tn.MAL,CD8_Naive,regex_mask,32,AREG,False,False,False,False
CD8,CD8.c01.Tn.MAL,CD8_Naive,regex_mask,33,ICAM2,False,False,False,False
CD8,CD8.c01.Tn.MAL,CD8_Naive,regex_mask,34,CAMK4,False,False,False,False
CD8,CD8.c01.Tn.MAL,CD8_Naive,regex_mask,35,FLT3LG,False,False,False,False
CD8,CD8.c01.Tn.MAL,CD8_Naive,regex_mask,36,SF1,False,False,False,False
CD8,CD8.c01.Tn.MAL,CD8_Naive,regex_mask,37,CSRNP1,False,False,False,False
CD8,CD8.c01.Tn.MAL,CD8_Naive,regex_mask,38,GADD45B,False,False,False,False
CD8,CD8.c01.Tn.MAL,CD8_Naive,regex_mask,39,SOCS3,False,False,False,False
CD8,CD8.c01.Tn.MAL,CD8_Naive,regex_mask,40,BTG2,False,False,False,False
CD8,CD8.c01.Tn.MAL,CD8_Naive,regex_mask,41,ANXA1,False,False,False,False
CD8,CD8.c01.Tn.MAL,CD8_Naive,regex_mask,42,NOSIP,False,False,False,False
CD8,CD8.c01.Tn.MAL,CD8_Naive,regex_mask,43,SOCS1,False,False,False,False
CD8,CD8.c01.Tn.MAL,CD8_Naive,regex_mask,44,HINT1,False,False,False,False
CD8,CD8.c01.Tn.MAL,CD8_Naive,regex_mask,45,CD48,False,False,False,False
CD8,CD8.c01.Tn.MAL,CD8_Naive,regex_mask,46,FAM65B,False,False,False,False
CD8,CD8.c01.Tn.MAL,CD8_Naive,regex_mask,47,DUSP1,False,False,False,False
CD8,CD8.c01.Tn.MAL,CD8_Naive,regex_mask,48,FCMR,False,False,False,False
CD8,CD8.c01.Tn.MAL,CD8_Naive,regex_mask,49,TXNIP,False,False,False,False
CD8,CD8.c01.Tn.MAL,CD8_Naive,regex_mask,50,SATB1,False,False,False,False
CD8,CD8.c01.Tn.MAL,CD8_Naive,full_core,1,IL7R,False,False,False,True
CD8,CD8.c01.Tn.MAL,CD8_Naive,full_core,2,CCR7,False,False,False,True
CD8,CD8.c01.Tn.MAL,CD8_Naive,full_core,3,KLF2,False,False,False,True
CD8,CD8.c01.Tn.MAL,CD8_Naive,full_core,4,LTB,False,False,False,True
CD8,CD8.c01.Tn.MAL,CD8_Naive,full_core,5,LEF1,False,False,False,True
CD8,CD8.c01.Tn.MAL,CD8_Naive,full_core,6,SELL,False,False,False,True
CD8,CD8.c01.Tn.MAL,CD8_Naive,full_core,7,LDHB,False,False,False,False
CD8,CD8.c01.Tn.MAL,CD8_Naive,full_core,8,SLC2A3,False,False,False,False
CD8,CD8.c01.Tn.MAL,CD8_Naive,full_core,9,GPR183,False,False,False,False
CD8,CD8.c01.Tn.MAL,CD8_Naive,full_core,10,TCF7,False,False,False,True
CD8,CD8.c01.Tn.MAL,CD8_Naive,full_core,11,S1PR1,False,False,False,False
CD8,CD8.c01.Tn.MAL,CD8_Naive,full_core,12,NELL2,False,False,False,False
CD8,CD8.c01.Tn.MAL,CD8_Naive,full_core,13,NPM1,False,False,False,False
CD8,CD8.c01.Tn.MAL,CD8_Naive,full_core,14,KLF3,False,False,False,False
CD8,CD8.c01.Tn.MAL,CD8_Naive,full_core,15,TOB1,False,False,False,False
CD8,CD8.c01.Tn.MAL,CD8_Naive,full_core,16,AREG,False,False,False,False
CD8,CD8.c01.Tn.MAL,CD8_Naive,full_core,17,GADD45B,False,False,False,False
CD8,CD8.c01.Tn.MAL,CD8_Naive,full_core,18,SOCS3,False,False,False,False
CD8,CD8.c01.Tn.MAL,CD8_Naive,full_core,19,ANXA1,False,False,False,False
CD8,CD8.c01.Tn.MAL,CD8_Naive,full_core,20,DUSP1,False,False,False,False
CD8,CD8.c01.Tn.MAL,CD8_Naive,full_core,21,TXNIP,False,False,False,False
CD8,CD8.c01.Tn.MAL,CD8_Naive,full_core,22,SATB1,False,False,False,False
CD8,CD8.c01.Tn.MAL,CD8_Naive,full_core,23,PTGER2,False,False,False,False
CD8,CD8.c01.Tn.MAL,CD8_Naive,full_core,24,AQP3,False,False,False,False
CD8,CD8.c01.Tn.MAL,CD8_Naive,full_core,25,RASGRP2,False,False,False,False
CD8,CD8.c01.Tn.MAL,CD8_Naive,full_core,26,LMNA,False,False,False,False
CD8,CD8.c01.Tn.MAL,CD8_Naive,full_core,27,LSR,False,False,False,False
CD8,CD8.c01.Tn.MAL,CD8_Naive,full_core,28,CHMP1B,False,False,False,False
CD8,CD8.c01.Tn.MAL,CD8_Naive,full_core,29,RGCC,False,False,False,False
CD8,CD8.c01.Tn.MAL,CD8_Naive,full_core,30,NR4A1,False,False,False,False
CD8,CD8.c01.Tn.MAL,CD8_Naive,full_core,31,SGK1,False,False,False,False
CD8,CD8.c01.Tn.MAL,CD8_Naive,full_core,32,PASK,False,False,False,False
CD8,CD8.c01.Tn.MAL,CD8_Naive,full_core,33,PIM1,False,False,False,False
CD8,CD8.c01.Tn.MAL,CD8_Naive,full_core,34,MAL,False,False,False,True
CD8,CD8.c01.Tn.MAL,CD8_Naive,full_core,35,SCML1,False,False,False,False
CD8,CD8.c01.Tn.MAL,CD8_Naive,full_core,36,SESN3,False,False,False,False
CD8,CD8.c01.Tn.MAL,CD8_Naive,full_core,37,BACH2,False,False,False,False
CD8,CD8.c01.Tn.MAL,CD8_Naive,full_core,38,CDKN1A,False,False,False,False
CD8,CD8.c01.Tn.MAL,CD8_Naive,full_core,39,NFKBIA,False,False,False,False
CD8,CD8.c01.Tn.MAL,CD8_Naive,full_core,40,DNAJB1,False,False,False,False
CD8,CD8.c01.Tn.MAL,CD8_Naive,full_core,41,C1orf228,False,False,False,False
CD8,CD8.c01.Tn.MAL,CD8_Naive,full_core,42,PLAC8,False,False,False,False
CD8,CD8.c01.Tn.MAL,CD8_Naive,full_core,43,TIMP1,False,False,False,False
CD8,CD8.c01.Tn.MAL,CD8_Naive,full_core,44,PPP1R15A,False,False,False,False
CD8,CD8.c01.Tn.MAL,CD8_Naive,full_core,45,PRDX2,False,False,False,False
CD8,CD8.c01.Tn.MAL,CD8_Naive,full_core,46,TXK,False,False,False,False
CD8,CD8.c01.Tn.MAL,CD8_Naive,full_core,47,NR4A2,False,False,False,False
CD8,CD8.c01.Tn.MAL,CD8_Naive,full_core,48,FXYD7,False,False,False,False
CD8,CD8.c01.Tn.MAL,CD8_Naive,full_core,49,ZFP36,False,False,False,False
CD8,CD8.c01.Tn.MAL,CD8_Naive,full_core,50,MARCKSL1,False,False,False,False
CD8,CD8.c02.Tm.IL7R,CD8_EffectorMemory,standard,1,ZFP36L2,False,False,False,True
CD8,CD8.c02.Tm.IL7R,CD8_EffectorMemory,standard,2,CXCR4,False,False,False,True
CD8,CD8.c02.Tm.IL7R,CD8_EffectorMemory,standard,3,BTG1,False,True,True,False
CD8,CD8.c02.Tm.IL7R,CD8_EffectorMemory,standard,4,ZFP36,False,False,False,False
CD8,CD8.c02.Tm.IL7R,CD8_EffectorMemory,standard,5,ANXA1,False,False,False,True
CD8,CD8.c02.Tm.IL7R,CD8_EffectorMemory,standard,6,IL7R,False,False,False,True
CD8,CD8.c02.Tm.IL7R,CD8_EffectorMemory,standard,7,TSC22D3,False,False,False,False
CD8,CD8.c02.Tm.IL7R,CD8_EffectorMemory,standard,8,SARAF,False,False,False,False
CD8,CD8.c02.Tm.IL7R,CD8_EffectorMemory,standard,9,GLIPR1,False,False,False,False
CD8,CD8.c02.Tm.IL7R,CD8_EffectorMemory,standard,10,LEPROTL1,False,False,False,False
CD8,CD8.c02.Tm.IL7R,CD8_EffectorMemory,standard,11,KLF6,False,False,False,False
CD8,CD8.c02.Tm.IL7R,CD8_EffectorMemory,standard,12,PTGER4,False,False,False,False
CD8,CD8.c02.Tm.IL7R,CD8_EffectorMemory,standard,13,RGCC,False,False,False,False
CD8,CD8.c02.Tm.IL7R,CD8_EffectorMemory,standard,14,FAM129A,False,False,False,False
CD8,CD8.c02.Tm.IL7R,CD8_EffectorMemory,standard,15,TNFAIP3,False,False,False,False
CD8,CD8.c02.Tm.IL7R,CD8_EffectorMemory,standard,16,FOSB,True,True,False,False
CD8,CD8.c02.Tm.IL7R,CD8_EffectorMemory,standard,17,MYADM,False,False,False,False
CD8,CD8.c02.Tm.IL7R,CD8_EffectorMemory,standard,18,CYTIP,False,False,False,False
CD8,CD8.c02.Tm.IL7R,CD8_EffectorMemory,standard,19,RPS3A,True,True,False,False
CD8,CD8.c02.Tm.IL7R,CD8_EffectorMemory,standard,20,SAMSN1,False,False,False,False
CD8,CD8.c02.Tm.IL7R,CD8_EffectorMemory,standard,21,YPEL5,False,False,False,False
CD8,CD8.c02.Tm.IL7R,CD8_EffectorMemory,standard,22,CCNH,False,False,False,False
CD8,CD8.c02.Tm.IL7R,CD8_EffectorMemory,standard,23,CD55,False,False,False,False
CD8,CD8.c02.Tm.IL7R,CD8_EffectorMemory,standard,24,LMNA,False,False,False,False
CD8,CD8.c02.Tm.IL7R,CD8_EffectorMemory,standard,25,PARP8,False,False,False,False
CD8,CD8.c02.Tm.IL7R,CD8_EffectorMemory,standard,26,SRGN,False,True,True,False
CD8,CD8.c02.Tm.IL7R,CD8_EffectorMemory,standard,27,FOS,True,True,False,False
CD8,CD8.c02.Tm.IL7R,CD8_EffectorMemory,standard,28,AC090498.1,False,True,True,False
CD8,CD8.c02.Tm.IL7R,CD8_EffectorMemory,standard,29,AIM1,False,False,False,False
CD8,CD8.c02.Tm.IL7R,CD8_EffectorMemory,standard,30,RPL30,True,True,False,False
CD8,CD8.c02.Tm.IL7R,CD8_EffectorMemory,standard,31,RPS27,True,True,False,False
CD8,CD8.c02.Tm.IL7R,CD8_EffectorMemory,standard,32,PNRC1,False,False,False,False
CD8,CD8.c02.Tm.IL7R,CD8_EffectorMemory,standard,33,AHNAK,False,False,False,False
CD8,CD8.c02.Tm.IL7R,CD8_EffectorMemory,standard,34,ELF1,False,False,False,False
CD8,CD8.c02.Tm.IL7R,CD8_EffectorMemory,standard,35,EIF1,True,True,False,False
CD8,CD8.c02.Tm.IL7R,CD8_EffectorMemory,standard,36,GPR183,False,False,False,False
CD8,CD8.c02.Tm.IL7R,CD8_EffectorMemory,standard,37,TOB1,False,False,False,False
CD8,CD8.c02.Tm.IL7R,CD8_EffectorMemory,standard,38,DUSP1,False,False,False,False
CD8,CD8.c02.Tm.IL7R,CD8_EffectorMemory,standard,39,VIM,False,False,False,False
CD8,CD8.c02.Tm.IL7R,CD8_EffectorMemory,standard,40,RPS28,True,True,False,False
CD8,CD8.c02.Tm.IL7R,CD8_EffectorMemory,standard,41,PLK3,False,False,False,False
CD8,CD8.c02.Tm.IL7R,CD8_EffectorMemory,standard,42,TOMM7,False,False,False,False
CD8,CD8.c02.Tm.IL7R,CD8_EffectorMemory,standard,43,FTH1,False,True,True,False
CD8,CD8.c02.Tm.IL7R,CD8_EffectorMemory,standard,44,RPS3,True,True,False,False
CD8,CD8.c02.Tm.IL7R,CD8_EffectorMemory,standard,45,MCL1,False,False,False,False
CD8,CD8.c02.Tm.IL7R,CD8_EffectorMemory,standard,46,EZR,False,False,False,False
CD8,CD8.c02.Tm.IL7R,CD8_EffectorMemory,standard,47,SCML4,False,False,False,False
CD8,CD8.c02.Tm.IL7R,CD8_EffectorMemory,standard,48,SYTL3,False,False,False,False
CD8,CD8.c02.Tm.IL7R,CD8_EffectorMemory,standard,49,EML4,False,False,False,False
CD8,CD8.c02.Tm.IL7R,CD8_EffectorMemory,standard,50,CD69,False,False,False,False
CD8,CD8.c02.Tm.IL7R,CD8_EffectorMemory,filter_only,1,ZFP36L2,False,False,False,True
CD8,CD8.c02.Tm.IL7R,CD8_EffectorMemory,filter_only,2,CXCR4,False,False,False,True
CD8,CD8.c02.Tm.IL7R,CD8_EffectorMemory,filter_only,3,ZFP36,False,False,False,False
CD8,CD8.c02.Tm.IL7R,CD8_EffectorMemory,filter_only,4,ANXA1,False,False,False,True
CD8,CD8.c02.Tm.IL7R,CD8_EffectorMemory,filter_only,5,IL7R,False,False,False,True
CD8,CD8.c02.Tm.IL7R,CD8_EffectorMemory,filter_only,6,TSC22D3,False,False,False,False
CD8,CD8.c02.Tm.IL7R,CD8_EffectorMemory,filter_only,7,GLIPR1,False,False,False,False
CD8,CD8.c02.Tm.IL7R,CD8_EffectorMemory,filter_only,8,LEPROTL1,False,False,False,False
CD8,CD8.c02.Tm.IL7R,CD8_EffectorMemory,filter_only,9,KLF6,False,False,False,False
CD8,CD8.c02.Tm.IL7R,CD8_EffectorMemory,filter_only,10,PTGER4,False,False,False,False
CD8,CD8.c02.Tm.IL7R,CD8_EffectorMemory,filter_only,11,RGCC,False,False,False,False
CD8,CD8.c02.Tm.IL7R,CD8_EffectorMemory,filter_only,12,FAM129A,False,False,False,False
CD8,CD8.c02.Tm.IL7R,CD8_EffectorMemory,filter_only,13,TNFAIP3,False,False,False,False
CD8,CD8.c02.Tm.IL7R,CD8_EffectorMemory,filter_only,14,FOSB,True,True,False,False
CD8,CD8.c02.Tm.IL7R,CD8_EffectorMemory,filter_only,15,MYADM,False,False,False,False
CD8,CD8.c02.Tm.IL7R,CD8_EffectorMemory,filter_only,16,CYTIP,False,False,False,False
CD8,CD8.c02.Tm.IL7R,CD8_EffectorMemory,filter_only,17,SAMSN1,False,False,False,False
CD8,CD8.c02.Tm.IL7R,CD8_EffectorMemory,filter_only,18,YPEL5,False,False,False,False
CD8,CD8.c02.Tm.IL7R,CD8_EffectorMemory,filter_only,19,CCNH,False,False,False,False
CD8,CD8.c02.Tm.IL7R,CD8_EffectorMemory,filter_only,20,CD55,False,False,False,False
CD8,CD8.c02.Tm.IL7R,CD8_EffectorMemory,filter_only,21,LMNA,False,False,False,False
CD8,CD8.c02.Tm.IL7R,CD8_EffectorMemory,filter_only,22,PARP8,False,False,False,False
CD8,CD8.c02.Tm.IL7R,CD8_EffectorMemory,filter_only,23,FOS,True,True,False,False
CD8,CD8.c02.Tm.IL7R,CD8_EffectorMemory,filter_only,24,AIM1,False,False,False,False
CD8,CD8.c02.Tm.IL7R,CD8_EffectorMemory,filter_only,25,PNRC1,False,False,False,False
CD8,CD8.c02.Tm.IL7R,CD8_EffectorMemory,filter_only,26,AHNAK,False,False,False,False
CD8,CD8.c02.Tm.IL7R,CD8_EffectorMemory,filter_only,27,ELF1,False,False,False,False
CD8,CD8.c02.Tm.IL7R,CD8_EffectorMemory,filter_only,28,GPR183,False,False,False,False
CD8,CD8.c02.Tm.IL7R,CD8_EffectorMemory,filter_only,29,TOB1,False,False,False,False
CD8,CD8.c02.Tm.IL7R,CD8_EffectorMemory,filter_only,30,DUSP1,False,False,False,False
CD8,CD8.c02.Tm.IL7R,CD8_EffectorMemory,filter_only,31,VIM,False,False,False,False
CD8,CD8.c02.Tm.IL7R,CD8_EffectorMemory,filter_only,32,PLK3,False,False,False,False
CD8,CD8.c02.Tm.IL7R,CD8_EffectorMemory,filter_only,33,TOMM7,False,False,False,False
CD8,CD8.c02.Tm.IL7R,CD8_EffectorMemory,filter_only,34,MCL1,False,False,False,False
CD8,CD8.c02.Tm.IL7R,CD8_EffectorMemory,filter_only,35,EZR,False,False,False,False
CD8,CD8.c02.Tm.IL7R,CD8_EffectorMemory,filter_only,36,SCML4,False,False,False,False
CD8,CD8.c02.Tm.IL7R,CD8_EffectorMemory,filter_only,37,SYTL3,False,False,False,False
CD8,CD8.c02.Tm.IL7R,CD8_EffectorMemory,filter_only,38,EML4,False,False,False,False
CD8,CD8.c02.Tm.IL7R,CD8_EffectorMemory,filter_only,39,CD69,False,False,False,False
CD8,CD8.c02.Tm.IL7R,CD8_EffectorMemory,filter_only,40,MT-ND1,True,True,False,False
CD8,CD8.c02.Tm.IL7R,CD8_EffectorMemory,filter_only,41,JUNB,True,True,False,False
CD8,CD8.c02.Tm.IL7R,CD8_EffectorMemory,filter_only,42,CCL4,False,False,False,False
CD8,CD8.c02.Tm.IL7R,CD8_EffectorMemory,filter_only,43,METTL9,False,False,False,False
CD8,CD8.c02.Tm.IL7R,CD8_EffectorMemory,filter_only,44,CITED2,False,False,False,False
CD8,CD8.c02.Tm.IL7R,CD8_EffectorMemory,filter_only,45,TGFB1,False,False,False,False
CD8,CD8.c02.Tm.IL7R,CD8_EffectorMemory,filter_only,46,PDE4B,False,False,False,False
CD8,CD8.c02.Tm.IL7R,CD8_EffectorMemory,filter_only,47,CALM2,False,False,False,False
CD8,CD8.c02.Tm.IL7R,CD8_EffectorMemory,filter_only,48,NR3C1,False,False,False,False
CD8,CD8.c02.Tm.IL7R,CD8_EffectorMemory,filter_only,49,TUBA4A,False,False,False,False
CD8,CD8.c02.Tm.IL7R,CD8_EffectorMemory,filter_only,50,FAM177A1,False,False,False,False
CD8,CD8.c02.Tm.IL7R,CD8_EffectorMemory,regex_mask,1,ZFP36L2,False,False,False,True
CD8,CD8.c02.Tm.IL7R,CD8_EffectorMemory,regex_mask,2,CXCR4,False,False,False,True
CD8,CD8.c02.Tm.IL7R,CD8_EffectorMemory,regex_mask,3,ZFP36,False,False,False,False
CD8,CD8.c02.Tm.IL7R,CD8_EffectorMemory,regex_mask,4,ANXA1,False,False,False,True
CD8,CD8.c02.Tm.IL7R,CD8_EffectorMemory,regex_mask,5,IL7R,False,False,False,True
CD8,CD8.c02.Tm.IL7R,CD8_EffectorMemory,regex_mask,6,TSC22D3,False,False,False,False
CD8,CD8.c02.Tm.IL7R,CD8_EffectorMemory,regex_mask,7,GLIPR1,False,False,False,False
CD8,CD8.c02.Tm.IL7R,CD8_EffectorMemory,regex_mask,8,LEPROTL1,False,False,False,False
CD8,CD8.c02.Tm.IL7R,CD8_EffectorMemory,regex_mask,9,KLF6,False,False,False,False
CD8,CD8.c02.Tm.IL7R,CD8_EffectorMemory,regex_mask,10,PTGER4,False,False,False,False
CD8,CD8.c02.Tm.IL7R,CD8_EffectorMemory,regex_mask,11,RGCC,False,False,False,False
CD8,CD8.c02.Tm.IL7R,CD8_EffectorMemory,regex_mask,12,FAM129A,False,False,False,False
CD8,CD8.c02.Tm.IL7R,CD8_EffectorMemory,regex_mask,13,TNFAIP3,False,False,False,False
CD8,CD8.c02.Tm.IL7R,CD8_EffectorMemory,regex_mask,14,MYADM,False,False,False,False
CD8,CD8.c02.Tm.IL7R,CD8_EffectorMemory,regex_mask,15,CYTIP,False,False,False,False
CD8,CD8.c02.Tm.IL7R,CD8_EffectorMemory,regex_mask,16,SAMSN1,False,False,False,False
CD8,CD8.c02.Tm.IL7R,CD8_EffectorMemory,regex_mask,17,YPEL5,False,False,False,False
CD8,CD8.c02.Tm.IL7R,CD8_EffectorMemory,regex_mask,18,CCNH,False,False,False,False
CD8,CD8.c02.Tm.IL7R,CD8_EffectorMemory,regex_mask,19,CD55,False,False,False,False
CD8,CD8.c02.Tm.IL7R,CD8_EffectorMemory,regex_mask,20,LMNA,False,False,False,False
CD8,CD8.c02.Tm.IL7R,CD8_EffectorMemory,regex_mask,21,PARP8,False,False,False,False
CD8,CD8.c02.Tm.IL7R,CD8_EffectorMemory,regex_mask,22,AIM1,False,False,False,False
CD8,CD8.c02.Tm.IL7R,CD8_EffectorMemory,regex_mask,23,PNRC1,False,False,False,False
CD8,CD8.c02.Tm.IL7R,CD8_EffectorMemory,regex_mask,24,AHNAK,False,False,False,False
CD8,CD8.c02.Tm.IL7R,CD8_EffectorMemory,regex_mask,25,ELF1,False,False,False,False
CD8,CD8.c02.Tm.IL7R,CD8_EffectorMemory,regex_mask,26,GPR183,False,False,False,False
CD8,CD8.c02.Tm.IL7R,CD8_EffectorMemory,regex_mask,27,TOB1,False,False,False,False
CD8,CD8.c02.Tm.IL7R,CD8_EffectorMemory,regex_mask,28,DUSP1,False,False,False,False
CD8,CD8.c02.Tm.IL7R,CD8_EffectorMemory,regex_mask,29,VIM,False,False,False,False
CD8,CD8.c02.Tm.IL7R,CD8_EffectorMemory,regex_mask,30,PLK3,False,False,False,False
CD8,CD8.c02.Tm.IL7R,CD8_EffectorMemory,regex_mask,31,TOMM7,False,False,False,False
CD8,CD8.c02.Tm.IL7R,CD8_EffectorMemory,regex_mask,32,MCL1,False,False,False,False
CD8,CD8.c02.Tm.IL7R,CD8_EffectorMemory,regex_mask,33,EZR,False,False,False,False
CD8,CD8.c02.Tm.IL7R,CD8_EffectorMemory,regex_mask,34,SCML4,False,False,False,False
CD8,CD8.c02.Tm.IL7R,CD8_EffectorMemory,regex_mask,35,SYTL3,False,False,False,False
CD8,CD8.c02.Tm.IL7R,CD8_EffectorMemory,regex_mask,36,EML4,False,False,False,False
CD8,CD8.c02.Tm.IL7R,CD8_EffectorMemory,regex_mask,37,CD69,False,False,False,False
CD8,CD8.c02.Tm.IL7R,CD8_EffectorMemory,regex_mask,38,CCL4,False,False,False,False
CD8,CD8.c02.Tm.IL7R,CD8_EffectorMemory,regex_mask,39,METTL9,False,False,False,False
CD8,CD8.c02.Tm.IL7R,CD8_EffectorMemory,regex_mask,40,CITED2,False,False,False,False
CD8,CD8.c02.Tm.IL7R,CD8_EffectorMemory,regex_mask,41,TGFB1,False,False,False,False
CD8,CD8.c02.Tm.IL7R,CD8_EffectorMemory,regex_mask,42,PDE4B,False,False,False,False
CD8,CD8.c02.Tm.IL7R,CD8_EffectorMemory,regex_mask,43,CALM2,False,False,False,False
CD8,CD8.c02.Tm.IL7R,CD8_EffectorMemory,regex_mask,44,NR3C1,False,False,False,False
CD8,CD8.c02.Tm.IL7R,CD8_EffectorMemory,regex_mask,45,TUBA4A,False,False,False,False
CD8,CD8.c02.Tm.IL7R,CD8_EffectorMemory,regex_mask,46,FAM177A1,False,False,False,False
CD8,CD8.c02.Tm.IL7R,CD8_EffectorMemory,regex_mask,47,PIK3R1,False,False,False,False
CD8,CD8.c02.Tm.IL7R,CD8_EffectorMemory,regex_mask,48,RUNX3,False,False,False,False
CD8,CD8.c02.Tm.IL7R,CD8_EffectorMemory,regex_mask,49,STK4,False,False,False,False
CD8,CD8.c02.Tm.IL7R,CD8_EffectorMemory,regex_mask,50,CD44,False,False,False,False
CD8,CD8.c02.Tm.IL7R,CD8_EffectorMemory,full_core,1,ZFP36,False,False,False,False
CD8,CD8.c02.Tm.IL7R,CD8_EffectorMemory,full_core,2,ANXA1,False,False,False,True
CD8,CD8.c02.Tm.IL7R,CD8_EffectorMemory,full_core,3,IL7R,False,False,False,True
CD8,CD8.c02.Tm.IL7R,CD8_EffectorMemory,full_core,4,KLF6,False,False,False,False
CD8,CD8.c02.Tm.IL7R,CD8_EffectorMemory,full_core,5,RGCC,False,False,False,False
CD8,CD8.c02.Tm.IL7R,CD8_EffectorMemory,full_core,6,MYADM,False,False,False,False
CD8,CD8.c02.Tm.IL7R,CD8_EffectorMemory,full_core,7,LMNA,False,False,False,False
CD8,CD8.c02.Tm.IL7R,CD8_EffectorMemory,full_core,8,GPR183,False,False,False,False
CD8,CD8.c02.Tm.IL7R,CD8_EffectorMemory,full_core,9,TOB1,False,False,False,False
CD8,CD8.c02.Tm.IL7R,CD8_EffectorMemory,full_core,10,DUSP1,False,False,False,False
CD8,CD8.c02.Tm.IL7R,CD8_EffectorMemory,full_core,11,VIM,False,False,False,False
CD8,CD8.c02.Tm.IL7R,CD8_EffectorMemory,full_core,12,CD69,False,False,False,False
CD8,CD8.c02.Tm.IL7R,CD8_EffectorMemory,full_core,13,CCL4,False,False,False,False
CD8,CD8.c02.Tm.IL7R,CD8_EffectorMemory,full_core,14,CITED2,False,False,False,False
CD8,CD8.c02.Tm.IL7R,CD8_EffectorMemory,full_core,15,TUBA4A,False,False,False,False
CD8,CD8.c02.Tm.IL7R,CD8_EffectorMemory,full_core,16,SLC2A3,False,False,False,False
CD8,CD8.c02.Tm.IL7R,CD8_EffectorMemory,full_core,17,NR4A2,False,False,False,False
CD8,CD8.c02.Tm.IL7R,CD8_EffectorMemory,full_core,18,XCL1,False,False,False,False
CD8,CD8.c02.Tm.IL7R,CD8_EffectorMemory,full_core,19,PPP1R15A,False,False,False,False
CD8,CD8.c02.Tm.IL7R,CD8_EffectorMemory,full_core,20,ZNF683,False,False,False,False
CD8,CD8.c02.Tm.IL7R,CD8_EffectorMemory,full_core,21,ANKRD28,False,False,False,False
CD8,CD8.c02.Tm.IL7R,CD8_EffectorMemory,full_core,22,RGS1,False,False,False,False
CD8,CD8.c02.Tm.IL7R,CD8_EffectorMemory,full_core,23,S100A10,False,False,False,False
CD8,CD8.c02.Tm.IL7R,CD8_EffectorMemory,full_core,24,SLC7A5,False,False,False,False
CD8,CD8.c02.Tm.IL7R,CD8_EffectorMemory,full_core,25,REL,False,False,False,False
CD8,CD8.c02.Tm.IL7R,CD8_EffectorMemory,full_core,26,XCL2,False,False,False,False
CD8,CD8.c02.Tm.IL7R,CD8_EffectorMemory,full_core,27,ALOX5AP,False,False,False,False
CD8,CD8.c02.Tm.IL7R,CD8_EffectorMemory,full_core,28,GLUL,False,False,False,False
CD8,CD8.c02.Tm.IL7R,CD8_EffectorMemory,full_core,29,CDKN1A,False,False,False,False
CD8,CD8.c02.Tm.IL7R,CD8_EffectorMemory,full_core,30,PFKFB3,False,False,False,False
CD8,CD8.c02.Tm.IL7R,CD8_EffectorMemory,full_core,31,TSPYL2,False,False,False,False
CD8,CD8.c02.Tm.IL7R,CD8_EffectorMemory,full_core,32,SPRY1,False,False,False,False
CD8,CD8.c02.Tm.IL7R,CD8_EffectorMemory,full_core,33,AREG,False,False,False,False
CD8,CD8.c02.Tm.IL7R,CD8_EffectorMemory,full_core,34,ZNF331,False,False,False,False
CD8,CD8.c02.Tm.IL7R,CD8_EffectorMemory,full_core,35,CTD-3252C9.4,False,False,False,False
CD8,CD8.c02.Tm.IL7R,CD8_EffectorMemory,full_core,36,PERP,False,False,False,False
CD8,CD8.c02.Tm.IL7R,CD8_EffectorMemory,full_core,37,SAT1,False,False,False,False
CD8,CD8.c02.Tm.IL7R,CD8_EffectorMemory,full_core,38,TXNIP,False,False,False,False
CD8,CD8.c02.Tm.IL7R,CD8_EffectorMemory,full_core,39,H2AFX,False,False,False,False
CD8,CD8.c02.Tm.IL7R,CD8_EffectorMemory,full_core,40,NR4A3,False,False,False,False
CD8,CD8.c02.Tm.IL7R,CD8_EffectorMemory,full_core,41,SMIM3,False,False,False,False
CD8,CD8.c02.Tm.IL7R,CD8_EffectorMemory,full_core,42,MYBL1,False,False,False,False
CD8,CD8.c02.Tm.IL7R,CD8_EffectorMemory,full_core,43,NFKBIA,False,False,False,False
CD8,CD8.c02.Tm.IL7R,CD8_EffectorMemory,full_core,44,LGALS3,False,False,False,False
CD8,CD8.c02.Tm.IL7R,CD8_EffectorMemory,full_core,45,LSR,False,False,False,False
CD8,CD8.c02.Tm.IL7R,CD8_EffectorMemory,full_core,46,CXCR6,False,False,False,False
CD8,CD8.c02.Tm.IL7R,CD8_EffectorMemory,full_core,47,KLRC1,False,False,False,False
CD8,CD8.c02.Tm.IL7R,CD8_EffectorMemory,full_core,48,CREM,False,False,False,False
CD8,CD8.c02.Tm.IL7R,CD8_EffectorMemory,full_core,49,CAPG,False,False,False,False
CD8,CD8.c02.Tm.IL7R,CD8_EffectorMemory,full_core,50,CLU,False,False,False,False
CD8,CD8.c03.Tm.RPS12,CD8_EffectorMemory,standard,1,RPL30,True,True,False,False
CD8,CD8.c03.Tm.RPS12,CD8_EffectorMemory,standard,2,FAU,False,True,True,False
CD8,CD8.c03.Tm.RPS12,CD8_EffectorMemory,standard,3,RPS15A,True,True,False,False
CD8,CD8.c03.Tm.RPS12,CD8_EffectorMemory,standard,4,RPL39,True,True,False,False
CD8,CD8.c03.Tm.RPS12,CD8_EffectorMemory,standard,5,RPL35A,True,True,False,False
CD8,CD8.c03.Tm.RPS12,CD8_EffectorMemory,standard,6,RPL28,True,True,False,False
CD8,CD8.c03.Tm.RPS12,CD8_EffectorMemory,standard,7,RPLP2,True,True,False,False
CD8,CD8.c03.Tm.RPS12,CD8_EffectorMemory,standard,8,RPL10,True,True,False,False
CD8,CD8.c03.Tm.RPS12,CD8_EffectorMemory,standard,9,RPS8,True,True,False,False
CD8,CD8.c03.Tm.RPS12,CD8_EffectorMemory,standard,10,MALAT1,False,True,True,False
CD8,CD8.c03.Tm.RPS12,CD8_EffectorMemory,standard,11,RPS27A,True,True,False,False
CD8,CD8.c03.Tm.RPS12,CD8_EffectorMemory,standard,12,RPL34,True,True,False,False
CD8,CD8.c03.Tm.RPS12,CD8_EffectorMemory,standard,13,RPL32,True,True,False,False
CD8,CD8.c03.Tm.RPS12,CD8_EffectorMemory,standard,14,RPS24,True,True,False,False
CD8,CD8.c03.Tm.RPS12,CD8_EffectorMemory,standard,15,RPS15,True,True,False,False
CD8,CD8.c03.Tm.RPS12,CD8_EffectorMemory,standard,16,RPL7A,True,True,False,False
CD8,CD8.c03.Tm.RPS12,CD8_EffectorMemory,standard,17,RPS14,True,True,False,False
CD8,CD8.c03.Tm.RPS12,CD8_EffectorMemory,standard,18,RPS13,True,True,False,False
CD8,CD8.c03.Tm.RPS12,CD8_EffectorMemory,standard,19,RPS28,True,True,False,False
CD8,CD8.c03.Tm.RPS12,CD8_EffectorMemory,standard,20,RPL19,True,True,False,False
CD8,CD8.c03.Tm.RPS12,CD8_EffectorMemory,standard,21,RPS7,True,True,False,False
CD8,CD8.c03.Tm.RPS12,CD8_EffectorMemory,standard,22,RPS25,True,True,False,False
CD8,CD8.c03.Tm.RPS12,CD8_EffectorMemory,standard,23,AC090498.1,False,True,True,False
CD8,CD8.c03.Tm.RPS12,CD8_EffectorMemory,standard,24,RPS3,True,True,False,False
CD8,CD8.c03.Tm.RPS12,CD8_EffectorMemory,standard,25,RPS21,True,True,False,False
CD8,CD8.c03.Tm.RPS12,CD8_EffectorMemory,standard,26,RPS12,True,True,False,False
CD8,CD8.c03.Tm.RPS12,CD8_EffectorMemory,standard,27,RPL18,True,True,False,False
CD8,CD8.c03.Tm.RPS12,CD8_EffectorMemory,standard,28,RPS27,True,True,False,False
CD8,CD8.c03.Tm.RPS12,CD8_EffectorMemory,standard,29,RPL11,True,True,False,False
CD8,CD8.c03.Tm.RPS12,CD8_EffectorMemory,standard,30,CCL5,False,False,False,False
CD8,CD8.c03.Tm.RPS12,CD8_EffectorMemory,standard,31,GZMK,False,False,False,True
CD8,CD8.c03.Tm.RPS12,CD8_EffectorMemory,standard,32,CCL4,False,False,False,False
CD8,CD8.c03.Tm.RPS12,CD8_EffectorMemory,standard,33,FTL,False,False,False,False
CD8,CD8.c03.Tm.RPS12,CD8_EffectorMemory,standard,34,RPL23A,True,True,False,False
CD8,CD8.c03.Tm.RPS12,CD8_EffectorMemory,standard,35,RPL36,True,True,False,False
CD8,CD8.c03.Tm.RPS12,CD8_EffectorMemory,standard,36,DNAJB1,False,False,False,False
CD8,CD8.c03.Tm.RPS12,CD8_EffectorMemory,standard,37,CCL4L2,False,False,False,False
CD8,CD8.c03.Tm.RPS12,CD8_EffectorMemory,standard,38,RPL12,True,True,False,False
CD8,CD8.c03.Tm.RPS12,CD8_EffectorMemory,standard,39,RPL18A,True,True,False,False
CD8,CD8.c03.Tm.RPS12,CD8_EffectorMemory,standard,40,RPL24,True,True,False,False
CD8,CD8.c03.Tm.RPS12,CD8_EffectorMemory,standard,41,RPS23,True,True,False,False
CD8,CD8.c03.Tm.RPS12,CD8_EffectorMemory,standard,42,RPS26,True,True,False,False
CD8,CD8.c03.Tm.RPS12,CD8_EffectorMemory,standard,43,HSPA1B,True,True,False,False
CD8,CD8.c03.Tm.RPS12,CD8_EffectorMemory,standard,44,RPS10,True,True,False,False
CD8,CD8.c03.Tm.RPS12,CD8_EffectorMemory,standard,45,CD69,False,False,False,False
CD8,CD8.c03.Tm.RPS12,CD8_EffectorMemory,standard,46,RPL14,True,True,False,False
CD8,CD8.c03.Tm.RPS12,CD8_EffectorMemory,standard,47,EEF1D,True,True,False,False
CD8,CD8.c03.Tm.RPS12,CD8_EffectorMemory,standard,48,RPS3A,True,True,False,False
CD8,CD8.c03.Tm.RPS12,CD8_EffectorMemory,standard,49,RPL31,True,True,False,False
CD8,CD8.c03.Tm.RPS12,CD8_EffectorMemory,standard,50,TXNIP,False,False,False,False
CD8,CD8.c03.Tm.RPS12,CD8_EffectorMemory,filter_only,1,CCL5,False,False,False,False
CD8,CD8.c03.Tm.RPS12,CD8_EffectorMemory,filter_only,2,GZMK,False,False,False,True
CD8,CD8.c03.Tm.RPS12,CD8_EffectorMemory,filter_only,3,CCL4,False,False,False,False
CD8,CD8.c03.Tm.RPS12,CD8_EffectorMemory,filter_only,4,CCL4L2,False,False,False,False
CD8,CD8.c03.Tm.RPS12,CD8_EffectorMemory,filter_only,5,HSPA1B,True,True,False,False
CD8,CD8.c03.Tm.RPS12,CD8_EffectorMemory,filter_only,6,HSPA6,True,True,False,False
CD8,CD8.c03.Tm.RPS12,CD8_EffectorMemory,filter_only,7,PSMD5-AS1,False,False,False,False
CD8,CD8.c03.Tm.RPS12,CD8_EffectorMemory,filter_only,8,TRBV29-1,True,True,False,False
CD8,CD8.c03.Tm.RPS12,CD8_EffectorMemory,filter_only,9,CCL3L3,False,False,False,False
CD8,CD8.c03.Tm.RPS12,CD8_EffectorMemory,filter_only,10,DSEL,False,False,False,False
CD8,CD8.c03.Tm.RPS12,CD8_EffectorMemory,filter_only,11,C4orf47,False,False,False,False
CD8,CD8.c03.Tm.RPS12,CD8_EffectorMemory,filter_only,12,NXPH4,False,False,False,False
CD8,CD8.c03.Tm.RPS12,CD8_EffectorMemory,filter_only,13,HSPA1L,True,True,False,False
CD8,CD8.c03.Tm.RPS12,CD8_EffectorMemory,filter_only,14,SPP1,False,False,False,False
CD8,CD8.c03.Tm.RPS12,CD8_EffectorMemory,regex_mask,1,CCL5,False,False,False,False
CD8,CD8.c03.Tm.RPS12,CD8_EffectorMemory,regex_mask,2,GZMK,False,False,False,True
CD8,CD8.c03.Tm.RPS12,CD8_EffectorMemory,regex_mask,3,CCL4,False,False,False,False
CD8,CD8.c03.Tm.RPS12,CD8_EffectorMemory,regex_mask,4,CCL4L2,False,False,False,False
CD8,CD8.c03.Tm.RPS12,CD8_EffectorMemory,regex_mask,5,PSMD5-AS1,False,False,False,False
CD8,CD8.c03.Tm.RPS12,CD8_EffectorMemory,regex_mask,6,CCL3L3,False,False,False,False
CD8,CD8.c03.Tm.RPS12,CD8_EffectorMemory,regex_mask,7,DSEL,False,False,False,False
CD8,CD8.c03.Tm.RPS12,CD8_EffectorMemory,regex_mask,8,C4orf47,False,False,False,False
CD8,CD8.c03.Tm.RPS12,CD8_EffectorMemory,regex_mask,9,NXPH4,False,False,False,False
CD8,CD8.c03.Tm.RPS12,CD8_EffectorMemory,regex_mask,10,SPP1,False,False,False,False
CD8,CD8.c03.Tm.RPS12,CD8_EffectorMemory,full_core,1,GZMK,False,False,False,True
CD8,CD8.c03.Tm.RPS12,CD8_EffectorMemory,full_core,2,CCL4,False,False,False,False
CD8,CD8.c03.Tm.RPS12,CD8_EffectorMemory,full_core,3,CCL4L2,False,False,False,False
CD8,CD8.c03.Tm.RPS12,CD8_EffectorMemory,full_core,4,CCL3L3,False,False,False,False
CD8,CD8.c03.Tm.RPS12,CD8_EffectorMemory,full_core,5,DSEL,False,False,False,False
CD8,CD8.c03.Tm.RPS12,CD8_EffectorMemory,full_core,6,NXPH4,False,False,False,False
CD8,CD8.c03.Tm.RPS12,CD8_EffectorMemory,full_core,7,SPP1,False,False,False,False
CD8,CD8.c04.Tm.CD52,CD8_EffectorMemory,standard,1,CD52,False,False,False,False
CD8,CD8.c04.Tm.CD52,CD8_EffectorMemory,standard,2,TXNIP,False,False,False,False
CD8,CD8.c04.Tm.CD52,CD8_EffectorMemory,standard,3,SH3BGRL3,False,True,True,False
CD8,CD8.c04.Tm.CD52,CD8_EffectorMemory,standard,4,CCL5,False,False,False,False
CD8,CD8.c04.Tm.CD52,CD8_EffectorMemory,standard,5,CD99,False,False,False,False
CD8,CD8.c04.Tm.CD52,CD8_EffectorMemory,standard,6,CD2,False,False,False,False
CD8,CD8.c04.Tm.CD52,CD8_EffectorMemory,standard,7,MALAT1,False,True,True,False
CD8,CD8.c04.Tm.CD52,CD8_EffectorMemory,standard,8,GZMH,False,False,False,False
CD8,CD8.c04.Tm.CD52,CD8_EffectorMemory,standard,9,C9orf142,False,False,False,False
CD8,CD8.c04.Tm.CD52,CD8_EffectorMemory,standard,10,S100A4,False,False,False,False
CD8,CD8.c04.Tm.CD52,CD8_EffectorMemory,standard,11,IL32,False,True,True,False
CD8,CD8.c04.Tm.CD52,CD8_EffectorMemory,standard,12,GIMAP7,False,False,False,False
CD8,CD8.c04.Tm.CD52,CD8_EffectorMemory,standard,13,ACTB,False,True,True,False
CD8,CD8.c04.Tm.CD52,CD8_EffectorMemory,standard,14,MYL12A,False,False,False,False
CD8,CD8.c04.Tm.CD52,CD8_EffectorMemory,standard,15,ZNF683,False,False,False,False
CD8,CD8.c04.Tm.CD52,CD8_EffectorMemory,standard,16,PTPRCAP,False,False,False,False
CD8,CD8.c04.Tm.CD52,CD8_EffectorMemory,standard,17,MT-ND2,True,True,False,False
CD8,CD8.c04.Tm.CD52,CD8_EffectorMemory,standard,18,PPP1R18,False,False,False,False
CD8,CD8.c04.Tm.CD52,CD8_EffectorMemory,standard,19,CD3E,False,True,True,False
CD8,CD8.c04.Tm.CD52,CD8_EffectorMemory,standard,20,TBC1D10C,False,False,False,False
CD8,CD8.c04.Tm.CD52,CD8_EffectorMemory,standard,21,EMP3,False,False,False,False
CD8,CD8.c04.Tm.CD52,CD8_EffectorMemory,standard,22,LCP2,False,False,False,False
CD8,CD8.c04.Tm.CD52,CD8_EffectorMemory,standard,23,GZMA,False,False,False,False
CD8,CD8.c04.Tm.CD52,CD8_EffectorMemory,standard,24,CLIC1,False,False,False,False
CD8,CD8.c04.Tm.CD52,CD8_EffectorMemory,standard,25,ZYX,False,False,False,False
CD8,CD8.c04.Tm.CD52,CD8_EffectorMemory,standard,26,RAC2,False,False,False,False
CD8,CD8.c04.Tm.CD52,CD8_EffectorMemory,standard,27,ACTG1,False,False,False,False
CD8,CD8.c04.Tm.CD52,CD8_EffectorMemory,standard,28,GIMAP1,False,False,False,False
CD8,CD8.c04.Tm.CD52,CD8_EffectorMemory,standard,29,TRAF3IP3,False,False,False,False
CD8,CD8.c04.Tm.CD52,CD8_EffectorMemory,standard,30,S100A6,False,False,False,False
CD8,CD8.c04.Tm.CD52,CD8_EffectorMemory,standard,31,TMSB4X,False,True,True,False
CD8,CD8.c04.Tm.CD52,CD8_EffectorMemory,standard,32,ITM2B,False,False,False,False
CD8,CD8.c04.Tm.CD52,CD8_EffectorMemory,standard,33,CTSD,False,False,False,False
CD8,CD8.c04.Tm.CD52,CD8_EffectorMemory,standard,34,HOPX,False,False,False,False
CD8,CD8.c04.Tm.CD52,CD8_EffectorMemory,standard,35,GIMAP4,False,False,False,False
CD8,CD8.c04.Tm.CD52,CD8_EffectorMemory,standard,36,MT-CYB,True,True,False,False
CD8,CD8.c04.Tm.CD52,CD8_EffectorMemory,standard,37,EVL,False,False,False,False
CD8,CD8.c04.Tm.CD52,CD8_EffectorMemory,standard,38,CISH,False,False,False,False
CD8,CD8.c04.Tm.CD52,CD8_EffectorMemory,standard,39,ACAP1,False,False,False,False
CD8,CD8.c04.Tm.CD52,CD8_EffectorMemory,standard,40,HCST,False,False,False,False
CD8,CD8.c04.Tm.CD52,CD8_EffectorMemory,standard,41,B2M,False,True,True,False
CD8,CD8.c04.Tm.CD52,CD8_EffectorMemory,standard,42,LINC00861,True,True,False,False
CD8,CD8.c04.Tm.CD52,CD8_EffectorMemory,standard,43,CD8B,False,False,False,False
CD8,CD8.c04.Tm.CD52,CD8_EffectorMemory,standard,44,IFITM2,False,False,False,False
CD8,CD8.c04.Tm.CD52,CD8_EffectorMemory,standard,45,RCSD1,False,False,False,False
CD8,CD8.c04.Tm.CD52,CD8_EffectorMemory,standard,46,MT-CO1,True,True,False,False
CD8,CD8.c04.Tm.CD52,CD8_EffectorMemory,standard,47,LAT,False,False,False,False
CD8,CD8.c04.Tm.CD52,CD8_EffectorMemory,standard,48,TRAC,False,False,False,False
CD8,CD8.c04.Tm.CD52,CD8_EffectorMemory,standard,49,PFN1,False,True,True,False
CD8,CD8.c04.Tm.CD52,CD8_EffectorMemory,standard,50,S100A10,False,False,False,False
CD8,CD8.c04.Tm.CD52,CD8_EffectorMemory,filter_only,1,CD52,False,False,False,False
CD8,CD8.c04.Tm.CD52,CD8_EffectorMemory,filter_only,2,TXNIP,False,False,False,False
CD8,CD8.c04.Tm.CD52,CD8_EffectorMemory,filter_only,3,CCL5,False,False,False,False
CD8,CD8.c04.Tm.CD52,CD8_EffectorMemory,filter_only,4,CD99,False,False,False,False
CD8,CD8.c04.Tm.CD52,CD8_EffectorMemory,filter_only,5,CD2,False,False,False,False
CD8,CD8.c04.Tm.CD52,CD8_EffectorMemory,filter_only,6,GZMH,False,False,False,False
CD8,CD8.c04.Tm.CD52,CD8_EffectorMemory,filter_only,7,C9orf142,False,False,False,False
CD8,CD8.c04.Tm.CD52,CD8_EffectorMemory,filter_only,8,S100A4,False,False,False,False
CD8,CD8.c04.Tm.CD52,CD8_EffectorMemory,filter_only,9,GIMAP7,False,False,False,False
CD8,CD8.c04.Tm.CD52,CD8_EffectorMemory,filter_only,10,ZNF683,False,False,False,False
CD8,CD8.c04.Tm.CD52,CD8_EffectorMemory,filter_only,11,PPP1R18,False,False,False,False
CD8,CD8.c04.Tm.CD52,CD8_EffectorMemory,filter_only,12,TBC1D10C,False,False,False,False
CD8,CD8.c04.Tm.CD52,CD8_EffectorMemory,filter_only,13,EMP3,False,False,False,False
CD8,CD8.c04.Tm.CD52,CD8_EffectorMemory,filter_only,14,LCP2,False,False,False,False
CD8,CD8.c04.Tm.CD52,CD8_EffectorMemory,filter_only,15,GZMA,False,False,False,False
CD8,CD8.c04.Tm.CD52,CD8_EffectorMemory,filter_only,16,ZYX,False,False,False,False
CD8,CD8.c04.Tm.CD52,CD8_EffectorMemory,filter_only,17,GIMAP1,False,False,False,False
CD8,CD8.c04.Tm.CD52,CD8_EffectorMemory,filter_only,18,TRAF3IP3,False,False,False,False
CD8,CD8.c04.Tm.CD52,CD8_EffectorMemory,filter_only,19,CTSD,False,False,False,False
CD8,CD8.c04.Tm.CD52,CD8_EffectorMemory,filter_only,20,HOPX,False,False,False,False
CD8,CD8.c04.Tm.CD52,CD8_EffectorMemory,filter_only,21,GIMAP4,False,False,False,False
CD8,CD8.c04.Tm.CD52,CD8_EffectorMemory,filter_only,22,CISH,False,False,False,False
CD8,CD8.c04.Tm.CD52,CD8_EffectorMemory,filter_only,23,ACAP1,False,False,False,False
CD8,CD8.c04.Tm.CD52,CD8_EffectorMemory,filter_only,24,LINC00861,True,True,False,False
CD8,CD8.c04.Tm.CD52,CD8_EffectorMemory,filter_only,25,IFITM2,False,False,False,False
CD8,CD8.c04.Tm.CD52,CD8_EffectorMemory,filter_only,26,RCSD1,False,False,False,False
CD8,CD8.c04.Tm.CD52,CD8_EffectorMemory,filter_only,27,LAT,False,False,False,False
CD8,CD8.c04.Tm.CD52,CD8_EffectorMemory,filter_only,28,TRAC,False,False,False,False
CD8,CD8.c04.Tm.CD52,CD8_EffectorMemory,filter_only,29,SIT1,False,False,False,False
CD8,CD8.c04.Tm.CD52,CD8_EffectorMemory,filter_only,30,APBB1IP,False,False,False,False
CD8,CD8.c04.Tm.CD52,CD8_EffectorMemory,filter_only,31,ITM2C,False,False,False,False
CD8,CD8.c04.Tm.CD52,CD8_EffectorMemory,filter_only,32,N4BP2L2,False,False,False,False
CD8,CD8.c04.Tm.CD52,CD8_EffectorMemory,filter_only,33,CCL4,False,False,False,False
CD8,CD8.c04.Tm.CD52,CD8_EffectorMemory,filter_only,34,GIMAP2,False,False,False,False
CD8,CD8.c04.Tm.CD52,CD8_EffectorMemory,filter_only,35,PPP1CA,False,False,False,False
CD8,CD8.c04.Tm.CD52,CD8_EffectorMemory,filter_only,36,THEMIS,False,False,False,False
CD8,CD8.c04.Tm.CD52,CD8_EffectorMemory,filter_only,37,TBC1D5,False,False,False,False
CD8,CD8.c04.Tm.CD52,CD8_EffectorMemory,filter_only,38,C12orf75,False,False,False,False
CD8,CD8.c04.Tm.CD52,CD8_EffectorMemory,filter_only,39,LGALS1,False,False,False,False
CD8,CD8.c04.Tm.CD52,CD8_EffectorMemory,filter_only,40,LIME1,False,False,False,False
CD8,CD8.c04.Tm.CD52,CD8_EffectorMemory,filter_only,41,TC2N,False,False,False,False
CD8,CD8.c04.Tm.CD52,CD8_EffectorMemory,filter_only,42,SCML4,False,False,False,False
CD8,CD8.c04.Tm.CD52,CD8_EffectorMemory,filter_only,43,CCL4L2,False,False,False,False
CD8,CD8.c04.Tm.CD52,CD8_EffectorMemory,filter_only,44,MMP25-AS1,False,False,False,False
CD8,CD8.c04.Tm.CD52,CD8_EffectorMemory,filter_only,45,XCL2,False,False,False,False
CD8,CD8.c04.Tm.CD52,CD8_EffectorMemory,filter_only,46,LUC7L3,False,False,False,False
CD8,CD8.c04.Tm.CD52,CD8_EffectorMemory,filter_only,47,SAMD3,False,False,False,False
CD8,CD8.c04.Tm.CD52,CD8_EffectorMemory,filter_only,48,ATP2B4,False,False,False,False
CD8,CD8.c04.Tm.CD52,CD8_EffectorMemory,filter_only,49,SYTL1,False,False,False,False
CD8,CD8.c04.Tm.CD52,CD8_EffectorMemory,filter_only,50,IKZF3,False,False,False,False
CD8,CD8.c04.Tm.CD52,CD8_EffectorMemory,regex_mask,1,CD52,False,False,False,False
CD8,CD8.c04.Tm.CD52,CD8_EffectorMemory,regex_mask,2,TXNIP,False,False,False,False
CD8,CD8.c04.Tm.CD52,CD8_EffectorMemory,regex_mask,3,CCL5,False,False,False,False
CD8,CD8.c04.Tm.CD52,CD8_EffectorMemory,regex_mask,4,CD99,False,False,False,False
CD8,CD8.c04.Tm.CD52,CD8_EffectorMemory,regex_mask,5,CD2,False,False,False,False
CD8,CD8.c04.Tm.CD52,CD8_EffectorMemory,regex_mask,6,GZMH,False,False,False,False
CD8,CD8.c04.Tm.CD52,CD8_EffectorMemory,regex_mask,7,C9orf142,False,False,False,False
CD8,CD8.c04.Tm.CD52,CD8_EffectorMemory,regex_mask,8,S100A4,False,False,False,False
CD8,CD8.c04.Tm.CD52,CD8_EffectorMemory,regex_mask,9,GIMAP7,False,False,False,False
CD8,CD8.c04.Tm.CD52,CD8_EffectorMemory,regex_mask,10,ZNF683,False,False,False,False
CD8,CD8.c04.Tm.CD52,CD8_EffectorMemory,regex_mask,11,PPP1R18,False,False,False,False
CD8,CD8.c04.Tm.CD52,CD8_EffectorMemory,regex_mask,12,TBC1D10C,False,False,False,False
CD8,CD8.c04.Tm.CD52,CD8_EffectorMemory,regex_mask,13,EMP3,False,False,False,False
CD8,CD8.c04.Tm.CD52,CD8_EffectorMemory,regex_mask,14,LCP2,False,False,False,False
CD8,CD8.c04.Tm.CD52,CD8_EffectorMemory,regex_mask,15,GZMA,False,False,False,False
CD8,CD8.c04.Tm.CD52,CD8_EffectorMemory,regex_mask,16,ZYX,False,False,False,False
CD8,CD8.c04.Tm.CD52,CD8_EffectorMemory,regex_mask,17,GIMAP1,False,False,False,False
CD8,CD8.c04.Tm.CD52,CD8_EffectorMemory,regex_mask,18,TRAF3IP3,False,False,False,False
CD8,CD8.c04.Tm.CD52,CD8_EffectorMemory,regex_mask,19,CTSD,False,False,False,False
CD8,CD8.c04.Tm.CD52,CD8_EffectorMemory,regex_mask,20,HOPX,False,False,False,False
CD8,CD8.c04.Tm.CD52,CD8_EffectorMemory,regex_mask,21,GIMAP4,False,False,False,False
CD8,CD8.c04.Tm.CD52,CD8_EffectorMemory,regex_mask,22,CISH,False,False,False,False
CD8,CD8.c04.Tm.CD52,CD8_EffectorMemory,regex_mask,23,ACAP1,False,False,False,False
CD8,CD8.c04.Tm.CD52,CD8_EffectorMemory,regex_mask,24,IFITM2,False,False,False,False
CD8,CD8.c04.Tm.CD52,CD8_EffectorMemory,regex_mask,25,RCSD1,False,False,False,False
CD8,CD8.c04.Tm.CD52,CD8_EffectorMemory,regex_mask,26,LAT,False,False,False,False
CD8,CD8.c04.Tm.CD52,CD8_EffectorMemory,regex_mask,27,TRAC,False,False,False,False
CD8,CD8.c04.Tm.CD52,CD8_EffectorMemory,regex_mask,28,SIT1,False,False,False,False
CD8,CD8.c04.Tm.CD52,CD8_EffectorMemory,regex_mask,29,APBB1IP,False,False,False,False
CD8,CD8.c04.Tm.CD52,CD8_EffectorMemory,regex_mask,30,ITM2C,False,False,False,False
CD8,CD8.c04.Tm.CD52,CD8_EffectorMemory,regex_mask,31,N4BP2L2,False,False,False,False
CD8,CD8.c04.Tm.CD52,CD8_EffectorMemory,regex_mask,32,CCL4,False,False,False,False
CD8,CD8.c04.Tm.CD52,CD8_EffectorMemory,regex_mask,33,GIMAP2,False,False,False,False
CD8,CD8.c04.Tm.CD52,CD8_EffectorMemory,regex_mask,34,PPP1CA,False,False,False,False
CD8,CD8.c04.Tm.CD52,CD8_EffectorMemory,regex_mask,35,THEMIS,False,False,False,False
CD8,CD8.c04.Tm.CD52,CD8_EffectorMemory,regex_mask,36,TBC1D5,False,False,False,False
CD8,CD8.c04.Tm.CD52,CD8_EffectorMemory,regex_mask,37,C12orf75,False,False,False,False
CD8,CD8.c04.Tm.CD52,CD8_EffectorMemory,regex_mask,38,LGALS1,False,False,False,False
CD8,CD8.c04.Tm.CD52,CD8_EffectorMemory,regex_mask,39,LIME1,False,False,False,False
CD8,CD8.c04.Tm.CD52,CD8_EffectorMemory,regex_mask,40,TC2N,False,False,False,False
CD8,CD8.c04.Tm.CD52,CD8_EffectorMemory,regex_mask,41,SCML4,False,False,False,False
CD8,CD8.c04.Tm.CD52,CD8_EffectorMemory,regex_mask,42,CCL4L2,False,False,False,False
CD8,CD8.c04.Tm.CD52,CD8_EffectorMemory,regex_mask,43,MMP25-AS1,False,False,False,False
CD8,CD8.c04.Tm.CD52,CD8_EffectorMemory,regex_mask,44,XCL2,False,False,False,False
CD8,CD8.c04.Tm.CD52,CD8_EffectorMemory,regex_mask,45,LUC7L3,False,False,False,False
CD8,CD8.c04.Tm.CD52,CD8_EffectorMemory,regex_mask,46,SAMD3,False,False,False,False
CD8,CD8.c04.Tm.CD52,CD8_EffectorMemory,regex_mask,47,ATP2B4,False,False,False,False
CD8,CD8.c04.Tm.CD52,CD8_EffectorMemory,regex_mask,48,SYTL1,False,False,False,False
CD8,CD8.c04.Tm.CD52,CD8_EffectorMemory,regex_mask,49,IKZF3,False,False,False,False
CD8,CD8.c04.Tm.CD52,CD8_EffectorMemory,regex_mask,50,PLEKHJ1,False,False,False,False
CD8,CD8.c04.Tm.CD52,CD8_EffectorMemory,full_core,1,TXNIP,False,False,False,False
CD8,CD8.c04.Tm.CD52,CD8_EffectorMemory,full_core,2,GZMH,False,False,False,False
CD8,CD8.c04.Tm.CD52,CD8_EffectorMemory,full_core,3,S100A4,False,False,False,False
CD8,CD8.c04.Tm.CD52,CD8_EffectorMemory,full_core,4,ZNF683,False,False,False,False
CD8,CD8.c04.Tm.CD52,CD8_EffectorMemory,full_core,5,GZMA,False,False,False,False
CD8,CD8.c04.Tm.CD52,CD8_EffectorMemory,full_core,6,HOPX,False,False,False,False
CD8,CD8.c04.Tm.CD52,CD8_EffectorMemory,full_core,7,CISH,False,False,False,False
CD8,CD8.c04.Tm.CD52,CD8_EffectorMemory,full_core,8,TRAC,False,False,False,False
CD8,CD8.c04.Tm.CD52,CD8_EffectorMemory,full_core,9,ITM2C,False,False,False,False
CD8,CD8.c04.Tm.CD52,CD8_EffectorMemory,full_core,10,CCL4,False,False,False,False
CD8,CD8.c04.Tm.CD52,CD8_EffectorMemory,full_core,11,PPP1CA,False,False,False,False
CD8,CD8.c04.Tm.CD52,CD8_EffectorMemory,full_core,12,C12orf75,False,False,False,False
CD8,CD8.c04.Tm.CD52,CD8_EffectorMemory,full_core,13,LGALS1,False,False,False,False
CD8,CD8.c04.Tm.CD52,CD8_EffectorMemory,full_core,14,CCL4L2,False,False,False,False
CD8,CD8.c04.Tm.CD52,CD8_EffectorMemory,full_core,15,XCL2,False,False,False,False
CD8,CD8.c04.Tm.CD52,CD8_EffectorMemory,full_core,16,CXCR3,False,False,False,False
CD8,CD8.c04.Tm.CD52,CD8_EffectorMemory,full_core,17,APOBEC3H,False,False,False,False
CD8,CD8.c04.Tm.CD52,CD8_EffectorMemory,full_core,18,NKG7,False,False,False,False
CD8,CD8.c04.Tm.CD52,CD8_EffectorMemory,full_core,19,TNF,False,False,False,False
CD8,CD8.c04.Tm.CD52,CD8_EffectorMemory,full_core,20,FCRL6,False,False,False,False
CD8,CD8.c04.Tm.CD52,CD8_EffectorMemory,full_core,21,EOMES,False,False,False,False
CD8,CD8.c04.Tm.CD52,CD8_EffectorMemory,full_core,22,KLRD1,False,False,False,False
CD8,CD8.c04.Tm.CD52,CD8_EffectorMemory,full_core,23,XCL1,False,False,False,False
CD8,CD8.c04.Tm.CD52,CD8_EffectorMemory,full_core,24,MYBL1,False,False,False,False
CD8,CD8.c04.Tm.CD52,CD8_EffectorMemory,full_core,25,DUSP6,False,False,False,False
CD8,CD8.c04.Tm.CD52,CD8_EffectorMemory,full_core,26,TRGC2,False,False,False,False
CD8,CD8.c04.Tm.CD52,CD8_EffectorMemory,full_core,27,FASLG,False,False,False,False
CD8,CD8.c04.Tm.CD52,CD8_EffectorMemory,full_core,28,KCNQ1OT1,False,False,False,False
CD8,CD8.c04.Tm.CD52,CD8_EffectorMemory,full_core,29,MS4A1,False,False,False,False
CD8,CD8.c04.Tm.CD52,CD8_EffectorMemory,full_core,30,FGFBP2,False,False,False,False
CD8,CD8.c04.Tm.CD52,CD8_EffectorMemory,full_core,31,CES1,False,False,False,False
CD8,CD8.c04.Tm.CD52,CD8_EffectorMemory,full_core,32,CD9,False,False,False,False
CD8,CD8.c05.Tem.CXCR5,CD8_EffectorMemory,standard,1,GZMK,False,False,False,True
CD8,CD8.c05.Tem.CXCR5,CD8_EffectorMemory,standard,2,CST7,False,False,False,False
CD8,CD8.c05.Tem.CXCR5,CD8_EffectorMemory,standard,3,DUSP2,False,False,False,True
CD8,CD8.c05.Tem.CXCR5,CD8_EffectorMemory,standard,4,CD74,False,False,False,False
CD8,CD8.c05.Tem.CXCR5,CD8_EffectorMemory,standard,5,CXCR4,False,False,False,True
CD8,CD8.c05.Tem.CXCR5,CD8_EffectorMemory,standard,6,RPL13,True,True,False,False
CD8,CD8.c05.Tem.CXCR5,CD8_EffectorMemory,standard,7,CMC1,False,False,False,False
CD8,CD8.c05.Tem.CXCR5,CD8_EffectorMemory,standard,8,RPL23A,True,True,False,False
CD8,CD8.c05.Tem.CXCR5,CD8_EffectorMemory,standard,9,YPEL5,False,False,False,False
CD8,CD8.c05.Tem.CXCR5,CD8_EffectorMemory,standard,10,TUBA4A,False,False,False,False
CD8,CD8.c05.Tem.CXCR5,CD8_EffectorMemory,standard,11,RPS15A,True,True,False,False
CD8,CD8.c05.Tem.CXCR5,CD8_EffectorMemory,standard,12,CLDND1,False,False,False,False
CD8,CD8.c05.Tem.CXCR5,CD8_EffectorMemory,standard,13,H3F3B,False,True,True,False
CD8,CD8.c05.Tem.CXCR5,CD8_EffectorMemory,standard,14,GZMM,False,False,False,False
CD8,CD8.c05.Tem.CXCR5,CD8_EffectorMemory,standard,15,CD44,False,False,False,False
CD8,CD8.c05.Tem.CXCR5,CD8_EffectorMemory,standard,16,SH2D1A,False,False,False,False
CD8,CD8.c05.Tem.CXCR5,CD8_EffectorMemory,standard,17,EIF1,True,True,False,False
CD8,CD8.c05.Tem.CXCR5,CD8_EffectorMemory,standard,18,RPS25,True,True,False,False
CD8,CD8.c05.Tem.CXCR5,CD8_EffectorMemory,standard,19,NR4A2,False,False,False,False
CD8,CD8.c05.Tem.CXCR5,CD8_EffectorMemory,standard,20,BTG1,False,True,True,False
CD8,CD8.c05.Tem.CXCR5,CD8_EffectorMemory,standard,21,DNAJB1,False,False,False,False
CD8,CD8.c05.Tem.CXCR5,CD8_EffectorMemory,standard,22,MARCKSL1,False,False,False,False
CD8,CD8.c05.Tem.CXCR5,CD8_EffectorMemory,standard,23,HLA-DQA1,False,False,False,False
CD8,CD8.c05.Tem.CXCR5,CD8_EffectorMemory,standard,24,KLRG1,False,False,False,False
CD8,CD8.c05.Tem.CXCR5,CD8_EffectorMemory,standard,25,TRAT1,False,False,False,False
CD8,CD8.c05.Tem.CXCR5,CD8_EffectorMemory,standard,26,RNF19A,False,False,False,False
CD8,CD8.c05.Tem.CXCR5,CD8_EffectorMemory,standard,27,RPL28,True,True,False,False
CD8,CD8.c05.Tem.CXCR5,CD8_EffectorMemory,standard,28,HLA-DPA1,False,False,False,False
CD8,CD8.c05.Tem.CXCR5,CD8_EffectorMemory,standard,29,CCL4,False,False,False,False
CD8,CD8.c05.Tem.CXCR5,CD8_EffectorMemory,standard,30,PIK3R1,False,False,False,False
CD8,CD8.c05.Tem.CXCR5,CD8_EffectorMemory,standard,31,ENC1,False,False,False,False
CD8,CD8.c05.Tem.CXCR5,CD8_EffectorMemory,standard,32,RPL3,True,True,False,False
CD8,CD8.c05.Tem.CXCR5,CD8_EffectorMemory,standard,33,HLA-DPB1,False,False,False,False
CD8,CD8.c05.Tem.CXCR5,CD8_EffectorMemory,standard,34,HLA-A,True,True,False,False
CD8,CD8.c05.Tem.CXCR5,CD8_EffectorMemory,standard,35,CRTAM,False,False,False,False
CD8,CD8.c05.Tem.CXCR5,CD8_EffectorMemory,standard,36,RPL10,True,True,False,False
CD8,CD8.c05.Tem.CXCR5,CD8_EffectorMemory,standard,37,DNAJA1,False,False,False,False
CD8,CD8.c05.Tem.CXCR5,CD8_EffectorMemory,standard,38,BRD2,False,False,False,False
CD8,CD8.c05.Tem.CXCR5,CD8_EffectorMemory,standard,39,RPS3,True,True,False,False
CD8,CD8.c05.Tem.CXCR5,CD8_EffectorMemory,standard,40,HLA-DRB1,False,False,False,False
CD8,CD8.c05.Tem.CXCR5,CD8_EffectorMemory,standard,41,NFATC2,False,False,False,False
CD8,CD8.c05.Tem.CXCR5,CD8_EffectorMemory,standard,42,FOSB,True,True,False,False
CD8,CD8.c05.Tem.CXCR5,CD8_EffectorMemory,standard,43,AMD1,False,False,False,False
CD8,CD8.c05.Tem.CXCR5,CD8_EffectorMemory,standard,44,CD5,False,False,False,False
CD8,CD8.c05.Tem.CXCR5,CD8_EffectorMemory,standard,45,GZMA,False,False,False,False
CD8,CD8.c05.Tem.CXCR5,CD8_EffectorMemory,standard,46,TMEM2,False,False,False,False
CD8,CD8.c05.Tem.CXCR5,CD8_EffectorMemory,standard,47,TC2N,False,False,False,False
CD8,CD8.c05.Tem.CXCR5,CD8_EffectorMemory,standard,48,RPL27A,True,True,False,False
CD8,CD8.c05.Tem.CXCR5,CD8_EffectorMemory,standard,49,CALM2,False,False,False,False
CD8,CD8.c05.Tem.CXCR5,CD8_EffectorMemory,standard,50,TNFSF9,False,False,False,False
CD8,CD8.c05.Tem.CXCR5,CD8_EffectorMemory,filter_only,1,GZMK,False,False,False,True
CD8,CD8.c05.Tem.CXCR5,CD8_EffectorMemory,filter_only,2,CST7,False,False,False,False
CD8,CD8.c05.Tem.CXCR5,CD8_EffectorMemory,filter_only,3,DUSP2,False,False,False,True
CD8,CD8.c05.Tem.CXCR5,CD8_EffectorMemory,filter_only,4,CD74,False,False,False,False
CD8,CD8.c05.Tem.CXCR5,CD8_EffectorMemory,filter_only,5,CXCR4,False,False,False,True
CD8,CD8.c05.Tem.CXCR5,CD8_EffectorMemory,filter_only,6,CMC1,False,False,False,False
CD8,CD8.c05.Tem.CXCR5,CD8_EffectorMemory,filter_only,7,YPEL5,False,False,False,False
CD8,CD8.c05.Tem.CXCR5,CD8_EffectorMemory,filter_only,8,TUBA4A,False,False,False,False
CD8,CD8.c05.Tem.CXCR5,CD8_EffectorMemory,filter_only,9,CLDND1,False,False,False,False
CD8,CD8.c05.Tem.CXCR5,CD8_EffectorMemory,filter_only,10,GZMM,False,False,False,False
CD8,CD8.c05.Tem.CXCR5,CD8_EffectorMemory,filter_only,11,CD44,False,False,False,False
CD8,CD8.c05.Tem.CXCR5,CD8_EffectorMemory,filter_only,12,SH2D1A,False,False,False,False
CD8,CD8.c05.Tem.CXCR5,CD8_EffectorMemory,filter_only,13,NR4A2,False,False,False,False
CD8,CD8.c05.Tem.CXCR5,CD8_EffectorMemory,filter_only,14,DNAJB1,False,False,False,False
CD8,CD8.c05.Tem.CXCR5,CD8_EffectorMemory,filter_only,15,MARCKSL1,False,False,False,False
CD8,CD8.c05.Tem.CXCR5,CD8_EffectorMemory,filter_only,16,HLA-DQA1,False,False,False,False
CD8,CD8.c05.Tem.CXCR5,CD8_EffectorMemory,filter_only,17,KLRG1,False,False,False,False
CD8,CD8.c05.Tem.CXCR5,CD8_EffectorMemory,filter_only,18,TRAT1,False,False,False,False
CD8,CD8.c05.Tem.CXCR5,CD8_EffectorMemory,filter_only,19,RNF19A,False,False,False,False
CD8,CD8.c05.Tem.CXCR5,CD8_EffectorMemory,filter_only,20,HLA-DPA1,False,False,False,False
CD8,CD8.c05.Tem.CXCR5,CD8_EffectorMemory,filter_only,21,CCL4,False,False,False,False
CD8,CD8.c05.Tem.CXCR5,CD8_EffectorMemory,filter_only,22,PIK3R1,False,False,False,False
CD8,CD8.c05.Tem.CXCR5,CD8_EffectorMemory,filter_only,23,ENC1,False,False,False,False
CD8,CD8.c05.Tem.CXCR5,CD8_EffectorMemory,filter_only,24,HLA-DPB1,False,False,False,False
CD8,CD8.c05.Tem.CXCR5,CD8_EffectorMemory,filter_only,25,CRTAM,False,False,False,False
CD8,CD8.c05.Tem.CXCR5,CD8_EffectorMemory,filter_only,26,DNAJA1,False,False,False,False
CD8,CD8.c05.Tem.CXCR5,CD8_EffectorMemory,filter_only,27,BRD2,False,False,False,False
CD8,CD8.c05.Tem.CXCR5,CD8_EffectorMemory,filter_only,28,HLA-DRB1,False,False,False,False
CD8,CD8.c05.Tem.CXCR5,CD8_EffectorMemory,filter_only,29,NFATC2,False,False,False,False
CD8,CD8.c05.Tem.CXCR5,CD8_EffectorMemory,filter_only,30,FOSB,True,True,False,False
CD8,CD8.c05.Tem.CXCR5,CD8_EffectorMemory,filter_only,31,AMD1,False,False,False,False
CD8,CD8.c05.Tem.CXCR5,CD8_EffectorMemory,filter_only,32,CD5,False,False,False,False
CD8,CD8.c05.Tem.CXCR5,CD8_EffectorMemory,filter_only,33,GZMA,False,False,False,False
CD8,CD8.c05.Tem.CXCR5,CD8_EffectorMemory,filter_only,34,TMEM2,False,False,False,False
CD8,CD8.c05.Tem.CXCR5,CD8_EffectorMemory,filter_only,35,TC2N,False,False,False,False
CD8,CD8.c05.Tem.CXCR5,CD8_EffectorMemory,filter_only,36,RPL27A,True,True,False,False
CD8,CD8.c05.Tem.CXCR5,CD8_EffectorMemory,filter_only,37,CALM2,False,False,False,False
CD8,CD8.c05.Tem.CXCR5,CD8_EffectorMemory,filter_only,38,TNFSF9,False,False,False,False
CD8,CD8.c05.Tem.CXCR5,CD8_EffectorMemory,filter_only,39,COTL1,False,False,False,False
CD8,CD8.c05.Tem.CXCR5,CD8_EffectorMemory,filter_only,40,ITM2C,False,False,False,False
CD8,CD8.c05.Tem.CXCR5,CD8_EffectorMemory,filter_only,41,OAZ1,False,False,False,False
CD8,CD8.c05.Tem.CXCR5,CD8_EffectorMemory,filter_only,42,ITM2A,False,False,False,False
CD8,CD8.c05.Tem.CXCR5,CD8_EffectorMemory,filter_only,43,MAP1LC3B,False,False,False,False
CD8,CD8.c05.Tem.CXCR5,CD8_EffectorMemory,filter_only,44,SARAF,False,False,False,False
CD8,CD8.c05.Tem.CXCR5,CD8_EffectorMemory,filter_only,45,GPR183,False,False,False,False
CD8,CD8.c05.Tem.CXCR5,CD8_EffectorMemory,filter_only,46,PNRC1,False,False,False,False
CD8,CD8.c05.Tem.CXCR5,CD8_EffectorMemory,filter_only,47,CD27,False,False,False,False
CD8,CD8.c05.Tem.CXCR5,CD8_EffectorMemory,filter_only,48,AOAH,False,False,False,False
CD8,CD8.c05.Tem.CXCR5,CD8_EffectorMemory,filter_only,49,MYADM,False,False,False,False
CD8,CD8.c05.Tem.CXCR5,CD8_EffectorMemory,filter_only,50,RGCC,False,False,False,False
CD8,CD8.c05.Tem.CXCR5,CD8_EffectorMemory,regex_mask,1,GZMK,False,False,False,True
CD8,CD8.c05.Tem.CXCR5,CD8_EffectorMemory,regex_mask,2,CST7,False,False,False,False
CD8,CD8.c05.Tem.CXCR5,CD8_EffectorMemory,regex_mask,3,DUSP2,False,False,False,True
CD8,CD8.c05.Tem.CXCR5,CD8_EffectorMemory,regex_mask,4,CD74,False,False,False,False
CD8,CD8.c05.Tem.CXCR5,CD8_EffectorMemory,regex_mask,5,CXCR4,False,False,False,True
CD8,CD8.c05.Tem.CXCR5,CD8_EffectorMemory,regex_mask,6,CMC1,False,False,False,False
CD8,CD8.c05.Tem.CXCR5,CD8_EffectorMemory,regex_mask,7,YPEL5,False,False,False,False
CD8,CD8.c05.Tem.CXCR5,CD8_EffectorMemory,regex_mask,8,TUBA4A,False,False,False,False
CD8,CD8.c05.Tem.CXCR5,CD8_EffectorMemory,regex_mask,9,CLDND1,False,False,False,False
CD8,CD8.c05.Tem.CXCR5,CD8_EffectorMemory,regex_mask,10,GZMM,False,False,False,False
CD8,CD8.c05.Tem.CXCR5,CD8_EffectorMemory,regex_mask,11,CD44,False,False,False,False
CD8,CD8.c05.Tem.CXCR5,CD8_EffectorMemory,regex_mask,12,SH2D1A,False,False,False,False
CD8,CD8.c05.Tem.CXCR5,CD8_EffectorMemory,regex_mask,13,NR4A2,False,False,False,False
CD8,CD8.c05.Tem.CXCR5,CD8_EffectorMemory,regex_mask,14,DNAJB1,False,False,False,False
CD8,CD8.c05.Tem.CXCR5,CD8_EffectorMemory,regex_mask,15,MARCKSL1,False,False,False,False
CD8,CD8.c05.Tem.CXCR5,CD8_EffectorMemory,regex_mask,16,HLA-DQA1,False,False,False,False
CD8,CD8.c05.Tem.CXCR5,CD8_EffectorMemory,regex_mask,17,KLRG1,False,False,False,False
CD8,CD8.c05.Tem.CXCR5,CD8_EffectorMemory,regex_mask,18,TRAT1,False,False,False,False
CD8,CD8.c05.Tem.CXCR5,CD8_EffectorMemory,regex_mask,19,RNF19A,False,False,False,False
CD8,CD8.c05.Tem.CXCR5,CD8_EffectorMemory,regex_mask,20,HLA-DPA1,False,False,False,False
CD8,CD8.c05.Tem.CXCR5,CD8_EffectorMemory,regex_mask,21,CCL4,False,False,False,False
CD8,CD8.c05.Tem.CXCR5,CD8_EffectorMemory,regex_mask,22,PIK3R1,False,False,False,False
CD8,CD8.c05.Tem.CXCR5,CD8_EffectorMemory,regex_mask,23,ENC1,False,False,False,False
CD8,CD8.c05.Tem.CXCR5,CD8_EffectorMemory,regex_mask,24,HLA-DPB1,False,False,False,False
CD8,CD8.c05.Tem.CXCR5,CD8_EffectorMemory,regex_mask,25,CRTAM,False,False,False,False
CD8,CD8.c05.Tem.CXCR5,CD8_EffectorMemory,regex_mask,26,DNAJA1,False,False,False,False
CD8,CD8.c05.Tem.CXCR5,CD8_EffectorMemory,regex_mask,27,BRD2,False,False,False,False
CD8,CD8.c05.Tem.CXCR5,CD8_EffectorMemory,regex_mask,28,HLA-DRB1,False,False,False,False
CD8,CD8.c05.Tem.CXCR5,CD8_EffectorMemory,regex_mask,29,NFATC2,False,False,False,False
CD8,CD8.c05.Tem.CXCR5,CD8_EffectorMemory,regex_mask,30,AMD1,False,False,False,False
CD8,CD8.c05.Tem.CXCR5,CD8_EffectorMemory,regex_mask,31,CD5,False,False,False,False
CD8,CD8.c05.Tem.CXCR5,CD8_EffectorMemory,regex_mask,32,GZMA,False,False,False,False
CD8,CD8.c05.Tem.CXCR5,CD8_EffectorMemory,regex_mask,33,TMEM2,False,False,False,False
CD8,CD8.c05.Tem.CXCR5,CD8_EffectorMemory,regex_mask,34,TC2N,False,False,False,False
CD8,CD8.c05.Tem.CXCR5,CD8_EffectorMemory,regex_mask,35,CALM2,False,False,False,False
CD8,CD8.c05.Tem.CXCR5,CD8_EffectorMemory,regex_mask,36,TNFSF9,False,False,False,False
CD8,CD8.c05.Tem.CXCR5,CD8_EffectorMemory,regex_mask,37,COTL1,False,False,False,False
CD8,CD8.c05.Tem.CXCR5,CD8_EffectorMemory,regex_mask,38,ITM2C,False,False,False,False
CD8,CD8.c05.Tem.CXCR5,CD8_EffectorMemory,regex_mask,39,OAZ1,False,False,False,False
CD8,CD8.c05.Tem.CXCR5,CD8_EffectorMemory,regex_mask,40,ITM2A,False,False,False,False
CD8,CD8.c05.Tem.CXCR5,CD8_EffectorMemory,regex_mask,41,MAP1LC3B,False,False,False,False
CD8,CD8.c05.Tem.CXCR5,CD8_EffectorMemory,regex_mask,42,SARAF,False,False,False,False
CD8,CD8.c05.Tem.CXCR5,CD8_EffectorMemory,regex_mask,43,GPR183,False,False,False,False
CD8,CD8.c05.Tem.CXCR5,CD8_EffectorMemory,regex_mask,44,PNRC1,False,False,False,False
CD8,CD8.c05.Tem.CXCR5,CD8_EffectorMemory,regex_mask,45,CD27,False,False,False,False
CD8,CD8.c05.Tem.CXCR5,CD8_EffectorMemory,regex_mask,46,AOAH,False,False,False,False
CD8,CD8.c05.Tem.CXCR5,CD8_EffectorMemory,regex_mask,47,MYADM,False,False,False,False
CD8,CD8.c05.Tem.CXCR5,CD8_EffectorMemory,regex_mask,48,RGCC,False,False,False,False
CD8,CD8.c05.Tem.CXCR5,CD8_EffectorMemory,regex_mask,49,DKK3,False,False,False,False
CD8,CD8.c05.Tem.CXCR5,CD8_EffectorMemory,regex_mask,50,EOMES,False,False,False,False
CD8,CD8.c05.Tem.CXCR5,CD8_EffectorMemory,full_core,1,GZMK,False,False,False,True
CD8,CD8.c05.Tem.CXCR5,CD8_EffectorMemory,full_core,2,CD74,False,False,False,False
CD8,CD8.c05.Tem.CXCR5,CD8_EffectorMemory,full_core,3,CMC1,False,False,False,False
CD8,CD8.c05.Tem.CXCR5,CD8_EffectorMemory,full_core,4,TUBA4A,False,False,False,False
CD8,CD8.c05.Tem.CXCR5,CD8_EffectorMemory,full_core,5,SH2D1A,False,False,False,False
CD8,CD8.c05.Tem.CXCR5,CD8_EffectorMemory,full_core,6,NR4A2,False,False,False,False
CD8,CD8.c05.Tem.CXCR5,CD8_EffectorMemory,full_core,7,DNAJB1,False,False,False,False
CD8,CD8.c05.Tem.CXCR5,CD8_EffectorMemory,full_core,8,MARCKSL1,False,False,False,False
CD8,CD8.c05.Tem.CXCR5,CD8_EffectorMemory,full_core,9,HLA-DQA1,False,False,False,False
CD8,CD8.c05.Tem.CXCR5,CD8_EffectorMemory,full_core,10,KLRG1,False,False,False,False
CD8,CD8.c05.Tem.CXCR5,CD8_EffectorMemory,full_core,11,HLA-DPA1,False,False,False,False
CD8,CD8.c05.Tem.CXCR5,CD8_EffectorMemory,full_core,12,CCL4,False,False,False,False
CD8,CD8.c05.Tem.CXCR5,CD8_EffectorMemory,full_core,13,ENC1,False,False,False,False
CD8,CD8.c05.Tem.CXCR5,CD8_EffectorMemory,full_core,14,CRTAM,False,False,False,False
CD8,CD8.c05.Tem.CXCR5,CD8_EffectorMemory,full_core,15,DNAJA1,False,False,False,False
CD8,CD8.c05.Tem.CXCR5,CD8_EffectorMemory,full_core,16,HLA-DRB1,False,False,False,False
CD8,CD8.c05.Tem.CXCR5,CD8_EffectorMemory,full_core,17,GZMA,False,False,False,False
CD8,CD8.c05.Tem.CXCR5,CD8_EffectorMemory,full_core,18,TNFSF9,False,False,False,False
CD8,CD8.c05.Tem.CXCR5,CD8_EffectorMemory,full_core,19,COTL1,False,False,False,False
CD8,CD8.c05.Tem.CXCR5,CD8_EffectorMemory,full_core,20,ITM2C,False,False,False,False
CD8,CD8.c05.Tem.CXCR5,CD8_EffectorMemory,full_core,21,ITM2A,False,False,False,False
CD8,CD8.c05.Tem.CXCR5,CD8_EffectorMemory,full_core,22,GPR183,False,False,False,False
CD8,CD8.c05.Tem.CXCR5,CD8_EffectorMemory,full_core,23,CD27,False,False,False,False
CD8,CD8.c05.Tem.CXCR5,CD8_EffectorMemory,full_core,24,MYADM,False,False,False,False
CD8,CD8.c05.Tem.CXCR5,CD8_EffectorMemory,full_core,25,RGCC,False,False,False,False
CD8,CD8.c05.Tem.CXCR5,CD8_EffectorMemory,full_core,26,DKK3,False,False,False,False
CD8,CD8.c05.Tem.CXCR5,CD8_EffectorMemory,full_core,27,EOMES,False,False,False,False
CD8,CD8.c05.Tem.CXCR5,CD8_EffectorMemory,full_core,28,DUSP1,False,False,False,False
CD8,CD8.c05.Tem.CXCR5,CD8_EffectorMemory,full_core,29,NEU1,False,False,False,False
CD8,CD8.c05.Tem.CXCR5,CD8_EffectorMemory,full_core,30,CNN2,False,False,False,False
CD8,CD8.c05.Tem.CXCR5,CD8_EffectorMemory,full_core,31,CCR7,False,False,False,False
CD8,CD8.c05.Tem.CXCR5,CD8_EffectorMemory,full_core,32,DTHD1,False,False,False,False
CD8,CD8.c05.Tem.CXCR5,CD8_EffectorMemory,full_core,33,NR4A3,False,False,False,False
CD8,CD8.c05.Tem.CXCR5,CD8_EffectorMemory,full_core,34,HLA-DRA,False,False,False,False
CD8,CD8.c05.Tem.CXCR5,CD8_EffectorMemory,full_core,35,HLA-DQB1,False,False,False,False
CD8,CD8.c05.Tem.CXCR5,CD8_EffectorMemory,full_core,36,CALR,False,False,False,False
CD8,CD8.c05.Tem.CXCR5,CD8_EffectorMemory,full_core,37,CCL4L2,False,False,False,False
CD8,CD8.c05.Tem.CXCR5,CD8_EffectorMemory,full_core,38,CCL3L3,False,False,False,False
CD8,CD8.c05.Tem.CXCR5,CD8_EffectorMemory,full_core,39,ARL6IP1,False,False,False,False
CD8,CD8.c05.Tem.CXCR5,CD8_EffectorMemory,full_core,40,NR4A1,False,False,False,False
CD8,CD8.c05.Tem.CXCR5,CD8_EffectorMemory,full_core,41,ZNF331,False,False,False,False
CD8,CD8.c05.Tem.CXCR5,CD8_EffectorMemory,full_core,42,TRMO,False,False,False,False
CD8,CD8.c05.Tem.CXCR5,CD8_EffectorMemory,full_core,43,PPP1R15A,False,False,False,False
CD8,CD8.c05.Tem.CXCR5,CD8_EffectorMemory,full_core,44,PECAM1,False,False,False,False
CD8,CD8.c05.Tem.CXCR5,CD8_EffectorMemory,full_core,45,KLF2,False,False,False,False
CD8,CD8.c05.Tem.CXCR5,CD8_EffectorMemory,full_core,46,HMGA1,False,False,False,False
CD8,CD8.c05.Tem.CXCR5,CD8_EffectorMemory,full_core,47,HLA-DRB5,False,False,False,False
CD8,CD8.c05.Tem.CXCR5,CD8_EffectorMemory,full_core,48,DUSP4,False,False,False,False
CD8,CD8.c05.Tem.CXCR5,CD8_EffectorMemory,full_core,49,IFNG,False,False,False,False
CD8,CD8.c05.Tem.CXCR5,CD8_EffectorMemory,full_core,50,KLF6,False,False,False,False
CD8,CD8.c06.Tem.GZMK,CD8_EffectorMemory,standard,1,GZMK,False,False,False,True
CD8,CD8.c06.Tem.GZMK,CD8_EffectorMemory,standard,2,HLA-DPA1,False,False,False,False
CD8,CD8.c06.Tem.GZMK,CD8_EffectorMemory,standard,3,HLA-DPB1,False,False,False,False
CD8,CD8.c06.Tem.GZMK,CD8_EffectorMemory,standard,4,CD74,False,False,False,False
CD8,CD8.c06.Tem.GZMK,CD8_EffectorMemory,standard,5,HLA-DRB1,False,False,False,False
CD8,CD8.c06.Tem.GZMK,CD8_EffectorMemory,standard,6,GZMA,False,False,False,False
CD8,CD8.c06.Tem.GZMK,CD8_EffectorMemory,standard,7,HLA-DRB5,False,False,False,False
CD8,CD8.c06.Tem.GZMK,CD8_EffectorMemory,standard,8,CCL5,False,False,False,False
CD8,CD8.c06.Tem.GZMK,CD8_EffectorMemory,standard,9,HLA-DRA,False,False,False,False
CD8,CD8.c06.Tem.GZMK,CD8_EffectorMemory,standard,10,HLA-DQA1,False,False,False,False
CD8,CD8.c06.Tem.GZMK,CD8_EffectorMemory,standard,11,COTL1,False,False,False,False
CD8,CD8.c06.Tem.GZMK,CD8_EffectorMemory,standard,12,CST7,False,False,False,False
CD8,CD8.c06.Tem.GZMK,CD8_EffectorMemory,standard,13,GZMH,False,False,False,False
CD8,CD8.c06.Tem.GZMK,CD8_EffectorMemory,standard,14,HLA-A,True,True,False,False
CD8,CD8.c06.Tem.GZMK,CD8_EffectorMemory,standard,15,ARHGDIB,False,True,True,False
CD8,CD8.c06.Tem.GZMK,CD8_EffectorMemory,standard,16,DUSP2,False,False,False,True
CD8,CD8.c06.Tem.GZMK,CD8_EffectorMemory,standard,17,HLA-DQB1,False,False,False,False
CD8,CD8.c06.Tem.GZMK,CD8_EffectorMemory,standard,18,CD8A,False,False,False,False
CD8,CD8.c06.Tem.GZMK,CD8_EffectorMemory,standard,19,ITM2A,False,False,False,False
CD8,CD8.c06.Tem.GZMK,CD8_EffectorMemory,standard,20,SUB1,False,False,False,False
CD8,CD8.c06.Tem.GZMK,CD8_EffectorMemory,standard,21,TRAT1,False,False,False,False
CD8,CD8.c06.Tem.GZMK,CD8_EffectorMemory,standard,22,ITM2C,False,False,False,False
CD8,CD8.c06.Tem.GZMK,CD8_EffectorMemory,standard,23,PIK3R1,False,False,False,False
CD8,CD8.c06.Tem.GZMK,CD8_EffectorMemory,standard,24,CORO1A,False,False,False,False
CD8,CD8.c06.Tem.GZMK,CD8_EffectorMemory,standard,25,CCL4,False,False,False,False
CD8,CD8.c06.Tem.GZMK,CD8_EffectorMemory,standard,26,RNF19A,False,False,False,False
CD8,CD8.c06.Tem.GZMK,CD8_EffectorMemory,standard,27,CLIC1,False,False,False,False
CD8,CD8.c06.Tem.GZMK,CD8_EffectorMemory,standard,28,ITGB2,False,False,False,False
CD8,CD8.c06.Tem.GZMK,CD8_EffectorMemory,standard,29,RARRES3,False,False,False,False
CD8,CD8.c06.Tem.GZMK,CD8_EffectorMemory,standard,30,APOBEC3G,False,False,False,False
CD8,CD8.c06.Tem.GZMK,CD8_EffectorMemory,standard,31,PTPRCAP,False,False,False,False
CD8,CD8.c06.Tem.GZMK,CD8_EffectorMemory,standard,32,IL32,False,True,True,False
CD8,CD8.c06.Tem.GZMK,CD8_EffectorMemory,standard,33,MCL1,False,False,False,False
CD8,CD8.c06.Tem.GZMK,CD8_EffectorMemory,standard,34,CNN2,False,False,False,False
CD8,CD8.c06.Tem.GZMK,CD8_EffectorMemory,standard,35,CRTAM,False,False,False,False
CD8,CD8.c06.Tem.GZMK,CD8_EffectorMemory,standard,36,TMSB4X,False,True,True,False
CD8,CD8.c06.Tem.GZMK,CD8_EffectorMemory,standard,37,SH2D1A,False,False,False,False
CD8,CD8.c06.Tem.GZMK,CD8_EffectorMemory,standard,38,TERF2IP,False,False,False,False
CD8,CD8.c06.Tem.GZMK,CD8_EffectorMemory,standard,39,SELPLG,False,False,False,False
CD8,CD8.c06.Tem.GZMK,CD8_EffectorMemory,standard,40,CD44,False,False,False,False
CD8,CD8.c06.Tem.GZMK,CD8_EffectorMemory,standard,41,LEPROTL1,False,False,False,False
CD8,CD8.c06.Tem.GZMK,CD8_EffectorMemory,standard,42,NKG7,False,False,False,False
CD8,CD8.c06.Tem.GZMK,CD8_EffectorMemory,standard,43,CLEC2B,False,False,False,False
CD8,CD8.c06.Tem.GZMK,CD8_EffectorMemory,standard,44,CD8B,False,False,False,False
CD8,CD8.c06.Tem.GZMK,CD8_EffectorMemory,standard,45,GYG1,False,False,False,False
CD8,CD8.c06.Tem.GZMK,CD8_EffectorMemory,standard,46,RGCC,False,False,False,False
CD8,CD8.c06.Tem.GZMK,CD8_EffectorMemory,standard,47,ANXA1,False,False,False,True
CD8,CD8.c06.Tem.GZMK,CD8_EffectorMemory,standard,48,HLA-C,True,True,False,False
CD8,CD8.c06.Tem.GZMK,CD8_EffectorMemory,standard,49,CD27,False,False,False,False
CD8,CD8.c06.Tem.GZMK,CD8_EffectorMemory,standard,50,YWHAB,False,False,False,False
CD8,CD8.c06.Tem.GZMK,CD8_EffectorMemory,filter_only,1,GZMK,False,False,False,True
CD8,CD8.c06.Tem.GZMK,CD8_EffectorMemory,filter_only,2,HLA-DPA1,False,False,False,False
CD8,CD8.c06.Tem.GZMK,CD8_EffectorMemory,filter_only,3,HLA-DPB1,False,False,False,False
CD8,CD8.c06.Tem.GZMK,CD8_EffectorMemory,filter_only,4,CD74,False,False,False,False
CD8,CD8.c06.Tem.GZMK,CD8_EffectorMemory,filter_only,5,HLA-DRB1,False,False,False,False
CD8,CD8.c06.Tem.GZMK,CD8_EffectorMemory,filter_only,6,GZMA,False,False,False,False
CD8,CD8.c06.Tem.GZMK,CD8_EffectorMemory,filter_only,7,HLA-DRB5,False,False,False,False
CD8,CD8.c06.Tem.GZMK,CD8_EffectorMemory,filter_only,8,CCL5,False,False,False,False
CD8,CD8.c06.Tem.GZMK,CD8_EffectorMemory,filter_only,9,HLA-DRA,False,False,False,False
CD8,CD8.c06.Tem.GZMK,CD8_EffectorMemory,filter_only,10,HLA-DQA1,False,False,False,False
CD8,CD8.c06.Tem.GZMK,CD8_EffectorMemory,filter_only,11,COTL1,False,False,False,False
CD8,CD8.c06.Tem.GZMK,CD8_EffectorMemory,filter_only,12,CST7,False,False,False,False
CD8,CD8.c06.Tem.GZMK,CD8_EffectorMemory,filter_only,13,GZMH,False,False,False,False
CD8,CD8.c06.Tem.GZMK,CD8_EffectorMemory,filter_only,14,ARHGDIB,False,True,True,False
CD8,CD8.c06.Tem.GZMK,CD8_EffectorMemory,filter_only,15,DUSP2,False,False,False,True
CD8,CD8.c06.Tem.GZMK,CD8_EffectorMemory,filter_only,16,HLA-DQB1,False,False,False,False
CD8,CD8.c06.Tem.GZMK,CD8_EffectorMemory,filter_only,17,CD8A,False,False,False,False
CD8,CD8.c06.Tem.GZMK,CD8_EffectorMemory,filter_only,18,ITM2A,False,False,False,False
CD8,CD8.c06.Tem.GZMK,CD8_EffectorMemory,filter_only,19,SUB1,False,False,False,False
CD8,CD8.c06.Tem.GZMK,CD8_EffectorMemory,filter_only,20,TRAT1,False,False,False,False
CD8,CD8.c06.Tem.GZMK,CD8_EffectorMemory,filter_only,21,ITM2C,False,False,False,False
CD8,CD8.c06.Tem.GZMK,CD8_EffectorMemory,filter_only,22,PIK3R1,False,False,False,False
CD8,CD8.c06.Tem.GZMK,CD8_EffectorMemory,filter_only,23,CORO1A,False,False,False,False
CD8,CD8.c06.Tem.GZMK,CD8_EffectorMemory,filter_only,24,CCL4,False,False,False,False
CD8,CD8.c06.Tem.GZMK,CD8_EffectorMemory,filter_only,25,RNF19A,False,False,False,False
CD8,CD8.c06.Tem.GZMK,CD8_EffectorMemory,filter_only,26,CLIC1,False,False,False,False
CD8,CD8.c06.Tem.GZMK,CD8_EffectorMemory,filter_only,27,ITGB2,False,False,False,False
CD8,CD8.c06.Tem.GZMK,CD8_EffectorMemory,filter_only,28,RARRES3,False,False,False,False
CD8,CD8.c06.Tem.GZMK,CD8_EffectorMemory,filter_only,29,APOBEC3G,False,False,False,False
CD8,CD8.c06.Tem.GZMK,CD8_EffectorMemory,filter_only,30,PTPRCAP,False,False,False,False
CD8,CD8.c06.Tem.GZMK,CD8_EffectorMemory,filter_only,31,IL32,False,True,True,False
CD8,CD8.c06.Tem.GZMK,CD8_EffectorMemory,filter_only,32,MCL1,False,False,False,False
CD8,CD8.c06.Tem.GZMK,CD8_EffectorMemory,filter_only,33,CNN2,False,False,False,False
CD8,CD8.c06.Tem.GZMK,CD8_EffectorMemory,filter_only,34,CRTAM,False,False,False,False
CD8,CD8.c06.Tem.GZMK,CD8_EffectorMemory,filter_only,35,SH2D1A,False,False,False,False
CD8,CD8.c06.Tem.GZMK,CD8_EffectorMemory,filter_only,36,TERF2IP,False,False,False,False
CD8,CD8.c06.Tem.GZMK,CD8_EffectorMemory,filter_only,37,SELPLG,False,False,False,False
CD8,CD8.c06.Tem.GZMK,CD8_EffectorMemory,filter_only,38,CD44,False,False,False,False
CD8,CD8.c06.Tem.GZMK,CD8_EffectorMemory,filter_only,39,LEPROTL1,False,False,False,False
CD8,CD8.c06.Tem.GZMK,CD8_EffectorMemory,filter_only,40,NKG7,False,False,False,False
CD8,CD8.c06.Tem.GZMK,CD8_EffectorMemory,filter_only,41,CLEC2B,False,False,False,False
CD8,CD8.c06.Tem.GZMK,CD8_EffectorMemory,filter_only,42,CD8B,False,False,False,False
CD8,CD8.c06.Tem.GZMK,CD8_EffectorMemory,filter_only,43,GYG1,False,False,False,False
CD8,CD8.c06.Tem.GZMK,CD8_EffectorMemory,filter_only,44,RGCC,False,False,False,False
CD8,CD8.c06.Tem.GZMK,CD8_EffectorMemory,filter_only,45,ANXA1,False,False,False,True
CD8,CD8.c06.Tem.GZMK,CD8_EffectorMemory,filter_only,46,CD27,False,False,False,False
CD8,CD8.c06.Tem.GZMK,CD8_EffectorMemory,filter_only,47,YWHAB,False,False,False,False
CD8,CD8.c06.Tem.GZMK,CD8_EffectorMemory,filter_only,48,HLA-DMA,False,False,False,False
CD8,CD8.c06.Tem.GZMK,CD8_EffectorMemory,filter_only,49,CXCR4,False,False,False,True
CD8,CD8.c06.Tem.GZMK,CD8_EffectorMemory,filter_only,50,LCP1,False,False,False,False
CD8,CD8.c06.Tem.GZMK,CD8_EffectorMemory,regex_mask,1,GZMK,False,False,False,True
CD8,CD8.c06.Tem.GZMK,CD8_EffectorMemory,regex_mask,2,HLA-DPA1,False,False,False,False
CD8,CD8.c06.Tem.GZMK,CD8_EffectorMemory,regex_mask,3,HLA-DPB1,False,False,False,False
CD8,CD8.c06.Tem.GZMK,CD8_EffectorMemory,regex_mask,4,CD74,False,False,False,False
CD8,CD8.c06.Tem.GZMK,CD8_EffectorMemory,regex_mask,5,HLA-DRB1,False,False,False,False
CD8,CD8.c06.Tem.GZMK,CD8_EffectorMemory,regex_mask,6,GZMA,False,False,False,False
CD8,CD8.c06.Tem.GZMK,CD8_EffectorMemory,regex_mask,7,HLA-DRB5,False,False,False,False
CD8,CD8.c06.Tem.GZMK,CD8_EffectorMemory,regex_mask,8,CCL5,False,False,False,False
CD8,CD8.c06.Tem.GZMK,CD8_EffectorMemory,regex_mask,9,HLA-DRA,False,False,False,False
CD8,CD8.c06.Tem.GZMK,CD8_EffectorMemory,regex_mask,10,HLA-DQA1,False,False,False,False
CD8,CD8.c06.Tem.GZMK,CD8_EffectorMemory,regex_mask,11,COTL1,False,False,False,False
CD8,CD8.c06.Tem.GZMK,CD8_EffectorMemory,regex_mask,12,CST7,False,False,False,False
CD8,CD8.c06.Tem.GZMK,CD8_EffectorMemory,regex_mask,13,GZMH,False,False,False,False
CD8,CD8.c06.Tem.GZMK,CD8_EffectorMemory,regex_mask,14,ARHGDIB,False,True,True,False
CD8,CD8.c06.Tem.GZMK,CD8_EffectorMemory,regex_mask,15,DUSP2,False,False,False,True
CD8,CD8.c06.Tem.GZMK,CD8_EffectorMemory,regex_mask,16,HLA-DQB1,False,False,False,False
CD8,CD8.c06.Tem.GZMK,CD8_EffectorMemory,regex_mask,17,CD8A,False,False,False,False
CD8,CD8.c06.Tem.GZMK,CD8_EffectorMemory,regex_mask,18,ITM2A,False,False,False,False
CD8,CD8.c06.Tem.GZMK,CD8_EffectorMemory,regex_mask,19,SUB1,False,False,False,False
CD8,CD8.c06.Tem.GZMK,CD8_EffectorMemory,regex_mask,20,TRAT1,False,False,False,False
CD8,CD8.c06.Tem.GZMK,CD8_EffectorMemory,regex_mask,21,ITM2C,False,False,False,False
CD8,CD8.c06.Tem.GZMK,CD8_EffectorMemory,regex_mask,22,PIK3R1,False,False,False,False
CD8,CD8.c06.Tem.GZMK,CD8_EffectorMemory,regex_mask,23,CORO1A,False,False,False,False
CD8,CD8.c06.Tem.GZMK,CD8_EffectorMemory,regex_mask,24,CCL4,False,False,False,False
CD8,CD8.c06.Tem.GZMK,CD8_EffectorMemory,regex_mask,25,RNF19A,False,False,False,False
CD8,CD8.c06.Tem.GZMK,CD8_EffectorMemory,regex_mask,26,CLIC1,False,False,False,False
CD8,CD8.c06.Tem.GZMK,CD8_EffectorMemory,regex_mask,27,ITGB2,False,False,False,False
CD8,CD8.c06.Tem.GZMK,CD8_EffectorMemory,regex_mask,28,RARRES3,False,False,False,False
CD8,CD8.c06.Tem.GZMK,CD8_EffectorMemory,regex_mask,29,APOBEC3G,False,False,False,False
CD8,CD8.c06.Tem.GZMK,CD8_EffectorMemory,regex_mask,30,PTPRCAP,False,False,False,False
CD8,CD8.c06.Tem.GZMK,CD8_EffectorMemory,regex_mask,31,IL32,False,True,True,False
CD8,CD8.c06.Tem.GZMK,CD8_EffectorMemory,regex_mask,32,MCL1,False,False,False,False
CD8,CD8.c06.Tem.GZMK,CD8_EffectorMemory,regex_mask,33,CNN2,False,False,False,False
CD8,CD8.c06.Tem.GZMK,CD8_EffectorMemory,regex_mask,34,CRTAM,False,False,False,False
CD8,CD8.c06.Tem.GZMK,CD8_EffectorMemory,regex_mask,35,SH2D1A,False,False,False,False
CD8,CD8.c06.Tem.GZMK,CD8_EffectorMemory,regex_mask,36,TERF2IP,False,False,False,False
CD8,CD8.c06.Tem.GZMK,CD8_EffectorMemory,regex_mask,37,SELPLG,False,False,False,False
CD8,CD8.c06.Tem.GZMK,CD8_EffectorMemory,regex_mask,38,CD44,False,False,False,False
CD8,CD8.c06.Tem.GZMK,CD8_EffectorMemory,regex_mask,39,LEPROTL1,False,False,False,False
CD8,CD8.c06.Tem.GZMK,CD8_EffectorMemory,regex_mask,40,NKG7,False,False,False,False
CD8,CD8.c06.Tem.GZMK,CD8_EffectorMemory,regex_mask,41,CLEC2B,False,False,False,False
CD8,CD8.c06.Tem.GZMK,CD8_EffectorMemory,regex_mask,42,CD8B,False,False,False,False
CD8,CD8.c06.Tem.GZMK,CD8_EffectorMemory,regex_mask,43,GYG1,False,False,False,False
CD8,CD8.c06.Tem.GZMK,CD8_EffectorMemory,regex_mask,44,RGCC,False,False,False,False
CD8,CD8.c06.Tem.GZMK,CD8_EffectorMemory,regex_mask,45,ANXA1,False,False,False,True
CD8,CD8.c06.Tem.GZMK,CD8_EffectorMemory,regex_mask,46,CD27,False,False,False,False
CD8,CD8.c06.Tem.GZMK,CD8_EffectorMemory,regex_mask,47,YWHAB,False,False,False,False
CD8,CD8.c06.Tem.GZMK,CD8_EffectorMemory,regex_mask,48,HLA-DMA,False,False,False,False
CD8,CD8.c06.Tem.GZMK,CD8_EffectorMemory,regex_mask,49,CXCR4,False,False,False,True
CD8,CD8.c06.Tem.GZMK,CD8_EffectorMemory,regex_mask,50,LCP1,False,False,False,False
CD8,CD8.c06.Tem.GZMK,CD8_EffectorMemory,full_core,1,GZMK,False,False,False,True
CD8,CD8.c06.Tem.GZMK,CD8_EffectorMemory,full_core,2,HLA-DPA1,False,False,False,False
CD8,CD8.c06.Tem.GZMK,CD8_EffectorMemory,full_core,3,CD74,False,False,False,False
CD8,CD8.c06.Tem.GZMK,CD8_EffectorMemory,full_core,4,HLA-DRB1,False,False,False,False
CD8,CD8.c06.Tem.GZMK,CD8_EffectorMemory,full_core,5,GZMA,False,False,False,False
CD8,CD8.c06.Tem.GZMK,CD8_EffectorMemory,full_core,6,HLA-DRB5,False,False,False,False
CD8,CD8.c06.Tem.GZMK,CD8_EffectorMemory,full_core,7,HLA-DRA,False,False,False,False
CD8,CD8.c06.Tem.GZMK,CD8_EffectorMemory,full_core,8,HLA-DQA1,False,False,False,False
CD8,CD8.c06.Tem.GZMK,CD8_EffectorMemory,full_core,9,COTL1,False,False,False,False
CD8,CD8.c06.Tem.GZMK,CD8_EffectorMemory,full_core,10,GZMH,False,False,False,False
CD8,CD8.c06.Tem.GZMK,CD8_EffectorMemory,full_core,11,HLA-DQB1,False,False,False,False
CD8,CD8.c06.Tem.GZMK,CD8_EffectorMemory,full_core,12,CD8A,False,False,False,False
CD8,CD8.c06.Tem.GZMK,CD8_EffectorMemory,full_core,13,ITM2A,False,False,False,False
CD8,CD8.c06.Tem.GZMK,CD8_EffectorMemory,full_core,14,SUB1,False,False,False,False
CD8,CD8.c06.Tem.GZMK,CD8_EffectorMemory,full_core,15,ITM2C,False,False,False,False
CD8,CD8.c06.Tem.GZMK,CD8_EffectorMemory,full_core,16,CORO1A,False,False,False,False
CD8,CD8.c06.Tem.GZMK,CD8_EffectorMemory,full_core,17,CCL4,False,False,False,False
CD8,CD8.c06.Tem.GZMK,CD8_EffectorMemory,full_core,18,CNN2,False,False,False,False
CD8,CD8.c06.Tem.GZMK,CD8_EffectorMemory,full_core,19,CRTAM,False,False,False,False
CD8,CD8.c06.Tem.GZMK,CD8_EffectorMemory,full_core,20,SH2D1A,False,False,False,False
CD8,CD8.c06.Tem.GZMK,CD8_EffectorMemory,full_core,21,NKG7,False,False,False,False
CD8,CD8.c06.Tem.GZMK,CD8_EffectorMemory,full_core,22,CD8B,False,False,False,False
CD8,CD8.c06.Tem.GZMK,CD8_EffectorMemory,full_core,23,GYG1,False,False,False,False
CD8,CD8.c06.Tem.GZMK,CD8_EffectorMemory,full_core,24,RGCC,False,False,False,False
CD8,CD8.c06.Tem.GZMK,CD8_EffectorMemory,full_core,25,ANXA1,False,False,False,True
CD8,CD8.c06.Tem.GZMK,CD8_EffectorMemory,full_core,26,CD27,False,False,False,False
CD8,CD8.c06.Tem.GZMK,CD8_EffectorMemory,full_core,27,HLA-DMA,False,False,False,False
CD8,CD8.c06.Tem.GZMK,CD8_EffectorMemory,full_core,28,IDH2,False,False,False,False
CD8,CD8.c06.Tem.GZMK,CD8_EffectorMemory,full_core,29,CFL1,False,False,False,False
CD8,CD8.c06.Tem.GZMK,CD8_EffectorMemory,full_core,30,DUSP4,False,False,False,False
CD8,CD8.c06.Tem.GZMK,CD8_EffectorMemory,full_core,31,ANXA5,False,False,False,False
CD8,CD8.c06.Tem.GZMK,CD8_EffectorMemory,full_core,32,C12orf75,False,False,False,False
CD8,CD8.c06.Tem.GZMK,CD8_EffectorMemory,full_core,33,APOBEC3H,False,False,False,False
CD8,CD8.c06.Tem.GZMK,CD8_EffectorMemory,full_core,34,TRBC2,False,False,False,False
CD8,CD8.c06.Tem.GZMK,CD8_EffectorMemory,full_core,35,MYADM,False,False,False,False
CD8,CD8.c06.Tem.GZMK,CD8_EffectorMemory,full_core,36,CALM3,False,False,False,False
CD8,CD8.c06.Tem.GZMK,CD8_EffectorMemory,full_core,37,KLRG1,False,False,False,False
CD8,CD8.c06.Tem.GZMK,CD8_EffectorMemory,full_core,38,CXCR3,False,False,False,False
CD8,CD8.c06.Tem.GZMK,CD8_EffectorMemory,full_core,39,GBP5,False,False,False,False
CD8,CD8.c06.Tem.GZMK,CD8_EffectorMemory,full_core,40,TUBA4A,False,False,False,False
CD8,CD8.c06.Tem.GZMK,CD8_EffectorMemory,full_core,41,PPP1CA,False,False,False,False
CD8,CD8.c06.Tem.GZMK,CD8_EffectorMemory,full_core,42,TESC,False,False,False,False
CD8,CD8.c06.Tem.GZMK,CD8_EffectorMemory,full_core,43,ICOS,False,False,False,False
CD8,CD8.c06.Tem.GZMK,CD8_EffectorMemory,full_core,44,LYST,False,False,False,False
CD8,CD8.c06.Tem.GZMK,CD8_EffectorMemory,full_core,45,CCL4L2,False,False,False,False
CD8,CD8.c06.Tem.GZMK,CD8_EffectorMemory,full_core,46,PSMB10,False,False,False,False
CD8,CD8.c06.Tem.GZMK,CD8_EffectorMemory,full_core,47,ZNF331,False,False,False,False
CD8,CD8.c06.Tem.GZMK,CD8_EffectorMemory,full_core,48,RGS1,False,False,False,False
CD8,CD8.c06.Tem.GZMK,CD8_EffectorMemory,full_core,49,UBC,False,False,False,False
CD8,CD8.c06.Tem.GZMK,CD8_EffectorMemory,full_core,50,ENC1,False,False,False,False
CD8,CD8.c07.Temra.CX3CR1,CD8_Effector,standard,1,FGFBP2,False,False,False,True
CD8,CD8.c07.Temra.CX3CR1,CD8_Effector,standard,2,NKG7,False,False,False,True
CD8,CD8.c07.Temra.CX3CR1,CD8_Effector,standard,3,GZMH,False,False,False,False
CD8,CD8.c07.Temra.CX3CR1,CD8_Effector,standard,4,PRF1,False,False,False,True
CD8,CD8.c07.Temra.CX3CR1,CD8_Effector,standard,5,FCGR3A,False,False,False,False
CD8,CD8.c07.Temra.CX3CR1,CD8_Effector,standard,6,KLRD1,False,False,False,False
CD8,CD8.c07.Temra.CX3CR1,CD8_Effector,standard,7,ITGB2,False,False,False,False
CD8,CD8.c07.Temra.CX3CR1,CD8_Effector,standard,8,GNLY,False,False,False,True
CD8,CD8.c07.Temra.CX3CR1,CD8_Effector,standard,9,GZMB,False,False,False,True
CD8,CD8.c07.Temra.CX3CR1,CD8_Effector,standard,10,FLNA,False,False,False,False
CD8,CD8.c07.Temra.CX3CR1,CD8_Effector,standard,11,TMSB10,False,True,True,False
CD8,CD8.c07.Temra.CX3CR1,CD8_Effector,standard,12,CST7,False,False,False,False
CD8,CD8.c07.Temra.CX3CR1,CD8_Effector,standard,13,S1PR5,False,False,False,False
CD8,CD8.c07.Temra.CX3CR1,CD8_Effector,standard,14,KLF3,False,False,False,False
CD8,CD8.c07.Temra.CX3CR1,CD8_Effector,standard,15,SPON2,False,False,False,False
CD8,CD8.c07.Temra.CX3CR1,CD8_Effector,standard,16,ADGRG1,False,False,False,False
CD8,CD8.c07.Temra.CX3CR1,CD8_Effector,standard,17,HLA-E,True,True,False,False
CD8,CD8.c07.Temra.CX3CR1,CD8_Effector,standard,18,AES,False,False,False,False
CD8,CD8.c07.Temra.CX3CR1,CD8_Effector,standard,19,SELPLG,False,False,False,False
CD8,CD8.c07.Temra.CX3CR1,CD8_Effector,standard,20,HLA-C,True,True,False,False
CD8,CD8.c07.Temra.CX3CR1,CD8_Effector,standard,21,S100A4,False,False,False,False
CD8,CD8.c07.Temra.CX3CR1,CD8_Effector,standard,22,HLA-B,True,True,False,False
CD8,CD8.c07.Temra.CX3CR1,CD8_Effector,standard,23,RPL21,True,True,False,False
CD8,CD8.c07.Temra.CX3CR1,CD8_Effector,standard,24,PRSS23,False,False,False,False
CD8,CD8.c07.Temra.CX3CR1,CD8_Effector,standard,25,LITAF,False,False,False,False
CD8,CD8.c07.Temra.CX3CR1,CD8_Effector,standard,26,BIN2,False,False,False,False
CD8,CD8.c07.Temra.CX3CR1,CD8_Effector,standard,27,KLRG1,False,False,False,True
CD8,CD8.c07.Temra.CX3CR1,CD8_Effector,standard,28,CALM1,False,False,False,False
CD8,CD8.c07.Temra.CX3CR1,CD8_Effector,standard,29,GZMM,False,False,False,False
CD8,CD8.c07.Temra.CX3CR1,CD8_Effector,standard,30,P2RY8,False,False,False,False
CD8,CD8.c07.Temra.CX3CR1,CD8_Effector,standard,31,ITGB1,False,False,False,False
CD8,CD8.c07.Temra.CX3CR1,CD8_Effector,standard,32,RPL3,True,True,False,False
CD8,CD8.c07.Temra.CX3CR1,CD8_Effector,standard,33,CTSW,False,False,False,False
CD8,CD8.c07.Temra.CX3CR1,CD8_Effector,standard,34,ZEB2,False,False,False,False
CD8,CD8.c07.Temra.CX3CR1,CD8_Effector,standard,35,FCRL6,False,False,False,False
CD8,CD8.c07.Temra.CX3CR1,CD8_Effector,standard,36,KLF2,False,False,False,False
CD8,CD8.c07.Temra.CX3CR1,CD8_Effector,standard,37,B2M,False,True,True,False
CD8,CD8.c07.Temra.CX3CR1,CD8_Effector,standard,38,PLAC8,False,False,False,False
CD8,CD8.c07.Temra.CX3CR1,CD8_Effector,standard,39,IER2,False,False,False,False
CD8,CD8.c07.Temra.CX3CR1,CD8_Effector,standard,40,IFITM1,False,False,False,False
CD8,CD8.c07.Temra.CX3CR1,CD8_Effector,standard,41,TPST2,False,False,False,False
CD8,CD8.c07.Temra.CX3CR1,CD8_Effector,standard,42,DSTN,False,False,False,False
CD8,CD8.c07.Temra.CX3CR1,CD8_Effector,standard,43,RAP1B,False,False,False,False
CD8,CD8.c07.Temra.CX3CR1,CD8_Effector,standard,44,ARPC2,False,False,False,False
CD8,CD8.c07.Temra.CX3CR1,CD8_Effector,standard,45,PLEK,False,False,False,False
CD8,CD8.c07.Temra.CX3CR1,CD8_Effector,standard,46,IFITM2,False,False,False,False
CD8,CD8.c07.Temra.CX3CR1,CD8_Effector,standard,47,EFHD2,False,False,False,False
CD8,CD8.c07.Temra.CX3CR1,CD8_Effector,standard,48,C1orf21,False,False,False,False
CD8,CD8.c07.Temra.CX3CR1,CD8_Effector,standard,49,TGFB1,False,False,False,False
CD8,CD8.c07.Temra.CX3CR1,CD8_Effector,standard,50,RPL26,True,True,False,False
CD8,CD8.c07.Temra.CX3CR1,CD8_Effector,filter_only,1,FGFBP2,False,False,False,True
CD8,CD8.c07.Temra.CX3CR1,CD8_Effector,filter_only,2,NKG7,False,False,False,True
CD8,CD8.c07.Temra.CX3CR1,CD8_Effector,filter_only,3,GZMH,False,False,False,False
CD8,CD8.c07.Temra.CX3CR1,CD8_Effector,filter_only,4,PRF1,False,False,False,True
CD8,CD8.c07.Temra.CX3CR1,CD8_Effector,filter_only,5,FCGR3A,False,False,False,False
CD8,CD8.c07.Temra.CX3CR1,CD8_Effector,filter_only,6,KLRD1,False,False,False,False
CD8,CD8.c07.Temra.CX3CR1,CD8_Effector,filter_only,7,ITGB2,False,False,False,False
CD8,CD8.c07.Temra.CX3CR1,CD8_Effector,filter_only,8,GNLY,False,False,False,True
CD8,CD8.c07.Temra.CX3CR1,CD8_Effector,filter_only,9,GZMB,False,False,False,True
CD8,CD8.c07.Temra.CX3CR1,CD8_Effector,filter_only,10,FLNA,False,False,False,False
CD8,CD8.c07.Temra.CX3CR1,CD8_Effector,filter_only,11,CST7,False,False,False,False
CD8,CD8.c07.Temra.CX3CR1,CD8_Effector,filter_only,12,S1PR5,False,False,False,False
CD8,CD8.c07.Temra.CX3CR1,CD8_Effector,filter_only,13,KLF3,False,False,False,False
CD8,CD8.c07.Temra.CX3CR1,CD8_Effector,filter_only,14,SPON2,False,False,False,False
CD8,CD8.c07.Temra.CX3CR1,CD8_Effector,filter_only,15,ADGRG1,False,False,False,False
CD8,CD8.c07.Temra.CX3CR1,CD8_Effector,filter_only,16,AES,False,False,False,False
CD8,CD8.c07.Temra.CX3CR1,CD8_Effector,filter_only,17,SELPLG,False,False,False,False
CD8,CD8.c07.Temra.CX3CR1,CD8_Effector,filter_only,18,S100A4,False,False,False,False
CD8,CD8.c07.Temra.CX3CR1,CD8_Effector,filter_only,19,PRSS23,False,False,False,False
CD8,CD8.c07.Temra.CX3CR1,CD8_Effector,filter_only,20,LITAF,False,False,False,False
CD8,CD8.c07.Temra.CX3CR1,CD8_Effector,filter_only,21,BIN2,False,False,False,False
CD8,CD8.c07.Temra.CX3CR1,CD8_Effector,filter_only,22,KLRG1,False,False,False,True
CD8,CD8.c07.Temra.CX3CR1,CD8_Effector,filter_only,23,CALM1,False,False,False,False
CD8,CD8.c07.Temra.CX3CR1,CD8_Effector,filter_only,24,GZMM,False,False,False,False
CD8,CD8.c07.Temra.CX3CR1,CD8_Effector,filter_only,25,P2RY8,False,False,False,False
CD8,CD8.c07.Temra.CX3CR1,CD8_Effector,filter_only,26,ITGB1,False,False,False,False
CD8,CD8.c07.Temra.CX3CR1,CD8_Effector,filter_only,27,CTSW,False,False,False,False
CD8,CD8.c07.Temra.CX3CR1,CD8_Effector,filter_only,28,ZEB2,False,False,False,False
CD8,CD8.c07.Temra.CX3CR1,CD8_Effector,filter_only,29,FCRL6,False,False,False,False
CD8,CD8.c07.Temra.CX3CR1,CD8_Effector,filter_only,30,KLF2,False,False,False,False
CD8,CD8.c07.Temra.CX3CR1,CD8_Effector,filter_only,31,PLAC8,False,False,False,False
CD8,CD8.c07.Temra.CX3CR1,CD8_Effector,filter_only,32,IER2,False,False,False,False
CD8,CD8.c07.Temra.CX3CR1,CD8_Effector,filter_only,33,IFITM1,False,False,False,False
CD8,CD8.c07.Temra.CX3CR1,CD8_Effector,filter_only,34,TPST2,False,False,False,False
CD8,CD8.c07.Temra.CX3CR1,CD8_Effector,filter_only,35,DSTN,False,False,False,False
CD8,CD8.c07.Temra.CX3CR1,CD8_Effector,filter_only,36,RAP1B,False,False,False,False
CD8,CD8.c07.Temra.CX3CR1,CD8_Effector,filter_only,37,ARPC2,False,False,False,False
CD8,CD8.c07.Temra.CX3CR1,CD8_Effector,filter_only,38,PLEK,False,False,False,False
CD8,CD8.c07.Temra.CX3CR1,CD8_Effector,filter_only,39,IFITM2,False,False,False,False
CD8,CD8.c07.Temra.CX3CR1,CD8_Effector,filter_only,40,EFHD2,False,False,False,False
CD8,CD8.c07.Temra.CX3CR1,CD8_Effector,filter_only,41,C1orf21,False,False,False,False
CD8,CD8.c07.Temra.CX3CR1,CD8_Effector,filter_only,42,TGFB1,False,False,False,False
CD8,CD8.c07.Temra.CX3CR1,CD8_Effector,filter_only,43,LRRFIP1,False,False,False,False
CD8,CD8.c07.Temra.CX3CR1,CD8_Effector,filter_only,44,BHLHE40,False,False,False,False
CD8,CD8.c07.Temra.CX3CR1,CD8_Effector,filter_only,45,TGFBR3,False,False,False,False
CD8,CD8.c07.Temra.CX3CR1,CD8_Effector,filter_only,46,EMP3,False,False,False,False
CD8,CD8.c07.Temra.CX3CR1,CD8_Effector,filter_only,47,LPCAT1,False,False,False,False
CD8,CD8.c07.Temra.CX3CR1,CD8_Effector,filter_only,48,SUN2,False,False,False,False
CD8,CD8.c07.Temra.CX3CR1,CD8_Effector,filter_only,49,TNFRSF1B,False,False,False,False
CD8,CD8.c07.Temra.CX3CR1,CD8_Effector,filter_only,50,CYBA,False,False,False,False
CD8,CD8.c07.Temra.CX3CR1,CD8_Effector,regex_mask,1,FGFBP2,False,False,False,True
CD8,CD8.c07.Temra.CX3CR1,CD8_Effector,regex_mask,2,NKG7,False,False,False,True
CD8,CD8.c07.Temra.CX3CR1,CD8_Effector,regex_mask,3,GZMH,False,False,False,False
CD8,CD8.c07.Temra.CX3CR1,CD8_Effector,regex_mask,4,PRF1,False,False,False,True
CD8,CD8.c07.Temra.CX3CR1,CD8_Effector,regex_mask,5,FCGR3A,False,False,False,False
CD8,CD8.c07.Temra.CX3CR1,CD8_Effector,regex_mask,6,KLRD1,False,False,False,False
CD8,CD8.c07.Temra.CX3CR1,CD8_Effector,regex_mask,7,ITGB2,False,False,False,False
CD8,CD8.c07.Temra.CX3CR1,CD8_Effector,regex_mask,8,GNLY,False,False,False,True
CD8,CD8.c07.Temra.CX3CR1,CD8_Effector,regex_mask,9,GZMB,False,False,False,True
CD8,CD8.c07.Temra.CX3CR1,CD8_Effector,regex_mask,10,FLNA,False,False,False,False
CD8,CD8.c07.Temra.CX3CR1,CD8_Effector,regex_mask,11,CST7,False,False,False,False
CD8,CD8.c07.Temra.CX3CR1,CD8_Effector,regex_mask,12,S1PR5,False,False,False,False
CD8,CD8.c07.Temra.CX3CR1,CD8_Effector,regex_mask,13,KLF3,False,False,False,False
CD8,CD8.c07.Temra.CX3CR1,CD8_Effector,regex_mask,14,SPON2,False,False,False,False
CD8,CD8.c07.Temra.CX3CR1,CD8_Effector,regex_mask,15,ADGRG1,False,False,False,False
CD8,CD8.c07.Temra.CX3CR1,CD8_Effector,regex_mask,16,AES,False,False,False,False
CD8,CD8.c07.Temra.CX3CR1,CD8_Effector,regex_mask,17,SELPLG,False,False,False,False
CD8,CD8.c07.Temra.CX3CR1,CD8_Effector,regex_mask,18,S100A4,False,False,False,False
CD8,CD8.c07.Temra.CX3CR1,CD8_Effector,regex_mask,19,PRSS23,False,False,False,False
CD8,CD8.c07.Temra.CX3CR1,CD8_Effector,regex_mask,20,LITAF,False,False,False,False
CD8,CD8.c07.Temra.CX3CR1,CD8_Effector,regex_mask,21,BIN2,False,False,False,False
CD8,CD8.c07.Temra.CX3CR1,CD8_Effector,regex_mask,22,KLRG1,False,False,False,True
CD8,CD8.c07.Temra.CX3CR1,CD8_Effector,regex_mask,23,CALM1,False,False,False,False
CD8,CD8.c07.Temra.CX3CR1,CD8_Effector,regex_mask,24,GZMM,False,False,False,False
CD8,CD8.c07.Temra.CX3CR1,CD8_Effector,regex_mask,25,P2RY8,False,False,False,False
CD8,CD8.c07.Temra.CX3CR1,CD8_Effector,regex_mask,26,ITGB1,False,False,False,False
CD8,CD8.c07.Temra.CX3CR1,CD8_Effector,regex_mask,27,CTSW,False,False,False,False
CD8,CD8.c07.Temra.CX3CR1,CD8_Effector,regex_mask,28,ZEB2,False,False,False,False
CD8,CD8.c07.Temra.CX3CR1,CD8_Effector,regex_mask,29,FCRL6,False,False,False,False
CD8,CD8.c07.Temra.CX3CR1,CD8_Effector,regex_mask,30,KLF2,False,False,False,False
CD8,CD8.c07.Temra.CX3CR1,CD8_Effector,regex_mask,31,PLAC8,False,False,False,False
CD8,CD8.c07.Temra.CX3CR1,CD8_Effector,regex_mask,32,IER2,False,False,False,False
CD8,CD8.c07.Temra.CX3CR1,CD8_Effector,regex_mask,33,IFITM1,False,False,False,False
CD8,CD8.c07.Temra.CX3CR1,CD8_Effector,regex_mask,34,TPST2,False,False,False,False
CD8,CD8.c07.Temra.CX3CR1,CD8_Effector,regex_mask,35,DSTN,False,False,False,False
CD8,CD8.c07.Temra.CX3CR1,CD8_Effector,regex_mask,36,RAP1B,False,False,False,False
CD8,CD8.c07.Temra.CX3CR1,CD8_Effector,regex_mask,37,ARPC2,False,False,False,False
CD8,CD8.c07.Temra.CX3CR1,CD8_Effector,regex_mask,38,PLEK,False,False,False,False
CD8,CD8.c07.Temra.CX3CR1,CD8_Effector,regex_mask,39,IFITM2,False,False,False,False
CD8,CD8.c07.Temra.CX3CR1,CD8_Effector,regex_mask,40,EFHD2,False,False,False,False
CD8,CD8.c07.Temra.CX3CR1,CD8_Effector,regex_mask,41,C1orf21,False,False,False,False
CD8,CD8.c07.Temra.CX3CR1,CD8_Effector,regex_mask,42,TGFB1,False,False,False,False
CD8,CD8.c07.Temra.CX3CR1,CD8_Effector,regex_mask,43,LRRFIP1,False,False,False,False
CD8,CD8.c07.Temra.CX3CR1,CD8_Effector,regex_mask,44,BHLHE40,False,False,False,False
CD8,CD8.c07.Temra.CX3CR1,CD8_Effector,regex_mask,45,TGFBR3,False,False,False,False
CD8,CD8.c07.Temra.CX3CR1,CD8_Effector,regex_mask,46,EMP3,False,False,False,False
CD8,CD8.c07.Temra.CX3CR1,CD8_Effector,regex_mask,47,LPCAT1,False,False,False,False
CD8,CD8.c07.Temra.CX3CR1,CD8_Effector,regex_mask,48,SUN2,False,False,False,False
CD8,CD8.c07.Temra.CX3CR1,CD8_Effector,regex_mask,49,TNFRSF1B,False,False,False,False
CD8,CD8.c07.Temra.CX3CR1,CD8_Effector,regex_mask,50,CYBA,False,False,False,False
CD8,CD8.c07.Temra.CX3CR1,CD8_Effector,full_core,1,FGFBP2,False,False,False,True
CD8,CD8.c07.Temra.CX3CR1,CD8_Effector,full_core,2,NKG7,False,False,False,True
CD8,CD8.c07.Temra.CX3CR1,CD8_Effector,full_core,3,GZMH,False,False,False,False
CD8,CD8.c07.Temra.CX3CR1,CD8_Effector,full_core,4,PRF1,False,False,False,True
CD8,CD8.c07.Temra.CX3CR1,CD8_Effector,full_core,5,FCGR3A,False,False,False,False
CD8,CD8.c07.Temra.CX3CR1,CD8_Effector,full_core,6,KLRD1,False,False,False,False
CD8,CD8.c07.Temra.CX3CR1,CD8_Effector,full_core,7,GNLY,False,False,False,True
CD8,CD8.c07.Temra.CX3CR1,CD8_Effector,full_core,8,GZMB,False,False,False,True
CD8,CD8.c07.Temra.CX3CR1,CD8_Effector,full_core,9,FLNA,False,False,False,False
CD8,CD8.c07.Temra.CX3CR1,CD8_Effector,full_core,10,S1PR5,False,False,False,False
CD8,CD8.c07.Temra.CX3CR1,CD8_Effector,full_core,11,KLF3,False,False,False,False
CD8,CD8.c07.Temra.CX3CR1,CD8_Effector,full_core,12,SPON2,False,False,False,False
CD8,CD8.c07.Temra.CX3CR1,CD8_Effector,full_core,13,ADGRG1,False,False,False,False
CD8,CD8.c07.Temra.CX3CR1,CD8_Effector,full_core,14,S100A4,False,False,False,False
CD8,CD8.c07.Temra.CX3CR1,CD8_Effector,full_core,15,PRSS23,False,False,False,False
CD8,CD8.c07.Temra.CX3CR1,CD8_Effector,full_core,16,KLRG1,False,False,False,True
CD8,CD8.c07.Temra.CX3CR1,CD8_Effector,full_core,17,ITGB1,False,False,False,False
CD8,CD8.c07.Temra.CX3CR1,CD8_Effector,full_core,18,CTSW,False,False,False,False
CD8,CD8.c07.Temra.CX3CR1,CD8_Effector,full_core,19,FCRL6,False,False,False,False
CD8,CD8.c07.Temra.CX3CR1,CD8_Effector,full_core,20,KLF2,False,False,False,False
CD8,CD8.c07.Temra.CX3CR1,CD8_Effector,full_core,21,PLAC8,False,False,False,False
CD8,CD8.c07.Temra.CX3CR1,CD8_Effector,full_core,22,ARPC2,False,False,False,False
CD8,CD8.c07.Temra.CX3CR1,CD8_Effector,full_core,23,PLEK,False,False,False,False
CD8,CD8.c07.Temra.CX3CR1,CD8_Effector,full_core,24,EFHD2,False,False,False,False
CD8,CD8.c07.Temra.CX3CR1,CD8_Effector,full_core,25,BHLHE40,False,False,False,False
CD8,CD8.c07.Temra.CX3CR1,CD8_Effector,full_core,26,CX3CR1,False,False,False,True
CD8,CD8.c07.Temra.CX3CR1,CD8_Effector,full_core,27,C12orf75,False,False,False,False
CD8,CD8.c07.Temra.CX3CR1,CD8_Effector,full_core,28,DDIT4,False,False,False,False
CD8,CD8.c07.Temra.CX3CR1,CD8_Effector,full_core,29,RASGRP2,False,False,False,False
CD8,CD8.c07.Temra.CX3CR1,CD8_Effector,full_core,30,CLIC3,False,False,False,False
CD8,CD8.c07.Temra.CX3CR1,CD8_Effector,full_core,31,S1PR1,False,False,False,False
CD8,CD8.c07.Temra.CX3CR1,CD8_Effector,full_core,32,ENC1,False,False,False,False
CD8,CD8.c07.Temra.CX3CR1,CD8_Effector,full_core,33,TUBA4A,False,False,False,False
CD8,CD8.c07.Temra.CX3CR1,CD8_Effector,full_core,34,LDHA,False,False,False,False
CD8,CD8.c07.Temra.CX3CR1,CD8_Effector,full_core,35,S100A10,False,False,False,False
CD8,CD8.c07.Temra.CX3CR1,CD8_Effector,full_core,36,YBX1,False,False,False,False
CD8,CD8.c07.Temra.CX3CR1,CD8_Effector,full_core,37,FGL2,False,False,False,False
CD8,CD8.c07.Temra.CX3CR1,CD8_Effector,full_core,38,YWHAQ,False,False,False,False
CD8,CD8.c07.Temra.CX3CR1,CD8_Effector,full_core,39,GLUL,False,False,False,False
CD8,CD8.c07.Temra.CX3CR1,CD8_Effector,full_core,40,CFL1,False,False,False,False
CD8,CD8.c07.Temra.CX3CR1,CD8_Effector,full_core,41,ANXA1,False,False,False,False
CD8,CD8.c07.Temra.CX3CR1,CD8_Effector,full_core,42,KLRF1,False,False,False,False
CD8,CD8.c07.Temra.CX3CR1,CD8_Effector,full_core,43,NR4A3,False,False,False,False
CD8,CD8.c07.Temra.CX3CR1,CD8_Effector,full_core,44,BPGM,False,False,False,False
CD8,CD8.c07.Temra.CX3CR1,CD8_Effector,full_core,45,PPP1CA,False,False,False,False
CD8,CD8.c07.Temra.CX3CR1,CD8_Effector,full_core,46,LYN,False,False,False,False
CD8,CD8.c07.Temra.CX3CR1,CD8_Effector,full_core,47,PTGER2,False,False,False,False
CD8,CD8.c07.Temra.CX3CR1,CD8_Effector,full_core,48,TRBC1,False,False,False,False
CD8,CD8.c07.Temra.CX3CR1,CD8_Effector,full_core,49,HOPX,False,False,False,False
CD8,CD8.c07.Temra.CX3CR1,CD8_Effector,full_core,50,LGALS1,False,False,False,False
CD8,CD8.c08.Tk.TYROBP,CD8_Effector,standard,1,KLRD1,False,False,False,False
CD8,CD8.c08.Tk.TYROBP,CD8_Effector,standard,2,CST7,False,False,False,False
CD8,CD8.c08.Tk.TYROBP,CD8_Effector,standard,3,PIK3R1,False,False,False,False
CD8,CD8.c08.Tk.TYROBP,CD8_Effector,standard,4,CMC1,False,False,False,False
CD8,CD8.c08.Tk.TYROBP,CD8_Effector,standard,5,TYROBP,False,False,False,False
CD8,CD8.c08.Tk.TYROBP,CD8_Effector,standard,6,LITAF,False,False,False,False
CD8,CD8.c08.Tk.TYROBP,CD8_Effector,standard,7,NKG7,False,False,False,True
CD8,CD8.c08.Tk.TYROBP,CD8_Effector,standard,8,DUSP2,False,False,False,False
CD8,CD8.c08.Tk.TYROBP,CD8_Effector,standard,9,FAM177A1,False,False,False,False
CD8,CD8.c08.Tk.TYROBP,CD8_Effector,standard,10,PRF1,False,False,False,True
CD8,CD8.c08.Tk.TYROBP,CD8_Effector,standard,11,RPS6,True,True,False,False
CD8,CD8.c08.Tk.TYROBP,CD8_Effector,standard,12,KLRF1,False,False,False,False
CD8,CD8.c08.Tk.TYROBP,CD8_Effector,standard,13,TUBA4A,False,False,False,False
CD8,CD8.c08.Tk.TYROBP,CD8_Effector,standard,14,ISG20,False,False,False,False
CD8,CD8.c08.Tk.TYROBP,CD8_Effector,standard,15,RPL3,True,True,False,False
CD8,CD8.c08.Tk.TYROBP,CD8_Effector,standard,16,RPS3,True,True,False,False
CD8,CD8.c08.Tk.TYROBP,CD8_Effector,standard,17,GZMM,False,False,False,False
CD8,CD8.c08.Tk.TYROBP,CD8_Effector,standard,18,AOAH,False,False,False,False
CD8,CD8.c08.Tk.TYROBP,CD8_Effector,standard,19,EEF1A1,True,True,False,False
CD8,CD8.c08.Tk.TYROBP,CD8_Effector,standard,20,HLA-B,True,True,False,False
CD8,CD8.c08.Tk.TYROBP,CD8_Effector,standard,21,RPL27A,True,True,False,False
CD8,CD8.c08.Tk.TYROBP,CD8_Effector,standard,22,RPS14,True,True,False,False
CD8,CD8.c08.Tk.TYROBP,CD8_Effector,standard,23,CALM1,False,False,False,False
CD8,CD8.c08.Tk.TYROBP,CD8_Effector,standard,24,KLRG1,False,False,False,True
CD8,CD8.c08.Tk.TYROBP,CD8_Effector,standard,25,PLAC8,False,False,False,False
CD8,CD8.c08.Tk.TYROBP,CD8_Effector,standard,26,ZFP36,False,False,False,False
CD8,CD8.c08.Tk.TYROBP,CD8_Effector,standard,27,IER2,False,False,False,False
CD8,CD8.c08.Tk.TYROBP,CD8_Effector,standard,28,RPL8,True,True,False,False
CD8,CD8.c08.Tk.TYROBP,CD8_Effector,standard,29,APMAP,False,False,False,False
CD8,CD8.c08.Tk.TYROBP,CD8_Effector,standard,30,S1PR5,False,False,False,False
CD8,CD8.c08.Tk.TYROBP,CD8_Effector,standard,31,FCGR3A,False,False,False,False
CD8,CD8.c08.Tk.TYROBP,CD8_Effector,standard,32,RPS12,True,True,False,False
CD8,CD8.c08.Tk.TYROBP,CD8_Effector,standard,33,MT-ND3,True,True,False,False
CD8,CD8.c08.Tk.TYROBP,CD8_Effector,standard,34,TGFB1,False,False,False,False
CD8,CD8.c08.Tk.TYROBP,CD8_Effector,standard,35,RPL21,True,True,False,False
CD8,CD8.c08.Tk.TYROBP,CD8_Effector,standard,36,MT-CO3,True,True,False,False
CD8,CD8.c08.Tk.TYROBP,CD8_Effector,standard,37,MT-ATP8,True,True,False,False
CD8,CD8.c08.Tk.TYROBP,CD8_Effector,standard,38,SH2D2A,False,False,False,False
CD8,CD8.c08.Tk.TYROBP,CD8_Effector,standard,39,FYN,False,False,False,False
CD8,CD8.c08.Tk.TYROBP,CD8_Effector,standard,40,KLRC3,False,False,False,False
CD8,CD8.c08.Tk.TYROBP,CD8_Effector,standard,41,TMEM2,False,False,False,False
CD8,CD8.c08.Tk.TYROBP,CD8_Effector,standard,42,IFNGR1,False,False,False,False
CD8,CD8.c08.Tk.TYROBP,CD8_Effector,standard,43,RPS3A,True,True,False,False
CD8,CD8.c08.Tk.TYROBP,CD8_Effector,standard,44,RNF125,False,False,False,False
CD8,CD8.c08.Tk.TYROBP,CD8_Effector,standard,45,SYTL3,False,False,False,False
CD8,CD8.c08.Tk.TYROBP,CD8_Effector,standard,46,LPCAT1,False,False,False,False
CD8,CD8.c08.Tk.TYROBP,CD8_Effector,standard,47,RPL10,True,True,False,False
CD8,CD8.c08.Tk.TYROBP,CD8_Effector,standard,48,IFITM2,False,False,False,False
CD8,CD8.c08.Tk.TYROBP,CD8_Effector,standard,49,MT-CO2,True,True,False,False
CD8,CD8.c08.Tk.TYROBP,CD8_Effector,standard,50,TRDV1,True,True,False,False
CD8,CD8.c08.Tk.TYROBP,CD8_Effector,filter_only,1,KLRD1,False,False,False,False
CD8,CD8.c08.Tk.TYROBP,CD8_Effector,filter_only,2,CST7,False,False,False,False
CD8,CD8.c08.Tk.TYROBP,CD8_Effector,filter_only,3,PIK3R1,False,False,False,False
CD8,CD8.c08.Tk.TYROBP,CD8_Effector,filter_only,4,CMC1,False,False,False,False
CD8,CD8.c08.Tk.TYROBP,CD8_Effector,filter_only,5,TYROBP,False,False,False,False
CD8,CD8.c08.Tk.TYROBP,CD8_Effector,filter_only,6,LITAF,False,False,False,False
CD8,CD8.c08.Tk.TYROBP,CD8_Effector,filter_only,7,NKG7,False,False,False,True
CD8,CD8.c08.Tk.TYROBP,CD8_Effector,filter_only,8,DUSP2,False,False,False,False
CD8,CD8.c08.Tk.TYROBP,CD8_Effector,filter_only,9,FAM177A1,False,False,False,False
CD8,CD8.c08.Tk.TYROBP,CD8_Effector,filter_only,10,PRF1,False,False,False,True
CD8,CD8.c08.Tk.TYROBP,CD8_Effector,filter_only,11,KLRF1,False,False,False,False
CD8,CD8.c08.Tk.TYROBP,CD8_Effector,filter_only,12,TUBA4A,False,False,False,False
CD8,CD8.c08.Tk.TYROBP,CD8_Effector,filter_only,13,ISG20,False,False,False,False
CD8,CD8.c08.Tk.TYROBP,CD8_Effector,filter_only,14,GZMM,False,False,False,False
CD8,CD8.c08.Tk.TYROBP,CD8_Effector,filter_only,15,AOAH,False,False,False,False
CD8,CD8.c08.Tk.TYROBP,CD8_Effector,filter_only,16,RPL27A,True,True,False,False
CD8,CD8.c08.Tk.TYROBP,CD8_Effector,filter_only,17,CALM1,False,False,False,False
CD8,CD8.c08.Tk.TYROBP,CD8_Effector,filter_only,18,KLRG1,False,False,False,True
CD8,CD8.c08.Tk.TYROBP,CD8_Effector,filter_only,19,PLAC8,False,False,False,False
CD8,CD8.c08.Tk.TYROBP,CD8_Effector,filter_only,20,ZFP36,False,False,False,False
CD8,CD8.c08.Tk.TYROBP,CD8_Effector,filter_only,21,IER2,False,False,False,False
CD8,CD8.c08.Tk.TYROBP,CD8_Effector,filter_only,22,APMAP,False,False,False,False
CD8,CD8.c08.Tk.TYROBP,CD8_Effector,filter_only,23,S1PR5,False,False,False,False
CD8,CD8.c08.Tk.TYROBP,CD8_Effector,filter_only,24,FCGR3A,False,False,False,False
CD8,CD8.c08.Tk.TYROBP,CD8_Effector,filter_only,25,MT-ND3,True,True,False,False
CD8,CD8.c08.Tk.TYROBP,CD8_Effector,filter_only,26,TGFB1,False,False,False,False
CD8,CD8.c08.Tk.TYROBP,CD8_Effector,filter_only,27,MT-CO3,True,True,False,False
CD8,CD8.c08.Tk.TYROBP,CD8_Effector,filter_only,28,MT-ATP8,True,True,False,False
CD8,CD8.c08.Tk.TYROBP,CD8_Effector,filter_only,29,SH2D2A,False,False,False,False
CD8,CD8.c08.Tk.TYROBP,CD8_Effector,filter_only,30,FYN,False,False,False,False
CD8,CD8.c08.Tk.TYROBP,CD8_Effector,filter_only,31,KLRC3,False,False,False,False
CD8,CD8.c08.Tk.TYROBP,CD8_Effector,filter_only,32,TMEM2,False,False,False,False
CD8,CD8.c08.Tk.TYROBP,CD8_Effector,filter_only,33,IFNGR1,False,False,False,False
CD8,CD8.c08.Tk.TYROBP,CD8_Effector,filter_only,34,RNF125,False,False,False,False
CD8,CD8.c08.Tk.TYROBP,CD8_Effector,filter_only,35,SYTL3,False,False,False,False
CD8,CD8.c08.Tk.TYROBP,CD8_Effector,filter_only,36,LPCAT1,False,False,False,False
CD8,CD8.c08.Tk.TYROBP,CD8_Effector,filter_only,37,IFITM2,False,False,False,False
CD8,CD8.c08.Tk.TYROBP,CD8_Effector,filter_only,38,TRDV1,True,True,False,False
CD8,CD8.c08.Tk.TYROBP,CD8_Effector,filter_only,39,PABPC1,False,False,False,False
CD8,CD8.c08.Tk.TYROBP,CD8_Effector,filter_only,40,KIR2DL3,False,False,False,False
CD8,CD8.c08.Tk.TYROBP,CD8_Effector,filter_only,41,VPS37B,False,False,False,False
CD8,CD8.c08.Tk.TYROBP,CD8_Effector,filter_only,42,EEF1B2,True,True,False,False
CD8,CD8.c08.Tk.TYROBP,CD8_Effector,filter_only,43,RPL37,True,True,False,False
CD8,CD8.c08.Tk.TYROBP,CD8_Effector,filter_only,44,MT-CYB,True,True,False,False
CD8,CD8.c08.Tk.TYROBP,CD8_Effector,filter_only,45,FCMR,False,False,False,False
CD8,CD8.c08.Tk.TYROBP,CD8_Effector,filter_only,46,RPL37A,True,True,False,False
CD8,CD8.c08.Tk.TYROBP,CD8_Effector,filter_only,47,CYBA,False,False,False,False
CD8,CD8.c08.Tk.TYROBP,CD8_Effector,filter_only,48,AIM1,False,False,False,False
CD8,CD8.c08.Tk.TYROBP,CD8_Effector,filter_only,49,NR4A2,False,False,False,False
CD8,CD8.c08.Tk.TYROBP,CD8_Effector,filter_only,50,CREM,False,False,False,False
CD8,CD8.c08.Tk.TYROBP,CD8_Effector,regex_mask,1,KLRD1,False,False,False,False
CD8,CD8.c08.Tk.TYROBP,CD8_Effector,regex_mask,2,CST7,False,False,False,False
CD8,CD8.c08.Tk.TYROBP,CD8_Effector,regex_mask,3,PIK3R1,False,False,False,False
CD8,CD8.c08.Tk.TYROBP,CD8_Effector,regex_mask,4,CMC1,False,False,False,False
CD8,CD8.c08.Tk.TYROBP,CD8_Effector,regex_mask,5,TYROBP,False,False,False,False
CD8,CD8.c08.Tk.TYROBP,CD8_Effector,regex_mask,6,LITAF,False,False,False,False
CD8,CD8.c08.Tk.TYROBP,CD8_Effector,regex_mask,7,NKG7,False,False,False,True
CD8,CD8.c08.Tk.TYROBP,CD8_Effector,regex_mask,8,DUSP2,False,False,False,False
CD8,CD8.c08.Tk.TYROBP,CD8_Effector,regex_mask,9,FAM177A1,False,False,False,False
CD8,CD8.c08.Tk.TYROBP,CD8_Effector,regex_mask,10,PRF1,False,False,False,True
CD8,CD8.c08.Tk.TYROBP,CD8_Effector,regex_mask,11,KLRF1,False,False,False,False
CD8,CD8.c08.Tk.TYROBP,CD8_Effector,regex_mask,12,TUBA4A,False,False,False,False
CD8,CD8.c08.Tk.TYROBP,CD8_Effector,regex_mask,13,ISG20,False,False,False,False
CD8,CD8.c08.Tk.TYROBP,CD8_Effector,regex_mask,14,GZMM,False,False,False,False
CD8,CD8.c08.Tk.TYROBP,CD8_Effector,regex_mask,15,AOAH,False,False,False,False
CD8,CD8.c08.Tk.TYROBP,CD8_Effector,regex_mask,16,CALM1,False,False,False,False
CD8,CD8.c08.Tk.TYROBP,CD8_Effector,regex_mask,17,KLRG1,False,False,False,True
CD8,CD8.c08.Tk.TYROBP,CD8_Effector,regex_mask,18,PLAC8,False,False,False,False
CD8,CD8.c08.Tk.TYROBP,CD8_Effector,regex_mask,19,ZFP36,False,False,False,False
CD8,CD8.c08.Tk.TYROBP,CD8_Effector,regex_mask,20,IER2,False,False,False,False
CD8,CD8.c08.Tk.TYROBP,CD8_Effector,regex_mask,21,APMAP,False,False,False,False
CD8,CD8.c08.Tk.TYROBP,CD8_Effector,regex_mask,22,S1PR5,False,False,False,False
CD8,CD8.c08.Tk.TYROBP,CD8_Effector,regex_mask,23,FCGR3A,False,False,False,False
CD8,CD8.c08.Tk.TYROBP,CD8_Effector,regex_mask,24,TGFB1,False,False,False,False
CD8,CD8.c08.Tk.TYROBP,CD8_Effector,regex_mask,25,SH2D2A,False,False,False,False
CD8,CD8.c08.Tk.TYROBP,CD8_Effector,regex_mask,26,FYN,False,False,False,False
CD8,CD8.c08.Tk.TYROBP,CD8_Effector,regex_mask,27,KLRC3,False,False,False,False
CD8,CD8.c08.Tk.TYROBP,CD8_Effector,regex_mask,28,TMEM2,False,False,False,False
CD8,CD8.c08.Tk.TYROBP,CD8_Effector,regex_mask,29,IFNGR1,False,False,False,False
CD8,CD8.c08.Tk.TYROBP,CD8_Effector,regex_mask,30,RNF125,False,False,False,False
CD8,CD8.c08.Tk.TYROBP,CD8_Effector,regex_mask,31,SYTL3,False,False,False,False
CD8,CD8.c08.Tk.TYROBP,CD8_Effector,regex_mask,32,LPCAT1,False,False,False,False
CD8,CD8.c08.Tk.TYROBP,CD8_Effector,regex_mask,33,IFITM2,False,False,False,False
CD8,CD8.c08.Tk.TYROBP,CD8_Effector,regex_mask,34,PABPC1,False,False,False,False
CD8,CD8.c08.Tk.TYROBP,CD8_Effector,regex_mask,35,KIR2DL3,False,False,False,False
CD8,CD8.c08.Tk.TYROBP,CD8_Effector,regex_mask,36,VPS37B,False,False,False,False
CD8,CD8.c08.Tk.TYROBP,CD8_Effector,regex_mask,37,FCMR,False,False,False,False
CD8,CD8.c08.Tk.TYROBP,CD8_Effector,regex_mask,38,CYBA,False,False,False,False
CD8,CD8.c08.Tk.TYROBP,CD8_Effector,regex_mask,39,AIM1,False,False,False,False
CD8,CD8.c08.Tk.TYROBP,CD8_Effector,regex_mask,40,NR4A2,False,False,False,False
CD8,CD8.c08.Tk.TYROBP,CD8_Effector,regex_mask,41,CREM,False,False,False,False
CD8,CD8.c08.Tk.TYROBP,CD8_Effector,regex_mask,42,ENC1,False,False,False,False
CD8,CD8.c08.Tk.TYROBP,CD8_Effector,regex_mask,43,FTL,False,False,False,False
CD8,CD8.c08.Tk.TYROBP,CD8_Effector,regex_mask,44,SKIL,False,False,False,False
CD8,CD8.c08.Tk.TYROBP,CD8_Effector,regex_mask,45,CXCR4,False,False,False,False
CD8,CD8.c08.Tk.TYROBP,CD8_Effector,regex_mask,46,C1orf21,False,False,False,False
CD8,CD8.c08.Tk.TYROBP,CD8_Effector,regex_mask,47,ZFP36L2,False,False,False,False
CD8,CD8.c08.Tk.TYROBP,CD8_Effector,regex_mask,48,DDIT4,False,False,False,False
CD8,CD8.c08.Tk.TYROBP,CD8_Effector,regex_mask,49,HCST,False,False,False,False
CD8,CD8.c08.Tk.TYROBP,CD8_Effector,regex_mask,50,AKNA,False,False,False,False
CD8,CD8.c08.Tk.TYROBP,CD8_Effector,full_core,1,KLRD1,False,False,False,False
CD8,CD8.c08.Tk.TYROBP,CD8_Effector,full_core,2,CMC1,False,False,False,False
CD8,CD8.c08.Tk.TYROBP,CD8_Effector,full_core,3,TYROBP,False,False,False,False
CD8,CD8.c08.Tk.TYROBP,CD8_Effector,full_core,4,NKG7,False,False,False,True
CD8,CD8.c08.Tk.TYROBP,CD8_Effector,full_core,5,PRF1,False,False,False,True
CD8,CD8.c08.Tk.TYROBP,CD8_Effector,full_core,6,KLRF1,False,False,False,False
CD8,CD8.c08.Tk.TYROBP,CD8_Effector,full_core,7,TUBA4A,False,False,False,False
CD8,CD8.c08.Tk.TYROBP,CD8_Effector,full_core,8,KLRG1,False,False,False,True
CD8,CD8.c08.Tk.TYROBP,CD8_Effector,full_core,9,PLAC8,False,False,False,False
CD8,CD8.c08.Tk.TYROBP,CD8_Effector,full_core,10,ZFP36,False,False,False,False
CD8,CD8.c08.Tk.TYROBP,CD8_Effector,full_core,11,S1PR5,False,False,False,False
CD8,CD8.c08.Tk.TYROBP,CD8_Effector,full_core,12,FCGR3A,False,False,False,False
CD8,CD8.c08.Tk.TYROBP,CD8_Effector,full_core,13,KLRC3,False,False,False,False
CD8,CD8.c08.Tk.TYROBP,CD8_Effector,full_core,14,IFNGR1,False,False,False,False
CD8,CD8.c08.Tk.TYROBP,CD8_Effector,full_core,15,KIR2DL3,False,False,False,False
CD8,CD8.c08.Tk.TYROBP,CD8_Effector,full_core,16,NR4A2,False,False,False,False
CD8,CD8.c08.Tk.TYROBP,CD8_Effector,full_core,17,CREM,False,False,False,False
CD8,CD8.c08.Tk.TYROBP,CD8_Effector,full_core,18,ENC1,False,False,False,False
CD8,CD8.c08.Tk.TYROBP,CD8_Effector,full_core,19,DDIT4,False,False,False,False
CD8,CD8.c08.Tk.TYROBP,CD8_Effector,full_core,20,GNLY,False,False,False,True
CD8,CD8.c08.Tk.TYROBP,CD8_Effector,full_core,21,KIR3DL1,False,False,False,False
CD8,CD8.c08.Tk.TYROBP,CD8_Effector,full_core,22,KIR3DL2,False,False,False,False
CD8,CD8.c08.Tk.TYROBP,CD8_Effector,full_core,23,NR4A3,False,False,False,False
CD8,CD8.c08.Tk.TYROBP,CD8_Effector,full_core,24,KLF3,False,False,False,False
CD8,CD8.c08.Tk.TYROBP,CD8_Effector,full_core,25,HOPX,False,False,False,False
CD8,CD8.c08.Tk.TYROBP,CD8_Effector,full_core,26,FCRL6,False,False,False,False
CD8,CD8.c08.Tk.TYROBP,CD8_Effector,full_core,27,NCR1,False,False,False,False
CD8,CD8.c08.Tk.TYROBP,CD8_Effector,full_core,28,AREG,False,False,False,False
CD8,CD8.c08.Tk.TYROBP,CD8_Effector,full_core,29,XCL2,False,False,False,False
CD8,CD8.c08.Tk.TYROBP,CD8_Effector,full_core,30,KLF2,False,False,False,False
CD8,CD8.c08.Tk.TYROBP,CD8_Effector,full_core,31,IKZF2,False,False,False,False
CD8,CD8.c08.Tk.TYROBP,CD8_Effector,full_core,32,CCL4,False,False,False,False
CD8,CD8.c08.Tk.TYROBP,CD8_Effector,full_core,33,NCR3,False,False,False,False
CD8,CD8.c08.Tk.TYROBP,CD8_Effector,full_core,34,CRTAM,False,False,False,False
CD8,CD8.c08.Tk.TYROBP,CD8_Effector,full_core,35,CTSW,False,False,False,False
CD8,CD8.c08.Tk.TYROBP,CD8_Effector,full_core,36,PLEK,False,False,False,False
CD8,CD8.c08.Tk.TYROBP,CD8_Effector,full_core,37,GZMH,False,False,False,False
CD8,CD8.c08.Tk.TYROBP,CD8_Effector,full_core,38,DUSP1,False,False,False,False
CD8,CD8.c08.Tk.TYROBP,CD8_Effector,full_core,39,ZNF331,False,False,False,False
CD8,CD8.c08.Tk.TYROBP,CD8_Effector,full_core,40,FLNA,False,False,False,False
CD8,CD8.c08.Tk.TYROBP,CD8_Effector,full_core,41,GZMB,False,False,False,True
CD8,CD8.c08.Tk.TYROBP,CD8_Effector,full_core,42,RP11-277P12.6,False,False,False,False
CD8,CD8.c08.Tk.TYROBP,CD8_Effector,full_core,43,CD160,False,False,False,False
CD8,CD8.c08.Tk.TYROBP,CD8_Effector,full_core,44,KLRC2,False,False,False,False
CD8,CD8.c08.Tk.TYROBP,CD8_Effector,full_core,45,LMNA,False,False,False,False
CD8,CD8.c08.Tk.TYROBP,CD8_Effector,full_core,46,KLRB1,False,False,False,False
CD8,CD8.c08.Tk.TYROBP,CD8_Effector,full_core,47,YBX3,False,False,False,False
CD8,CD8.c08.Tk.TYROBP,CD8_Effector,full_core,48,CHMP1B,False,False,False,False
CD8,CD8.c08.Tk.TYROBP,CD8_Effector,full_core,49,DUSP5,False,False,False,False
CD8,CD8.c08.Tk.TYROBP,CD8_Effector,full_core,50,TRGC2,False,False,False,False
CD8,CD8.c09.Tk.KIR2DL4,CD8_Effector,standard,1,KLRD1,False,False,False,False
CD8,CD8.c09.Tk.KIR2DL4,CD8_Effector,standard,2,TYROBP,False,False,False,False
CD8,CD8.c09.Tk.KIR2DL4,CD8_Effector,standard,3,PIK3R1,False,False,False,False
CD8,CD8.c09.Tk.KIR2DL4,CD8_Effector,standard,4,XCL1,False,False,False,False
CD8,CD8.c09.Tk.KIR2DL4,CD8_Effector,standard,5,CD7,False,False,False,False
CD8,CD8.c09.Tk.KIR2DL4,CD8_Effector,standard,6,KLRC3,False,False,False,False
CD8,CD8.c09.Tk.KIR2DL4,CD8_Effector,standard,7,XCL2,False,False,False,False
CD8,CD8.c09.Tk.KIR2DL4,CD8_Effector,standard,8,LITAF,False,False,False,False
CD8,CD8.c09.Tk.KIR2DL4,CD8_Effector,standard,9,ZFP36,False,False,False,False
CD8,CD8.c09.Tk.KIR2DL4,CD8_Effector,standard,10,CTSW,False,False,False,False
CD8,CD8.c09.Tk.KIR2DL4,CD8_Effector,standard,11,SRGN,False,True,True,False
CD8,CD8.c09.Tk.KIR2DL4,CD8_Effector,standard,12,GNLY,False,False,False,True
CD8,CD8.c09.Tk.KIR2DL4,CD8_Effector,standard,13,KLRC2,False,False,False,False
CD8,CD8.c09.Tk.KIR2DL4,CD8_Effector,standard,14,AREG,False,False,False,False
CD8,CD8.c09.Tk.KIR2DL4,CD8_Effector,standard,15,KIR2DL3,False,False,False,False
CD8,CD8.c09.Tk.KIR2DL4,CD8_Effector,standard,16,CD63,False,False,False,False
CD8,CD8.c09.Tk.KIR2DL4,CD8_Effector,standard,17,IFITM2,False,False,False,False
CD8,CD8.c09.Tk.KIR2DL4,CD8_Effector,standard,18,LMNA,False,False,False,False
CD8,CD8.c09.Tk.KIR2DL4,CD8_Effector,standard,19,NR4A2,False,False,False,False
CD8,CD8.c09.Tk.KIR2DL4,CD8_Effector,standard,20,HOPX,False,False,False,False
CD8,CD8.c09.Tk.KIR2DL4,CD8_Effector,standard,21,ZFP36L2,False,False,False,False
CD8,CD8.c09.Tk.KIR2DL4,CD8_Effector,standard,22,KIR2DL4,False,False,False,False
CD8,CD8.c09.Tk.KIR2DL4,CD8_Effector,standard,23,DUSP2,False,False,False,False
CD8,CD8.c09.Tk.KIR2DL4,CD8_Effector,standard,24,MCL1,False,False,False,False
CD8,CD8.c09.Tk.KIR2DL4,CD8_Effector,standard,25,SLA2,False,False,False,False
CD8,CD8.c09.Tk.KIR2DL4,CD8_Effector,standard,26,IDI1,False,False,False,False
CD8,CD8.c09.Tk.KIR2DL4,CD8_Effector,standard,27,KIR3DL2,False,False,False,False
CD8,CD8.c09.Tk.KIR2DL4,CD8_Effector,standard,28,FOS,True,True,False,False
CD8,CD8.c09.Tk.KIR2DL4,CD8_Effector,standard,29,FOSL2,True,True,False,False
CD8,CD8.c09.Tk.KIR2DL4,CD8_Effector,standard,30,VPS37B,False,False,False,False
CD8,CD8.c09.Tk.KIR2DL4,CD8_Effector,standard,31,SYTL3,False,False,False,False
CD8,CD8.c09.Tk.KIR2DL4,CD8_Effector,standard,32,SCML4,False,False,False,False
CD8,CD8.c09.Tk.KIR2DL4,CD8_Effector,standard,33,REL,False,False,False,False
CD8,CD8.c09.Tk.KIR2DL4,CD8_Effector,standard,34,TUBA4A,False,False,False,False
CD8,CD8.c09.Tk.KIR2DL4,CD8_Effector,standard,35,RNF125,False,False,False,False
CD8,CD8.c09.Tk.KIR2DL4,CD8_Effector,standard,36,GLUL,False,False,False,False
CD8,CD8.c09.Tk.KIR2DL4,CD8_Effector,standard,37,FYN,False,False,False,False
CD8,CD8.c09.Tk.KIR2DL4,CD8_Effector,standard,38,FAM177A1,False,False,False,False
CD8,CD8.c09.Tk.KIR2DL4,CD8_Effector,standard,39,MATK,False,False,False,False
CD8,CD8.c09.Tk.KIR2DL4,CD8_Effector,standard,40,NR4A3,False,False,False,False
CD8,CD8.c09.Tk.KIR2DL4,CD8_Effector,standard,41,MT-ND4,True,True,False,False
CD8,CD8.c09.Tk.KIR2DL4,CD8_Effector,standard,42,SLC16A3,False,False,False,False
CD8,CD8.c09.Tk.KIR2DL4,CD8_Effector,standard,43,TSC22D3,False,False,False,False
CD8,CD8.c09.Tk.KIR2DL4,CD8_Effector,standard,44,TAGLN2,False,False,False,False
CD8,CD8.c09.Tk.KIR2DL4,CD8_Effector,standard,45,AOAH,False,False,False,False
CD8,CD8.c09.Tk.KIR2DL4,CD8_Effector,standard,46,ADGRE5,False,False,False,False
CD8,CD8.c09.Tk.KIR2DL4,CD8_Effector,standard,47,CCL4,False,False,False,False
CD8,CD8.c09.Tk.KIR2DL4,CD8_Effector,standard,48,CREM,False,False,False,False
CD8,CD8.c09.Tk.KIR2DL4,CD8_Effector,standard,49,ARHGAP9,False,False,False,False
CD8,CD8.c09.Tk.KIR2DL4,CD8_Effector,standard,50,IER2,False,False,False,False
CD8,CD8.c09.Tk.KIR2DL4,CD8_Effector,filter_only,1,KLRD1,False,False,False,False
CD8,CD8.c09.Tk.KIR2DL4,CD8_Effector,filter_only,2,TYROBP,False,False,False,False
CD8,CD8.c09.Tk.KIR2DL4,CD8_Effector,filter_only,3,PIK3R1,False,False,False,False
CD8,CD8.c09.Tk.KIR2DL4,CD8_Effector,filter_only,4,XCL1,False,False,False,False
CD8,CD8.c09.Tk.KIR2DL4,CD8_Effector,filter_only,5,CD7,False,False,False,False
CD8,CD8.c09.Tk.KIR2DL4,CD8_Effector,filter_only,6,KLRC3,False,False,False,False
CD8,CD8.c09.Tk.KIR2DL4,CD8_Effector,filter_only,7,XCL2,False,False,False,False
CD8,CD8.c09.Tk.KIR2DL4,CD8_Effector,filter_only,8,LITAF,False,False,False,False
CD8,CD8.c09.Tk.KIR2DL4,CD8_Effector,filter_only,9,ZFP36,False,False,False,False
CD8,CD8.c09.Tk.KIR2DL4,CD8_Effector,filter_only,10,CTSW,False,False,False,False
CD8,CD8.c09.Tk.KIR2DL4,CD8_Effector,filter_only,11,GNLY,False,False,False,True
CD8,CD8.c09.Tk.KIR2DL4,CD8_Effector,filter_only,12,KLRC2,False,False,False,False
CD8,CD8.c09.Tk.KIR2DL4,CD8_Effector,filter_only,13,AREG,False,False,False,False
CD8,CD8.c09.Tk.KIR2DL4,CD8_Effector,filter_only,14,KIR2DL3,False,False,False,False
CD8,CD8.c09.Tk.KIR2DL4,CD8_Effector,filter_only,15,CD63,False,False,False,False
CD8,CD8.c09.Tk.KIR2DL4,CD8_Effector,filter_only,16,IFITM2,False,False,False,False
CD8,CD8.c09.Tk.KIR2DL4,CD8_Effector,filter_only,17,LMNA,False,False,False,False
CD8,CD8.c09.Tk.KIR2DL4,CD8_Effector,filter_only,18,NR4A2,False,False,False,False
CD8,CD8.c09.Tk.KIR2DL4,CD8_Effector,filter_only,19,HOPX,False,False,False,False
CD8,CD8.c09.Tk.KIR2DL4,CD8_Effector,filter_only,20,ZFP36L2,False,False,False,False
CD8,CD8.c09.Tk.KIR2DL4,CD8_Effector,filter_only,21,KIR2DL4,False,False,False,False
CD8,CD8.c09.Tk.KIR2DL4,CD8_Effector,filter_only,22,DUSP2,False,False,False,False
CD8,CD8.c09.Tk.KIR2DL4,CD8_Effector,filter_only,23,MCL1,False,False,False,False
CD8,CD8.c09.Tk.KIR2DL4,CD8_Effector,filter_only,24,SLA2,False,False,False,False
CD8,CD8.c09.Tk.KIR2DL4,CD8_Effector,filter_only,25,IDI1,False,False,False,False
CD8,CD8.c09.Tk.KIR2DL4,CD8_Effector,filter_only,26,KIR3DL2,False,False,False,False
CD8,CD8.c09.Tk.KIR2DL4,CD8_Effector,filter_only,27,FOS,True,True,False,False
CD8,CD8.c09.Tk.KIR2DL4,CD8_Effector,filter_only,28,FOSL2,True,True,False,False
CD8,CD8.c09.Tk.KIR2DL4,CD8_Effector,filter_only,29,VPS37B,False,False,False,False
CD8,CD8.c09.Tk.KIR2DL4,CD8_Effector,filter_only,30,SYTL3,False,False,False,False
CD8,CD8.c09.Tk.KIR2DL4,CD8_Effector,filter_only,31,SCML4,False,False,False,False
CD8,CD8.c09.Tk.KIR2DL4,CD8_Effector,filter_only,32,REL,False,False,False,False
CD8,CD8.c09.Tk.KIR2DL4,CD8_Effector,filter_only,33,TUBA4A,False,False,False,False
CD8,CD8.c09.Tk.KIR2DL4,CD8_Effector,filter_only,34,RNF125,False,False,False,False
CD8,CD8.c09.Tk.KIR2DL4,CD8_Effector,filter_only,35,GLUL,False,False,False,False
CD8,CD8.c09.Tk.KIR2DL4,CD8_Effector,filter_only,36,FYN,False,False,False,False
CD8,CD8.c09.Tk.KIR2DL4,CD8_Effector,filter_only,37,FAM177A1,False,False,False,False
CD8,CD8.c09.Tk.KIR2DL4,CD8_Effector,filter_only,38,MATK,False,False,False,False
CD8,CD8.c09.Tk.KIR2DL4,CD8_Effector,filter_only,39,NR4A3,False,False,False,False
CD8,CD8.c09.Tk.KIR2DL4,CD8_Effector,filter_only,40,MT-ND4,True,True,False,False
CD8,CD8.c09.Tk.KIR2DL4,CD8_Effector,filter_only,41,SLC16A3,False,False,False,False
CD8,CD8.c09.Tk.KIR2DL4,CD8_Effector,filter_only,42,TSC22D3,False,False,False,False
CD8,CD8.c09.Tk.KIR2DL4,CD8_Effector,filter_only,43,TAGLN2,False,False,False,False
CD8,CD8.c09.Tk.KIR2DL4,CD8_Effector,filter_only,44,AOAH,False,False,False,False
CD8,CD8.c09.Tk.KIR2DL4,CD8_Effector,filter_only,45,ADGRE5,False,False,False,False
CD8,CD8.c09.Tk.KIR2DL4,CD8_Effector,filter_only,46,CCL4,False,False,False,False
CD8,CD8.c09.Tk.KIR2DL4,CD8_Effector,filter_only,47,CREM,False,False,False,False
CD8,CD8.c09.Tk.KIR2DL4,CD8_Effector,filter_only,48,ARHGAP9,False,False,False,False
CD8,CD8.c09.Tk.KIR2DL4,CD8_Effector,filter_only,49,IER2,False,False,False,False
CD8,CD8.c09.Tk.KIR2DL4,CD8_Effector,filter_only,50,ABCB1,False,False,False,False
CD8,CD8.c09.Tk.KIR2DL4,CD8_Effector,regex_mask,1,KLRD1,False,False,False,False
CD8,CD8.c09.Tk.KIR2DL4,CD8_Effector,regex_mask,2,TYROBP,False,False,False,False
CD8,CD8.c09.Tk.KIR2DL4,CD8_Effector,regex_mask,3,PIK3R1,False,False,False,False
CD8,CD8.c09.Tk.KIR2DL4,CD8_Effector,regex_mask,4,XCL1,False,False,False,False
CD8,CD8.c09.Tk.KIR2DL4,CD8_Effector,regex_mask,5,CD7,False,False,False,False
CD8,CD8.c09.Tk.KIR2DL4,CD8_Effector,regex_mask,6,KLRC3,False,False,False,False
CD8,CD8.c09.Tk.KIR2DL4,CD8_Effector,regex_mask,7,XCL2,False,False,False,False
CD8,CD8.c09.Tk.KIR2DL4,CD8_Effector,regex_mask,8,LITAF,False,False,False,False
CD8,CD8.c09.Tk.KIR2DL4,CD8_Effector,regex_mask,9,ZFP36,False,False,False,False
CD8,CD8.c09.Tk.KIR2DL4,CD8_Effector,regex_mask,10,CTSW,False,False,False,False
CD8,CD8.c09.Tk.KIR2DL4,CD8_Effector,regex_mask,11,GNLY,False,False,False,True
CD8,CD8.c09.Tk.KIR2DL4,CD8_Effector,regex_mask,12,KLRC2,False,False,False,False
CD8,CD8.c09.Tk.KIR2DL4,CD8_Effector,regex_mask,13,AREG,False,False,False,False
CD8,CD8.c09.Tk.KIR2DL4,CD8_Effector,regex_mask,14,KIR2DL3,False,False,False,False
CD8,CD8.c09.Tk.KIR2DL4,CD8_Effector,regex_mask,15,CD63,False,False,False,False
CD8,CD8.c09.Tk.KIR2DL4,CD8_Effector,regex_mask,16,IFITM2,False,False,False,False
CD8,CD8.c09.Tk.KIR2DL4,CD8_Effector,regex_mask,17,LMNA,False,False,False,False
CD8,CD8.c09.Tk.KIR2DL4,CD8_Effector,regex_mask,18,NR4A2,False,False,False,False
CD8,CD8.c09.Tk.KIR2DL4,CD8_Effector,regex_mask,19,HOPX,False,False,False,False
CD8,CD8.c09.Tk.KIR2DL4,CD8_Effector,regex_mask,20,ZFP36L2,False,False,False,False
CD8,CD8.c09.Tk.KIR2DL4,CD8_Effector,regex_mask,21,KIR2DL4,False,False,False,False
CD8,CD8.c09.Tk.KIR2DL4,CD8_Effector,regex_mask,22,DUSP2,False,False,False,False
CD8,CD8.c09.Tk.KIR2DL4,CD8_Effector,regex_mask,23,MCL1,False,False,False,False
CD8,CD8.c09.Tk.KIR2DL4,CD8_Effector,regex_mask,24,SLA2,False,False,False,False
CD8,CD8.c09.Tk.KIR2DL4,CD8_Effector,regex_mask,25,IDI1,False,False,False,False
CD8,CD8.c09.Tk.KIR2DL4,CD8_Effector,regex_mask,26,KIR3DL2,False,False,False,False
CD8,CD8.c09.Tk.KIR2DL4,CD8_Effector,regex_mask,27,VPS37B,False,False,False,False
CD8,CD8.c09.Tk.KIR2DL4,CD8_Effector,regex_mask,28,SYTL3,False,False,False,False
CD8,CD8.c09.Tk.KIR2DL4,CD8_Effector,regex_mask,29,SCML4,False,False,False,False
CD8,CD8.c09.Tk.KIR2DL4,CD8_Effector,regex_mask,30,REL,False,False,False,False
CD8,CD8.c09.Tk.KIR2DL4,CD8_Effector,regex_mask,31,TUBA4A,False,False,False,False
CD8,CD8.c09.Tk.KIR2DL4,CD8_Effector,regex_mask,32,RNF125,False,False,False,False
CD8,CD8.c09.Tk.KIR2DL4,CD8_Effector,regex_mask,33,GLUL,False,False,False,False
CD8,CD8.c09.Tk.KIR2DL4,CD8_Effector,regex_mask,34,FYN,False,False,False,False
CD8,CD8.c09.Tk.KIR2DL4,CD8_Effector,regex_mask,35,FAM177A1,False,False,False,False
CD8,CD8.c09.Tk.KIR2DL4,CD8_Effector,regex_mask,36,MATK,False,False,False,False
CD8,CD8.c09.Tk.KIR2DL4,CD8_Effector,regex_mask,37,NR4A3,False,False,False,False
CD8,CD8.c09.Tk.KIR2DL4,CD8_Effector,regex_mask,38,SLC16A3,False,False,False,False
CD8,CD8.c09.Tk.KIR2DL4,CD8_Effector,regex_mask,39,TSC22D3,False,False,False,False
CD8,CD8.c09.Tk.KIR2DL4,CD8_Effector,regex_mask,40,TAGLN2,False,False,False,False
CD8,CD8.c09.Tk.KIR2DL4,CD8_Effector,regex_mask,41,AOAH,False,False,False,False
CD8,CD8.c09.Tk.KIR2DL4,CD8_Effector,regex_mask,42,ADGRE5,False,False,False,False
CD8,CD8.c09.Tk.KIR2DL4,CD8_Effector,regex_mask,43,CCL4,False,False,False,False
CD8,CD8.c09.Tk.KIR2DL4,CD8_Effector,regex_mask,44,CREM,False,False,False,False
CD8,CD8.c09.Tk.KIR2DL4,CD8_Effector,regex_mask,45,ARHGAP9,False,False,False,False
CD8,CD8.c09.Tk.KIR2DL4,CD8_Effector,regex_mask,46,IER2,False,False,False,False
CD8,CD8.c09.Tk.KIR2DL4,CD8_Effector,regex_mask,47,ABCB1,False,False,False,False
CD8,CD8.c09.Tk.KIR2DL4,CD8_Effector,regex_mask,48,SYAP1,False,False,False,False
CD8,CD8.c09.Tk.KIR2DL4,CD8_Effector,regex_mask,49,MAFF,False,False,False,False
CD8,CD8.c09.Tk.KIR2DL4,CD8_Effector,regex_mask,50,ZEB2,False,False,False,False
CD8,CD8.c09.Tk.KIR2DL4,CD8_Effector,full_core,1,KLRD1,False,False,False,False
CD8,CD8.c09.Tk.KIR2DL4,CD8_Effector,full_core,2,TYROBP,False,False,False,False
CD8,CD8.c09.Tk.KIR2DL4,CD8_Effector,full_core,3,XCL1,False,False,False,False
CD8,CD8.c09.Tk.KIR2DL4,CD8_Effector,full_core,4,KLRC3,False,False,False,False
CD8,CD8.c09.Tk.KIR2DL4,CD8_Effector,full_core,5,XCL2,False,False,False,False
CD8,CD8.c09.Tk.KIR2DL4,CD8_Effector,full_core,6,ZFP36,False,False,False,False
CD8,CD8.c09.Tk.KIR2DL4,CD8_Effector,full_core,7,CTSW,False,False,False,False
CD8,CD8.c09.Tk.KIR2DL4,CD8_Effector,full_core,8,GNLY,False,False,False,True
CD8,CD8.c09.Tk.KIR2DL4,CD8_Effector,full_core,9,KLRC2,False,False,False,False
CD8,CD8.c09.Tk.KIR2DL4,CD8_Effector,full_core,10,AREG,False,False,False,False
CD8,CD8.c09.Tk.KIR2DL4,CD8_Effector,full_core,11,KIR2DL3,False,False,False,False
CD8,CD8.c09.Tk.KIR2DL4,CD8_Effector,full_core,12,LMNA,False,False,False,False
CD8,CD8.c09.Tk.KIR2DL4,CD8_Effector,full_core,13,NR4A2,False,False,False,False
CD8,CD8.c09.Tk.KIR2DL4,CD8_Effector,full_core,14,HOPX,False,False,False,False
CD8,CD8.c09.Tk.KIR2DL4,CD8_Effector,full_core,15,KIR2DL4,False,False,False,False
CD8,CD8.c09.Tk.KIR2DL4,CD8_Effector,full_core,16,KIR3DL2,False,False,False,False
CD8,CD8.c09.Tk.KIR2DL4,CD8_Effector,full_core,17,REL,False,False,False,False
CD8,CD8.c09.Tk.KIR2DL4,CD8_Effector,full_core,18,TUBA4A,False,False,False,False
CD8,CD8.c09.Tk.KIR2DL4,CD8_Effector,full_core,19,GLUL,False,False,False,False
CD8,CD8.c09.Tk.KIR2DL4,CD8_Effector,full_core,20,NR4A3,False,False,False,False
CD8,CD8.c09.Tk.KIR2DL4,CD8_Effector,full_core,21,SLC16A3,False,False,False,False
CD8,CD8.c09.Tk.KIR2DL4,CD8_Effector,full_core,22,CCL4,False,False,False,False
CD8,CD8.c09.Tk.KIR2DL4,CD8_Effector,full_core,23,CREM,False,False,False,False
CD8,CD8.c09.Tk.KIR2DL4,CD8_Effector,full_core,24,RP11-277P12.6,False,False,False,False
CD8,CD8.c09.Tk.KIR2DL4,CD8_Effector,full_core,25,LYN,False,False,False,False
CD8,CD8.c09.Tk.KIR2DL4,CD8_Effector,full_core,26,PRF1,False,False,False,True
CD8,CD8.c09.Tk.KIR2DL4,CD8_Effector,full_core,27,MAP3K8,False,False,False,False
CD8,CD8.c09.Tk.KIR2DL4,CD8_Effector,full_core,28,NCR3,False,False,False,False
CD8,CD8.c09.Tk.KIR2DL4,CD8_Effector,full_core,29,IFNGR1,False,False,False,False
CD8,CD8.c09.Tk.KIR2DL4,CD8_Effector,full_core,30,DDIT4,False,False,False,False
CD8,CD8.c09.Tk.KIR2DL4,CD8_Effector,full_core,31,IKZF2,False,False,False,False
CD8,CD8.c09.Tk.KIR2DL4,CD8_Effector,full_core,32,ALOX5AP,False,False,False,False
CD8,CD8.c09.Tk.KIR2DL4,CD8_Effector,full_core,33,IL2RB,False,False,False,False
CD8,CD8.c09.Tk.KIR2DL4,CD8_Effector,full_core,34,LGALS1,False,False,False,False
CD8,CD8.c09.Tk.KIR2DL4,CD8_Effector,full_core,35,KIR3DL1,False,False,False,False
CD8,CD8.c09.Tk.KIR2DL4,CD8_Effector,full_core,36,FCRL6,False,False,False,False
CD8,CD8.c09.Tk.KIR2DL4,CD8_Effector,full_core,37,ZNF331,False,False,False,False
CD8,CD8.c09.Tk.KIR2DL4,CD8_Effector,full_core,38,MYADM,False,False,False,False
CD8,CD8.c09.Tk.KIR2DL4,CD8_Effector,full_core,39,PDE4A,False,False,False,False
CD8,CD8.c09.Tk.KIR2DL4,CD8_Effector,full_core,40,GSTP1,False,False,False,False
CD8,CD8.c09.Tk.KIR2DL4,CD8_Effector,full_core,41,RP11-291B21.2,False,False,False,False
CD8,CD8.c09.Tk.KIR2DL4,CD8_Effector,full_core,42,CDKN1A,False,False,False,False
CD8,CD8.c09.Tk.KIR2DL4,CD8_Effector,full_core,43,CD160,False,False,False,False
CD8,CD8.c09.Tk.KIR2DL4,CD8_Effector,full_core,44,LAT2,False,False,False,False
CD8,CD8.c09.Tk.KIR2DL4,CD8_Effector,full_core,45,NCAM1,False,False,False,False
CD8,CD8.c09.Tk.KIR2DL4,CD8_Effector,full_core,46,S100A10,False,False,False,False
CD8,CD8.c09.Tk.KIR2DL4,CD8_Effector,full_core,47,TRBC1,False,False,False,False
CD8,CD8.c09.Tk.KIR2DL4,CD8_Effector,full_core,48,BHLHE40,False,False,False,False
CD8,CD8.c09.Tk.KIR2DL4,CD8_Effector,full_core,49,DUSP5,False,False,False,False
CD8,CD8.c09.Tk.KIR2DL4,CD8_Effector,full_core,50,NCR1,False,False,False,False
CD8,CD8.c10.Trm.ZNF683,CD8_EffectorMemory,standard,1,TMSB4X,False,True,True,False
CD8,CD8.c10.Trm.ZNF683,CD8_EffectorMemory,standard,2,ARHGDIB,False,True,True,False
CD8,CD8.c10.Trm.ZNF683,CD8_EffectorMemory,standard,3,ZFP36L2,False,False,False,True
CD8,CD8.c10.Trm.ZNF683,CD8_EffectorMemory,standard,4,VIM,False,False,False,False
CD8,CD8.c10.Trm.ZNF683,CD8_EffectorMemory,standard,5,CAPG,False,False,False,False
CD8,CD8.c10.Trm.ZNF683,CD8_EffectorMemory,standard,6,CD52,False,False,False,False
CD8,CD8.c10.Trm.ZNF683,CD8_EffectorMemory,standard,7,HOPX,False,False,False,False
CD8,CD8.c10.Trm.ZNF683,CD8_EffectorMemory,standard,8,S100A4,False,False,False,False
CD8,CD8.c10.Trm.ZNF683,CD8_EffectorMemory,standard,9,SH3BGRL3,False,True,True,False
CD8,CD8.c10.Trm.ZNF683,CD8_EffectorMemory,standard,10,LDLRAD4,False,False,False,False
CD8,CD8.c10.Trm.ZNF683,CD8_EffectorMemory,standard,11,ANXA1,False,False,False,True
CD8,CD8.c10.Trm.ZNF683,CD8_EffectorMemory,standard,12,OSTF1,False,False,False,False
CD8,CD8.c10.Trm.ZNF683,CD8_EffectorMemory,standard,13,ZNF683,False,False,False,False
CD8,CD8.c10.Trm.ZNF683,CD8_EffectorMemory,standard,14,ACTB,False,True,True,False
CD8,CD8.c10.Trm.ZNF683,CD8_EffectorMemory,standard,15,RGCC,False,False,False,False
CD8,CD8.c10.Trm.ZNF683,CD8_EffectorMemory,standard,16,SAMSN1,False,False,False,False
CD8,CD8.c10.Trm.ZNF683,CD8_EffectorMemory,standard,17,ZFP36,False,False,False,False
CD8,CD8.c10.Trm.ZNF683,CD8_EffectorMemory,standard,18,ITGA1,False,False,False,False
CD8,CD8.c10.Trm.ZNF683,CD8_EffectorMemory,standard,19,S100A6,False,False,False,False
CD8,CD8.c10.Trm.ZNF683,CD8_EffectorMemory,standard,20,GLIPR1,False,False,False,False
CD8,CD8.c10.Trm.ZNF683,CD8_EffectorMemory,standard,21,XCL1,False,False,False,False
CD8,CD8.c10.Trm.ZNF683,CD8_EffectorMemory,standard,22,RAC2,False,False,False,False
CD8,CD8.c10.Trm.ZNF683,CD8_EffectorMemory,standard,23,PTGER4,False,False,False,False
CD8,CD8.c10.Trm.ZNF683,CD8_EffectorMemory,standard,24,LGALS3,False,False,False,False
CD8,CD8.c10.Trm.ZNF683,CD8_EffectorMemory,standard,25,PFKFB3,False,False,False,False
CD8,CD8.c10.Trm.ZNF683,CD8_EffectorMemory,standard,26,GPR183,False,False,False,False
CD8,CD8.c10.Trm.ZNF683,CD8_EffectorMemory,standard,27,CXCR4,False,False,False,True
CD8,CD8.c10.Trm.ZNF683,CD8_EffectorMemory,standard,28,IL32,False,True,True,False
CD8,CD8.c10.Trm.ZNF683,CD8_EffectorMemory,standard,29,TOB1,False,False,False,False
CD8,CD8.c10.Trm.ZNF683,CD8_EffectorMemory,standard,30,CD7,False,False,False,False
CD8,CD8.c10.Trm.ZNF683,CD8_EffectorMemory,standard,31,ANXA2,False,False,False,False
CD8,CD8.c10.Trm.ZNF683,CD8_EffectorMemory,standard,32,ALOX5AP,False,False,False,False
CD8,CD8.c10.Trm.ZNF683,CD8_EffectorMemory,standard,33,CLIC1,False,False,False,False
CD8,CD8.c10.Trm.ZNF683,CD8_EffectorMemory,standard,34,GAPDH,False,False,False,False
CD8,CD8.c10.Trm.ZNF683,CD8_EffectorMemory,standard,35,FAM46C,False,False,False,False
CD8,CD8.c10.Trm.ZNF683,CD8_EffectorMemory,standard,36,MYL12A,False,False,False,False
CD8,CD8.c10.Trm.ZNF683,CD8_EffectorMemory,standard,37,MCL1,False,False,False,False
CD8,CD8.c10.Trm.ZNF683,CD8_EffectorMemory,standard,38,CXCR6,False,False,False,False
CD8,CD8.c10.Trm.ZNF683,CD8_EffectorMemory,standard,39,CD55,False,False,False,False
CD8,CD8.c10.Trm.ZNF683,CD8_EffectorMemory,standard,40,MYL12B,False,False,False,False
CD8,CD8.c10.Trm.ZNF683,CD8_EffectorMemory,standard,41,LEPROTL1,False,False,False,False
CD8,CD8.c10.Trm.ZNF683,CD8_EffectorMemory,standard,42,PGK1,False,False,False,False
CD8,CD8.c10.Trm.ZNF683,CD8_EffectorMemory,standard,43,CD53,False,False,False,False
CD8,CD8.c10.Trm.ZNF683,CD8_EffectorMemory,standard,44,CFL1,False,False,False,False
CD8,CD8.c10.Trm.ZNF683,CD8_EffectorMemory,standard,45,ARHGAP9,False,False,False,False
CD8,CD8.c10.Trm.ZNF683,CD8_EffectorMemory,standard,46,CD2,False,False,False,False
CD8,CD8.c10.Trm.ZNF683,CD8_EffectorMemory,standard,47,LCP1,False,False,False,False
CD8,CD8.c10.Trm.ZNF683,CD8_EffectorMemory,standard,48,CKLF,False,False,False,False
CD8,CD8.c10.Trm.ZNF683,CD8_EffectorMemory,standard,49,MYADM,False,False,False,False
CD8,CD8.c10.Trm.ZNF683,CD8_EffectorMemory,standard,50,FTH1,False,True,True,False
CD8,CD8.c10.Trm.ZNF683,CD8_EffectorMemory,filter_only,1,ARHGDIB,False,True,True,False
CD8,CD8.c10.Trm.ZNF683,CD8_EffectorMemory,filter_only,2,ZFP36L2,False,False,False,True
CD8,CD8.c10.Trm.ZNF683,CD8_EffectorMemory,filter_only,3,VIM,False,False,False,False
CD8,CD8.c10.Trm.ZNF683,CD8_EffectorMemory,filter_only,4,CAPG,False,False,False,False
CD8,CD8.c10.Trm.ZNF683,CD8_EffectorMemory,filter_only,5,CD52,False,False,False,False
CD8,CD8.c10.Trm.ZNF683,CD8_EffectorMemory,filter_only,6,HOPX,False,False,False,False
CD8,CD8.c10.Trm.ZNF683,CD8_EffectorMemory,filter_only,7,S100A4,False,False,False,False
CD8,CD8.c10.Trm.ZNF683,CD8_EffectorMemory,filter_only,8,LDLRAD4,False,False,False,False
CD8,CD8.c10.Trm.ZNF683,CD8_EffectorMemory,filter_only,9,ANXA1,False,False,False,True
CD8,CD8.c10.Trm.ZNF683,CD8_EffectorMemory,filter_only,10,OSTF1,False,False,False,False
CD8,CD8.c10.Trm.ZNF683,CD8_EffectorMemory,filter_only,11,ZNF683,False,False,False,False
CD8,CD8.c10.Trm.ZNF683,CD8_EffectorMemory,filter_only,12,RGCC,False,False,False,False
CD8,CD8.c10.Trm.ZNF683,CD8_EffectorMemory,filter_only,13,SAMSN1,False,False,False,False
CD8,CD8.c10.Trm.ZNF683,CD8_EffectorMemory,filter_only,14,ZFP36,False,False,False,False
CD8,CD8.c10.Trm.ZNF683,CD8_EffectorMemory,filter_only,15,ITGA1,False,False,False,False
CD8,CD8.c10.Trm.ZNF683,CD8_EffectorMemory,filter_only,16,S100A6,False,False,False,False
CD8,CD8.c10.Trm.ZNF683,CD8_EffectorMemory,filter_only,17,GLIPR1,False,False,False,False
CD8,CD8.c10.Trm.ZNF683,CD8_EffectorMemory,filter_only,18,XCL1,False,False,False,False
CD8,CD8.c10.Trm.ZNF683,CD8_EffectorMemory,filter_only,19,RAC2,False,False,False,False
CD8,CD8.c10.Trm.ZNF683,CD8_EffectorMemory,filter_only,20,PTGER4,False,False,False,False
CD8,CD8.c10.Trm.ZNF683,CD8_EffectorMemory,filter_only,21,LGALS3,False,False,False,False
CD8,CD8.c10.Trm.ZNF683,CD8_EffectorMemory,filter_only,22,PFKFB3,False,False,False,False
CD8,CD8.c10.Trm.ZNF683,CD8_EffectorMemory,filter_only,23,GPR183,False,False,False,False
CD8,CD8.c10.Trm.ZNF683,CD8_EffectorMemory,filter_only,24,CXCR4,False,False,False,True
CD8,CD8.c10.Trm.ZNF683,CD8_EffectorMemory,filter_only,25,IL32,False,True,True,False
CD8,CD8.c10.Trm.ZNF683,CD8_EffectorMemory,filter_only,26,TOB1,False,False,False,False
CD8,CD8.c10.Trm.ZNF683,CD8_EffectorMemory,filter_only,27,CD7,False,False,False,False
CD8,CD8.c10.Trm.ZNF683,CD8_EffectorMemory,filter_only,28,ANXA2,False,False,False,False
CD8,CD8.c10.Trm.ZNF683,CD8_EffectorMemory,filter_only,29,ALOX5AP,False,False,False,False
CD8,CD8.c10.Trm.ZNF683,CD8_EffectorMemory,filter_only,30,CLIC1,False,False,False,False
CD8,CD8.c10.Trm.ZNF683,CD8_EffectorMemory,filter_only,31,FAM46C,False,False,False,False
CD8,CD8.c10.Trm.ZNF683,CD8_EffectorMemory,filter_only,32,MYL12A,False,False,False,False
CD8,CD8.c10.Trm.ZNF683,CD8_EffectorMemory,filter_only,33,MCL1,False,False,False,False
CD8,CD8.c10.Trm.ZNF683,CD8_EffectorMemory,filter_only,34,CXCR6,False,False,False,False
CD8,CD8.c10.Trm.ZNF683,CD8_EffectorMemory,filter_only,35,CD55,False,False,False,False
CD8,CD8.c10.Trm.ZNF683,CD8_EffectorMemory,filter_only,36,MYL12B,False,False,False,False
CD8,CD8.c10.Trm.ZNF683,CD8_EffectorMemory,filter_only,37,LEPROTL1,False,False,False,False
CD8,CD8.c10.Trm.ZNF683,CD8_EffectorMemory,filter_only,38,PGK1,False,False,False,False
CD8,CD8.c10.Trm.ZNF683,CD8_EffectorMemory,filter_only,39,CD53,False,False,False,False
CD8,CD8.c10.Trm.ZNF683,CD8_EffectorMemory,filter_only,40,CFL1,False,False,False,False
CD8,CD8.c10.Trm.ZNF683,CD8_EffectorMemory,filter_only,41,ARHGAP9,False,False,False,False
CD8,CD8.c10.Trm.ZNF683,CD8_EffectorMemory,filter_only,42,CD2,False,False,False,False
CD8,CD8.c10.Trm.ZNF683,CD8_EffectorMemory,filter_only,43,LCP1,False,False,False,False
CD8,CD8.c10.Trm.ZNF683,CD8_EffectorMemory,filter_only,44,CKLF,False,False,False,False
CD8,CD8.c10.Trm.ZNF683,CD8_EffectorMemory,filter_only,45,MYADM,False,False,False,False
CD8,CD8.c10.Trm.ZNF683,CD8_EffectorMemory,filter_only,46,SEPT1,False,False,False,False
CD8,CD8.c10.Trm.ZNF683,CD8_EffectorMemory,filter_only,47,KLRC1,False,False,False,False
CD8,CD8.c10.Trm.ZNF683,CD8_EffectorMemory,filter_only,48,MYL6,False,False,False,False
CD8,CD8.c10.Trm.ZNF683,CD8_EffectorMemory,filter_only,49,LSP1,False,False,False,False
CD8,CD8.c10.Trm.ZNF683,CD8_EffectorMemory,filter_only,50,ITM2C,False,False,False,False
CD8,CD8.c10.Trm.ZNF683,CD8_EffectorMemory,regex_mask,1,ARHGDIB,False,True,True,False
CD8,CD8.c10.Trm.ZNF683,CD8_EffectorMemory,regex_mask,2,ZFP36L2,False,False,False,True
CD8,CD8.c10.Trm.ZNF683,CD8_EffectorMemory,regex_mask,3,VIM,False,False,False,False
CD8,CD8.c10.Trm.ZNF683,CD8_EffectorMemory,regex_mask,4,CAPG,False,False,False,False
CD8,CD8.c10.Trm.ZNF683,CD8_EffectorMemory,regex_mask,5,CD52,False,False,False,False
CD8,CD8.c10.Trm.ZNF683,CD8_EffectorMemory,regex_mask,6,HOPX,False,False,False,False
CD8,CD8.c10.Trm.ZNF683,CD8_EffectorMemory,regex_mask,7,S100A4,False,False,False,False
CD8,CD8.c10.Trm.ZNF683,CD8_EffectorMemory,regex_mask,8,LDLRAD4,False,False,False,False
CD8,CD8.c10.Trm.ZNF683,CD8_EffectorMemory,regex_mask,9,ANXA1,False,False,False,True
CD8,CD8.c10.Trm.ZNF683,CD8_EffectorMemory,regex_mask,10,OSTF1,False,False,False,False
CD8,CD8.c10.Trm.ZNF683,CD8_EffectorMemory,regex_mask,11,ZNF683,False,False,False,False
CD8,CD8.c10.Trm.ZNF683,CD8_EffectorMemory,regex_mask,12,RGCC,False,False,False,False
CD8,CD8.c10.Trm.ZNF683,CD8_EffectorMemory,regex_mask,13,SAMSN1,False,False,False,False
CD8,CD8.c10.Trm.ZNF683,CD8_EffectorMemory,regex_mask,14,ZFP36,False,False,False,False
CD8,CD8.c10.Trm.ZNF683,CD8_EffectorMemory,regex_mask,15,ITGA1,False,False,False,False
CD8,CD8.c10.Trm.ZNF683,CD8_EffectorMemory,regex_mask,16,S100A6,False,False,False,False
CD8,CD8.c10.Trm.ZNF683,CD8_EffectorMemory,regex_mask,17,GLIPR1,False,False,False,False
CD8,CD8.c10.Trm.ZNF683,CD8_EffectorMemory,regex_mask,18,XCL1,False,False,False,False
CD8,CD8.c10.Trm.ZNF683,CD8_EffectorMemory,regex_mask,19,RAC2,False,False,False,False
CD8,CD8.c10.Trm.ZNF683,CD8_EffectorMemory,regex_mask,20,PTGER4,False,False,False,False
CD8,CD8.c10.Trm.ZNF683,CD8_EffectorMemory,regex_mask,21,LGALS3,False,False,False,False
CD8,CD8.c10.Trm.ZNF683,CD8_EffectorMemory,regex_mask,22,PFKFB3,False,False,False,False
CD8,CD8.c10.Trm.ZNF683,CD8_EffectorMemory,regex_mask,23,GPR183,False,False,False,False
CD8,CD8.c10.Trm.ZNF683,CD8_EffectorMemory,regex_mask,24,CXCR4,False,False,False,True
CD8,CD8.c10.Trm.ZNF683,CD8_EffectorMemory,regex_mask,25,IL32,False,True,True,False
CD8,CD8.c10.Trm.ZNF683,CD8_EffectorMemory,regex_mask,26,TOB1,False,False,False,False
CD8,CD8.c10.Trm.ZNF683,CD8_EffectorMemory,regex_mask,27,CD7,False,False,False,False
CD8,CD8.c10.Trm.ZNF683,CD8_EffectorMemory,regex_mask,28,ANXA2,False,False,False,False
CD8,CD8.c10.Trm.ZNF683,CD8_EffectorMemory,regex_mask,29,ALOX5AP,False,False,False,False
CD8,CD8.c10.Trm.ZNF683,CD8_EffectorMemory,regex_mask,30,CLIC1,False,False,False,False
CD8,CD8.c10.Trm.ZNF683,CD8_EffectorMemory,regex_mask,31,FAM46C,False,False,False,False
CD8,CD8.c10.Trm.ZNF683,CD8_EffectorMemory,regex_mask,32,MYL12A,False,False,False,False
CD8,CD8.c10.Trm.ZNF683,CD8_EffectorMemory,regex_mask,33,MCL1,False,False,False,False
CD8,CD8.c10.Trm.ZNF683,CD8_EffectorMemory,regex_mask,34,CXCR6,False,False,False,False
CD8,CD8.c10.Trm.ZNF683,CD8_EffectorMemory,regex_mask,35,CD55,False,False,False,False
CD8,CD8.c10.Trm.ZNF683,CD8_EffectorMemory,regex_mask,36,MYL12B,False,False,False,False
CD8,CD8.c10.Trm.ZNF683,CD8_EffectorMemory,regex_mask,37,LEPROTL1,False,False,False,False
CD8,CD8.c10.Trm.ZNF683,CD8_EffectorMemory,regex_mask,38,PGK1,False,False,False,False
CD8,CD8.c10.Trm.ZNF683,CD8_EffectorMemory,regex_mask,39,CD53,False,False,False,False
CD8,CD8.c10.Trm.ZNF683,CD8_EffectorMemory,regex_mask,40,CFL1,False,False,False,False
CD8,CD8.c10.Trm.ZNF683,CD8_EffectorMemory,regex_mask,41,ARHGAP9,False,False,False,False
CD8,CD8.c10.Trm.ZNF683,CD8_EffectorMemory,regex_mask,42,CD2,False,False,False,False
CD8,CD8.c10.Trm.ZNF683,CD8_EffectorMemory,regex_mask,43,LCP1,False,False,False,False
CD8,CD8.c10.Trm.ZNF683,CD8_EffectorMemory,regex_mask,44,CKLF,False,False,False,False
CD8,CD8.c10.Trm.ZNF683,CD8_EffectorMemory,regex_mask,45,MYADM,False,False,False,False
CD8,CD8.c10.Trm.ZNF683,CD8_EffectorMemory,regex_mask,46,SEPT1,False,False,False,False
CD8,CD8.c10.Trm.ZNF683,CD8_EffectorMemory,regex_mask,47,KLRC1,False,False,False,False
CD8,CD8.c10.Trm.ZNF683,CD8_EffectorMemory,regex_mask,48,MYL6,False,False,False,False
CD8,CD8.c10.Trm.ZNF683,CD8_EffectorMemory,regex_mask,49,LSP1,False,False,False,False
CD8,CD8.c10.Trm.ZNF683,CD8_EffectorMemory,regex_mask,50,ITM2C,False,False,False,False
CD8,CD8.c10.Trm.ZNF683,CD8_EffectorMemory,full_core,1,VIM,False,False,False,False
CD8,CD8.c10.Trm.ZNF683,CD8_EffectorMemory,full_core,2,CAPG,False,False,False,False
CD8,CD8.c10.Trm.ZNF683,CD8_EffectorMemory,full_core,3,HOPX,False,False,False,False
CD8,CD8.c10.Trm.ZNF683,CD8_EffectorMemory,full_core,4,S100A4,False,False,False,False
CD8,CD8.c10.Trm.ZNF683,CD8_EffectorMemory,full_core,5,LDLRAD4,False,False,False,False
CD8,CD8.c10.Trm.ZNF683,CD8_EffectorMemory,full_core,6,ANXA1,False,False,False,True
CD8,CD8.c10.Trm.ZNF683,CD8_EffectorMemory,full_core,7,ZNF683,False,False,False,False
CD8,CD8.c10.Trm.ZNF683,CD8_EffectorMemory,full_core,8,RGCC,False,False,False,False
CD8,CD8.c10.Trm.ZNF683,CD8_EffectorMemory,full_core,9,ZFP36,False,False,False,False
CD8,CD8.c10.Trm.ZNF683,CD8_EffectorMemory,full_core,10,XCL1,False,False,False,False
CD8,CD8.c10.Trm.ZNF683,CD8_EffectorMemory,full_core,11,LGALS3,False,False,False,False
CD8,CD8.c10.Trm.ZNF683,CD8_EffectorMemory,full_core,12,PFKFB3,False,False,False,False
CD8,CD8.c10.Trm.ZNF683,CD8_EffectorMemory,full_core,13,GPR183,False,False,False,False
CD8,CD8.c10.Trm.ZNF683,CD8_EffectorMemory,full_core,14,TOB1,False,False,False,False
CD8,CD8.c10.Trm.ZNF683,CD8_EffectorMemory,full_core,15,ANXA2,False,False,False,False
CD8,CD8.c10.Trm.ZNF683,CD8_EffectorMemory,full_core,16,ALOX5AP,False,False,False,False
CD8,CD8.c10.Trm.ZNF683,CD8_EffectorMemory,full_core,17,CXCR6,False,False,False,False
CD8,CD8.c10.Trm.ZNF683,CD8_EffectorMemory,full_core,18,CFL1,False,False,False,False
CD8,CD8.c10.Trm.ZNF683,CD8_EffectorMemory,full_core,19,MYADM,False,False,False,False
CD8,CD8.c10.Trm.ZNF683,CD8_EffectorMemory,full_core,20,KLRC1,False,False,False,False
CD8,CD8.c10.Trm.ZNF683,CD8_EffectorMemory,full_core,21,ITM2C,False,False,False,False
CD8,CD8.c10.Trm.ZNF683,CD8_EffectorMemory,full_core,22,ITGAE,False,False,False,False
CD8,CD8.c10.Trm.ZNF683,CD8_EffectorMemory,full_core,23,CRIP1,False,False,False,False
CD8,CD8.c10.Trm.ZNF683,CD8_EffectorMemory,full_core,24,ACTG1,False,False,False,False
CD8,CD8.c10.Trm.ZNF683,CD8_EffectorMemory,full_core,25,AC092580.4,False,False,False,False
CD8,CD8.c10.Trm.ZNF683,CD8_EffectorMemory,full_core,26,XCL2,False,False,False,False
CD8,CD8.c10.Trm.ZNF683,CD8_EffectorMemory,full_core,27,CNN2,False,False,False,False
CD8,CD8.c10.Trm.ZNF683,CD8_EffectorMemory,full_core,28,SMIM3,False,False,False,False
CD8,CD8.c10.Trm.ZNF683,CD8_EffectorMemory,full_core,29,GLUL,False,False,False,False
CD8,CD8.c10.Trm.ZNF683,CD8_EffectorMemory,full_core,30,CITED2,False,False,False,False
CD8,CD8.c10.Trm.ZNF683,CD8_EffectorMemory,full_core,31,CDKN1A,False,False,False,False
CD8,CD8.c10.Trm.ZNF683,CD8_EffectorMemory,full_core,32,MAP3K8,False,False,False,False
CD8,CD8.c10.Trm.ZNF683,CD8_EffectorMemory,full_core,33,REL,False,False,False,False
CD8,CD8.c10.Trm.ZNF683,CD8_EffectorMemory,full_core,34,CCL4,False,False,False,False
CD8,CD8.c10.Trm.ZNF683,CD8_EffectorMemory,full_core,35,GZMA,False,False,False,False
CD8,CD8.c10.Trm.ZNF683,CD8_EffectorMemory,full_core,36,LGALS1,False,False,False,False
CD8,CD8.c10.Trm.ZNF683,CD8_EffectorMemory,full_core,37,LDHA,False,False,False,False
CD8,CD8.c10.Trm.ZNF683,CD8_EffectorMemory,full_core,38,CXCR3,False,False,False,False
CD8,CD8.c10.Trm.ZNF683,CD8_EffectorMemory,full_core,39,S100A10,False,False,False,False
CD8,CD8.c10.Trm.ZNF683,CD8_EffectorMemory,full_core,40,FKBP1A,False,False,False,False
CD8,CD8.c10.Trm.ZNF683,CD8_EffectorMemory,full_core,41,GZMB,False,False,False,False
CD8,CD8.c10.Trm.ZNF683,CD8_EffectorMemory,full_core,42,SPRY1,False,False,False,False
CD8,CD8.c10.Trm.ZNF683,CD8_EffectorMemory,full_core,43,CD8A,False,False,False,False
CD8,CD8.c10.Trm.ZNF683,CD8_EffectorMemory,full_core,44,CD8B,False,False,False,False
CD8,CD8.c10.Trm.ZNF683,CD8_EffectorMemory,full_core,45,DDIT4,False,False,False,False
CD8,CD8.c10.Trm.ZNF683,CD8_EffectorMemory,full_core,46,CD3E,False,True,True,False
CD8,CD8.c10.Trm.ZNF683,CD8_EffectorMemory,full_core,47,CORO1A,False,False,False,False
CD8,CD8.c10.Trm.ZNF683,CD8_EffectorMemory,full_core,48,ARPC2,False,False,False,False
CD8,CD8.c10.Trm.ZNF683,CD8_EffectorMemory,full_core,49,CD3D,False,False,False,False
CD8,CD8.c10.Trm.ZNF683,CD8_EffectorMemory,full_core,50,TXN,False,False,False,False
CD8,CD8.c11.Tex.PDCD1,CD8_Exhausted,standard,1,CD74,False,False,False,False
CD8,CD8.c11.Tex.PDCD1,CD8_Exhausted,standard,2,CD27,False,False,False,False
CD8,CD8.c11.Tex.PDCD1,CD8_Exhausted,standard,3,HLA-DRB1,False,False,False,False
CD8,CD8.c11.Tex.PDCD1,CD8_Exhausted,standard,4,HLA-DQA1,False,False,False,False
CD8,CD8.c11.Tex.PDCD1,CD8_Exhausted,standard,5,HLA-DRA,False,False,False,False
CD8,CD8.c11.Tex.PDCD1,CD8_Exhausted,standard,6,DUSP4,False,False,False,False
CD8,CD8.c11.Tex.PDCD1,CD8_Exhausted,standard,7,HLA-DPA1,False,False,False,False
CD8,CD8.c11.Tex.PDCD1,CD8_Exhausted,standard,8,GZMK,False,False,False,False
CD8,CD8.c11.Tex.PDCD1,CD8_Exhausted,standard,9,GZMA,False,False,False,False
CD8,CD8.c11.Tex.PDCD1,CD8_Exhausted,standard,10,HAVCR2,False,False,False,True
CD8,CD8.c11.Tex.PDCD1,CD8_Exhausted,standard,11,HLA-DPB1,False,False,False,False
CD8,CD8.c11.Tex.PDCD1,CD8_Exhausted,standard,12,ITM2A,False,False,False,False
CD8,CD8.c11.Tex.PDCD1,CD8_Exhausted,standard,13,CCL4L2,False,False,False,False
CD8,CD8.c11.Tex.PDCD1,CD8_Exhausted,standard,14,LYST,False,False,False,False
CD8,CD8.c11.Tex.PDCD1,CD8_Exhausted,standard,15,LAG3,False,False,False,False
CD8,CD8.c11.Tex.PDCD1,CD8_Exhausted,standard,16,NKG7,False,False,False,False
CD8,CD8.c11.Tex.PDCD1,CD8_Exhausted,standard,17,TNFRSF9,False,False,False,True
CD8,CD8.c11.Tex.PDCD1,CD8_Exhausted,standard,18,VCAM1,False,False,False,False
CD8,CD8.c11.Tex.PDCD1,CD8_Exhausted,standard,19,HLA-A,True,True,False,False
CD8,CD8.c11.Tex.PDCD1,CD8_Exhausted,standard,20,CST7,False,False,False,False
CD8,CD8.c11.Tex.PDCD1,CD8_Exhausted,standard,21,CCL5,False,False,False,False
CD8,CD8.c11.Tex.PDCD1,CD8_Exhausted,standard,22,APOBEC3G,False,False,False,False
CD8,CD8.c11.Tex.PDCD1,CD8_Exhausted,standard,23,CD8A,False,False,False,False
CD8,CD8.c11.Tex.PDCD1,CD8_Exhausted,standard,24,PTMS,False,False,False,False
CD8,CD8.c11.Tex.PDCD1,CD8_Exhausted,standard,25,FABP5,True,True,False,False
CD8,CD8.c11.Tex.PDCD1,CD8_Exhausted,standard,26,PDCD1,False,False,False,True
CD8,CD8.c11.Tex.PDCD1,CD8_Exhausted,standard,27,HLA-DRB5,False,False,False,False
CD8,CD8.c11.Tex.PDCD1,CD8_Exhausted,standard,28,HLA-DMA,False,False,False,False
CD8,CD8.c11.Tex.PDCD1,CD8_Exhausted,standard,29,CD82,False,False,False,False
CD8,CD8.c11.Tex.PDCD1,CD8_Exhausted,standard,30,TOX,False,False,False,True
CD8,CD8.c11.Tex.PDCD1,CD8_Exhausted,standard,31,SUB1,False,False,False,False
CD8,CD8.c11.Tex.PDCD1,CD8_Exhausted,standard,32,NAB1,False,False,False,False
CD8,CD8.c11.Tex.PDCD1,CD8_Exhausted,standard,33,RGS1,False,False,False,False
CD8,CD8.c11.Tex.PDCD1,CD8_Exhausted,standard,34,ICOS,False,False,False,False
CD8,CD8.c11.Tex.PDCD1,CD8_Exhausted,standard,35,PTPRCAP,False,False,False,False
CD8,CD8.c11.Tex.PDCD1,CD8_Exhausted,standard,36,GALM,False,False,False,False
CD8,CD8.c11.Tex.PDCD1,CD8_Exhausted,standard,37,FKBP1A,False,False,False,False
CD8,CD8.c11.Tex.PDCD1,CD8_Exhausted,standard,38,ANXA5,False,False,False,False
CD8,CD8.c11.Tex.PDCD1,CD8_Exhausted,standard,39,SOD1,False,False,False,False
CD8,CD8.c11.Tex.PDCD1,CD8_Exhausted,standard,40,RNF19A,False,False,False,False
CD8,CD8.c11.Tex.PDCD1,CD8_Exhausted,standard,41,APOBEC3C,False,False,False,False
CD8,CD8.c11.Tex.PDCD1,CD8_Exhausted,standard,42,TRAT1,False,False,False,False
CD8,CD8.c11.Tex.PDCD1,CD8_Exhausted,standard,43,ZNF331,False,False,False,False
CD8,CD8.c11.Tex.PDCD1,CD8_Exhausted,standard,44,HNRNPLL,False,False,False,False
CD8,CD8.c11.Tex.PDCD1,CD8_Exhausted,standard,45,OAZ1,False,False,False,False
CD8,CD8.c11.Tex.PDCD1,CD8_Exhausted,standard,46,HSP90AA1,True,True,False,False
CD8,CD8.c11.Tex.PDCD1,CD8_Exhausted,standard,47,HLA-DQB1,False,False,False,False
CD8,CD8.c11.Tex.PDCD1,CD8_Exhausted,standard,48,CLEC2B,False,False,False,False
CD8,CD8.c11.Tex.PDCD1,CD8_Exhausted,standard,49,CTLA4,False,False,False,True
CD8,CD8.c11.Tex.PDCD1,CD8_Exhausted,standard,50,DNAJA1,False,False,False,False
CD8,CD8.c11.Tex.PDCD1,CD8_Exhausted,filter_only,1,CD74,False,False,False,False
CD8,CD8.c11.Tex.PDCD1,CD8_Exhausted,filter_only,2,CD27,False,False,False,False
CD8,CD8.c11.Tex.PDCD1,CD8_Exhausted,filter_only,3,HLA-DRB1,False,False,False,False
CD8,CD8.c11.Tex.PDCD1,CD8_Exhausted,filter_only,4,HLA-DQA1,False,False,False,False
CD8,CD8.c11.Tex.PDCD1,CD8_Exhausted,filter_only,5,HLA-DRA,False,False,False,False
CD8,CD8.c11.Tex.PDCD1,CD8_Exhausted,filter_only,6,DUSP4,False,False,False,False
CD8,CD8.c11.Tex.PDCD1,CD8_Exhausted,filter_only,7,HLA-DPA1,False,False,False,False
CD8,CD8.c11.Tex.PDCD1,CD8_Exhausted,filter_only,8,GZMK,False,False,False,False
CD8,CD8.c11.Tex.PDCD1,CD8_Exhausted,filter_only,9,GZMA,False,False,False,False
CD8,CD8.c11.Tex.PDCD1,CD8_Exhausted,filter_only,10,HAVCR2,False,False,False,True
CD8,CD8.c11.Tex.PDCD1,CD8_Exhausted,filter_only,11,HLA-DPB1,False,False,False,False
CD8,CD8.c11.Tex.PDCD1,CD8_Exhausted,filter_only,12,ITM2A,False,False,False,False
CD8,CD8.c11.Tex.PDCD1,CD8_Exhausted,filter_only,13,CCL4L2,False,False,False,False
CD8,CD8.c11.Tex.PDCD1,CD8_Exhausted,filter_only,14,LYST,False,False,False,False
CD8,CD8.c11.Tex.PDCD1,CD8_Exhausted,filter_only,15,LAG3,False,False,False,False
CD8,CD8.c11.Tex.PDCD1,CD8_Exhausted,filter_only,16,NKG7,False,False,False,False
CD8,CD8.c11.Tex.PDCD1,CD8_Exhausted,filter_only,17,TNFRSF9,False,False,False,True
CD8,CD8.c11.Tex.PDCD1,CD8_Exhausted,filter_only,18,VCAM1,False,False,False,False
CD8,CD8.c11.Tex.PDCD1,CD8_Exhausted,filter_only,19,CST7,False,False,False,False
CD8,CD8.c11.Tex.PDCD1,CD8_Exhausted,filter_only,20,CCL5,False,False,False,False
CD8,CD8.c11.Tex.PDCD1,CD8_Exhausted,filter_only,21,APOBEC3G,False,False,False,False
CD8,CD8.c11.Tex.PDCD1,CD8_Exhausted,filter_only,22,CD8A,False,False,False,False
CD8,CD8.c11.Tex.PDCD1,CD8_Exhausted,filter_only,23,PTMS,False,False,False,False
CD8,CD8.c11.Tex.PDCD1,CD8_Exhausted,filter_only,24,FABP5,True,True,False,False
CD8,CD8.c11.Tex.PDCD1,CD8_Exhausted,filter_only,25,PDCD1,False,False,False,True
CD8,CD8.c11.Tex.PDCD1,CD8_Exhausted,filter_only,26,HLA-DRB5,False,False,False,False
CD8,CD8.c11.Tex.PDCD1,CD8_Exhausted,filter_only,27,HLA-DMA,False,False,False,False
CD8,CD8.c11.Tex.PDCD1,CD8_Exhausted,filter_only,28,CD82,False,False,False,False
CD8,CD8.c11.Tex.PDCD1,CD8_Exhausted,filter_only,29,TOX,False,False,False,True
CD8,CD8.c11.Tex.PDCD1,CD8_Exhausted,filter_only,30,SUB1,False,False,False,False
CD8,CD8.c11.Tex.PDCD1,CD8_Exhausted,filter_only,31,NAB1,False,False,False,False
CD8,CD8.c11.Tex.PDCD1,CD8_Exhausted,filter_only,32,RGS1,False,False,False,False
CD8,CD8.c11.Tex.PDCD1,CD8_Exhausted,filter_only,33,ICOS,False,False,False,False
CD8,CD8.c11.Tex.PDCD1,CD8_Exhausted,filter_only,34,PTPRCAP,False,False,False,False
CD8,CD8.c11.Tex.PDCD1,CD8_Exhausted,filter_only,35,GALM,False,False,False,False
CD8,CD8.c11.Tex.PDCD1,CD8_Exhausted,filter_only,36,FKBP1A,False,False,False,False
CD8,CD8.c11.Tex.PDCD1,CD8_Exhausted,filter_only,37,ANXA5,False,False,False,False
CD8,CD8.c11.Tex.PDCD1,CD8_Exhausted,filter_only,38,SOD1,False,False,False,False
CD8,CD8.c11.Tex.PDCD1,CD8_Exhausted,filter_only,39,RNF19A,False,False,False,False
CD8,CD8.c11.Tex.PDCD1,CD8_Exhausted,filter_only,40,APOBEC3C,False,False,False,False
CD8,CD8.c11.Tex.PDCD1,CD8_Exhausted,filter_only,41,TRAT1,False,False,False,False
CD8,CD8.c11.Tex.PDCD1,CD8_Exhausted,filter_only,42,ZNF331,False,False,False,False
CD8,CD8.c11.Tex.PDCD1,CD8_Exhausted,filter_only,43,HNRNPLL,False,False,False,False
CD8,CD8.c11.Tex.PDCD1,CD8_Exhausted,filter_only,44,OAZ1,False,False,False,False
CD8,CD8.c11.Tex.PDCD1,CD8_Exhausted,filter_only,45,HLA-DQB1,False,False,False,False
CD8,CD8.c11.Tex.PDCD1,CD8_Exhausted,filter_only,46,CLEC2B,False,False,False,False
CD8,CD8.c11.Tex.PDCD1,CD8_Exhausted,filter_only,47,CTLA4,False,False,False,True
CD8,CD8.c11.Tex.PDCD1,CD8_Exhausted,filter_only,48,DNAJA1,False,False,False,False
CD8,CD8.c11.Tex.PDCD1,CD8_Exhausted,filter_only,49,CD200R1,False,False,False,False
CD8,CD8.c11.Tex.PDCD1,CD8_Exhausted,filter_only,50,EIF5,True,True,False,False
CD8,CD8.c11.Tex.PDCD1,CD8_Exhausted,regex_mask,1,CD74,False,False,False,False
CD8,CD8.c11.Tex.PDCD1,CD8_Exhausted,regex_mask,2,CD27,False,False,False,False
CD8,CD8.c11.Tex.PDCD1,CD8_Exhausted,regex_mask,3,HLA-DRB1,False,False,False,False
CD8,CD8.c11.Tex.PDCD1,CD8_Exhausted,regex_mask,4,HLA-DQA1,False,False,False,False
CD8,CD8.c11.Tex.PDCD1,CD8_Exhausted,regex_mask,5,HLA-DRA,False,False,False,False
CD8,CD8.c11.Tex.PDCD1,CD8_Exhausted,regex_mask,6,DUSP4,False,False,False,False
CD8,CD8.c11.Tex.PDCD1,CD8_Exhausted,regex_mask,7,HLA-DPA1,False,False,False,False
CD8,CD8.c11.Tex.PDCD1,CD8_Exhausted,regex_mask,8,GZMK,False,False,False,False
CD8,CD8.c11.Tex.PDCD1,CD8_Exhausted,regex_mask,9,GZMA,False,False,False,False
CD8,CD8.c11.Tex.PDCD1,CD8_Exhausted,regex_mask,10,HAVCR2,False,False,False,True
CD8,CD8.c11.Tex.PDCD1,CD8_Exhausted,regex_mask,11,HLA-DPB1,False,False,False,False
CD8,CD8.c11.Tex.PDCD1,CD8_Exhausted,regex_mask,12,ITM2A,False,False,False,False
CD8,CD8.c11.Tex.PDCD1,CD8_Exhausted,regex_mask,13,CCL4L2,False,False,False,False
CD8,CD8.c11.Tex.PDCD1,CD8_Exhausted,regex_mask,14,LYST,False,False,False,False
CD8,CD8.c11.Tex.PDCD1,CD8_Exhausted,regex_mask,15,LAG3,False,False,False,False
CD8,CD8.c11.Tex.PDCD1,CD8_Exhausted,regex_mask,16,NKG7,False,False,False,False
CD8,CD8.c11.Tex.PDCD1,CD8_Exhausted,regex_mask,17,TNFRSF9,False,False,False,True
CD8,CD8.c11.Tex.PDCD1,CD8_Exhausted,regex_mask,18,VCAM1,False,False,False,False
CD8,CD8.c11.Tex.PDCD1,CD8_Exhausted,regex_mask,19,CST7,False,False,False,False
CD8,CD8.c11.Tex.PDCD1,CD8_Exhausted,regex_mask,20,CCL5,False,False,False,False
CD8,CD8.c11.Tex.PDCD1,CD8_Exhausted,regex_mask,21,APOBEC3G,False,False,False,False
CD8,CD8.c11.Tex.PDCD1,CD8_Exhausted,regex_mask,22,CD8A,False,False,False,False
CD8,CD8.c11.Tex.PDCD1,CD8_Exhausted,regex_mask,23,PTMS,False,False,False,False
CD8,CD8.c11.Tex.PDCD1,CD8_Exhausted,regex_mask,24,PDCD1,False,False,False,True
CD8,CD8.c11.Tex.PDCD1,CD8_Exhausted,regex_mask,25,HLA-DRB5,False,False,False,False
CD8,CD8.c11.Tex.PDCD1,CD8_Exhausted,regex_mask,26,HLA-DMA,False,False,False,False
CD8,CD8.c11.Tex.PDCD1,CD8_Exhausted,regex_mask,27,CD82,False,False,False,False
CD8,CD8.c11.Tex.PDCD1,CD8_Exhausted,regex_mask,28,TOX,False,False,False,True
CD8,CD8.c11.Tex.PDCD1,CD8_Exhausted,regex_mask,29,SUB1,False,False,False,False
CD8,CD8.c11.Tex.PDCD1,CD8_Exhausted,regex_mask,30,NAB1,False,False,False,False
CD8,CD8.c11.Tex.PDCD1,CD8_Exhausted,regex_mask,31,RGS1,False,False,False,False
CD8,CD8.c11.Tex.PDCD1,CD8_Exhausted,regex_mask,32,ICOS,False,False,False,False
CD8,CD8.c11.Tex.PDCD1,CD8_Exhausted,regex_mask,33,PTPRCAP,False,False,False,False
CD8,CD8.c11.Tex.PDCD1,CD8_Exhausted,regex_mask,34,GALM,False,False,False,False
CD8,CD8.c11.Tex.PDCD1,CD8_Exhausted,regex_mask,35,FKBP1A,False,False,False,False
CD8,CD8.c11.Tex.PDCD1,CD8_Exhausted,regex_mask,36,ANXA5,False,False,False,False
CD8,CD8.c11.Tex.PDCD1,CD8_Exhausted,regex_mask,37,SOD1,False,False,False,False
CD8,CD8.c11.Tex.PDCD1,CD8_Exhausted,regex_mask,38,RNF19A,False,False,False,False
CD8,CD8.c11.Tex.PDCD1,CD8_Exhausted,regex_mask,39,APOBEC3C,False,False,False,False
CD8,CD8.c11.Tex.PDCD1,CD8_Exhausted,regex_mask,40,TRAT1,False,False,False,False
CD8,CD8.c11.Tex.PDCD1,CD8_Exhausted,regex_mask,41,ZNF331,False,False,False,False
CD8,CD8.c11.Tex.PDCD1,CD8_Exhausted,regex_mask,42,HNRNPLL,False,False,False,False
CD8,CD8.c11.Tex.PDCD1,CD8_Exhausted,regex_mask,43,OAZ1,False,False,False,False
CD8,CD8.c11.Tex.PDCD1,CD8_Exhausted,regex_mask,44,HLA-DQB1,False,False,False,False
CD8,CD8.c11.Tex.PDCD1,CD8_Exhausted,regex_mask,45,CLEC2B,False,False,False,False
CD8,CD8.c11.Tex.PDCD1,CD8_Exhausted,regex_mask,46,CTLA4,False,False,False,True
CD8,CD8.c11.Tex.PDCD1,CD8_Exhausted,regex_mask,47,DNAJA1,False,False,False,False
CD8,CD8.c11.Tex.PDCD1,CD8_Exhausted,regex_mask,48,CD200R1,False,False,False,False
CD8,CD8.c11.Tex.PDCD1,CD8_Exhausted,regex_mask,49,CMC1,False,False,False,False
CD8,CD8.c11.Tex.PDCD1,CD8_Exhausted,regex_mask,50,COTL1,False,False,False,False
CD8,CD8.c11.Tex.PDCD1,CD8_Exhausted,full_core,1,CD74,False,False,False,False
CD8,CD8.c11.Tex.PDCD1,CD8_Exhausted,full_core,2,CD27,False,False,False,False
CD8,CD8.c11.Tex.PDCD1,CD8_Exhausted,full_core,3,HLA-DRB1,False,False,False,False
CD8,CD8.c11.Tex.PDCD1,CD8_Exhausted,full_core,4,HLA-DQA1,False,False,False,False
CD8,CD8.c11.Tex.PDCD1,CD8_Exhausted,full_core,5,HLA-DRA,False,False,False,False
CD8,CD8.c11.Tex.PDCD1,CD8_Exhausted,full_core,6,DUSP4,False,False,False,False
CD8,CD8.c11.Tex.PDCD1,CD8_Exhausted,full_core,7,HLA-DPA1,False,False,False,False
CD8,CD8.c11.Tex.PDCD1,CD8_Exhausted,full_core,8,GZMK,False,False,False,False
CD8,CD8.c11.Tex.PDCD1,CD8_Exhausted,full_core,9,GZMA,False,False,False,False
CD8,CD8.c11.Tex.PDCD1,CD8_Exhausted,full_core,10,HAVCR2,False,False,False,True
CD8,CD8.c11.Tex.PDCD1,CD8_Exhausted,full_core,11,ITM2A,False,False,False,False
CD8,CD8.c11.Tex.PDCD1,CD8_Exhausted,full_core,12,CCL4L2,False,False,False,False
CD8,CD8.c11.Tex.PDCD1,CD8_Exhausted,full_core,13,LYST,False,False,False,False
CD8,CD8.c11.Tex.PDCD1,CD8_Exhausted,full_core,14,LAG3,False,False,False,False
CD8,CD8.c11.Tex.PDCD1,CD8_Exhausted,full_core,15,NKG7,False,False,False,False
CD8,CD8.c11.Tex.PDCD1,CD8_Exhausted,full_core,16,TNFRSF9,False,False,False,True
CD8,CD8.c11.Tex.PDCD1,CD8_Exhausted,full_core,17,VCAM1,False,False,False,False
CD8,CD8.c11.Tex.PDCD1,CD8_Exhausted,full_core,18,CD8A,False,False,False,False
CD8,CD8.c11.Tex.PDCD1,CD8_Exhausted,full_core,19,PTMS,False,False,False,False
CD8,CD8.c11.Tex.PDCD1,CD8_Exhausted,full_core,20,PDCD1,False,False,False,True
CD8,CD8.c11.Tex.PDCD1,CD8_Exhausted,full_core,21,HLA-DRB5,False,False,False,False
CD8,CD8.c11.Tex.PDCD1,CD8_Exhausted,full_core,22,HLA-DMA,False,False,False,False
CD8,CD8.c11.Tex.PDCD1,CD8_Exhausted,full_core,23,CD82,False,False,False,False
CD8,CD8.c11.Tex.PDCD1,CD8_Exhausted,full_core,24,TOX,False,False,False,True
CD8,CD8.c11.Tex.PDCD1,CD8_Exhausted,full_core,25,SUB1,False,False,False,False
CD8,CD8.c11.Tex.PDCD1,CD8_Exhausted,full_core,26,NAB1,False,False,False,False
CD8,CD8.c11.Tex.PDCD1,CD8_Exhausted,full_core,27,RGS1,False,False,False,False
CD8,CD8.c11.Tex.PDCD1,CD8_Exhausted,full_core,28,ICOS,False,False,False,False
CD8,CD8.c11.Tex.PDCD1,CD8_Exhausted,full_core,29,FKBP1A,False,False,False,False
CD8,CD8.c11.Tex.PDCD1,CD8_Exhausted,full_core,30,ANXA5,False,False,False,False
CD8,CD8.c11.Tex.PDCD1,CD8_Exhausted,full_core,31,APOBEC3C,False,False,False,False
CD8,CD8.c11.Tex.PDCD1,CD8_Exhausted,full_core,32,ZNF331,False,False,False,False
CD8,CD8.c11.Tex.PDCD1,CD8_Exhausted,full_core,33,HLA-DQB1,False,False,False,False
CD8,CD8.c11.Tex.PDCD1,CD8_Exhausted,full_core,34,CTLA4,False,False,False,True
CD8,CD8.c11.Tex.PDCD1,CD8_Exhausted,full_core,35,DNAJA1,False,False,False,False
CD8,CD8.c11.Tex.PDCD1,CD8_Exhausted,full_core,36,CD200R1,False,False,False,False
CD8,CD8.c11.Tex.PDCD1,CD8_Exhausted,full_core,37,CMC1,False,False,False,False
CD8,CD8.c11.Tex.PDCD1,CD8_Exhausted,full_core,38,COTL1,False,False,False,False
CD8,CD8.c11.Tex.PDCD1,CD8_Exhausted,full_core,39,DUSP5,False,False,False,False
CD8,CD8.c11.Tex.PDCD1,CD8_Exhausted,full_core,40,DNAJB1,False,False,False,False
CD8,CD8.c11.Tex.PDCD1,CD8_Exhausted,full_core,41,UBC,False,False,False,False
CD8,CD8.c11.Tex.PDCD1,CD8_Exhausted,full_core,42,FXYD2,False,False,False,False
CD8,CD8.c11.Tex.PDCD1,CD8_Exhausted,full_core,43,CCL3L3,False,False,False,False
CD8,CD8.c11.Tex.PDCD1,CD8_Exhausted,full_core,44,CXCL13,False,False,False,True
CD8,CD8.c11.Tex.PDCD1,CD8_Exhausted,full_core,45,IFNG,False,False,False,False
CD8,CD8.c11.Tex.PDCD1,CD8_Exhausted,full_core,46,ITM2C,False,False,False,False
CD8,CD8.c11.Tex.PDCD1,CD8_Exhausted,full_core,47,MIR155HG,False,False,False,False
CD8,CD8.c11.Tex.PDCD1,CD8_Exhausted,full_core,48,PHLDA1,False,False,False,False
CD8,CD8.c11.Tex.PDCD1,CD8_Exhausted,full_core,49,AC069363.1,False,False,False,False
CD8,CD8.c11.Tex.PDCD1,CD8_Exhausted,full_core,50,SIRPG,False,False,False,False
CD8,CD8.c12.Tex.CXCL13,CD8_Exhausted,standard,1,DUSP4,False,False,False,False
CD8,CD8.c12.Tex.CXCL13,CD8_Exhausted,standard,2,CXCL13,False,False,False,True
CD8,CD8.c12.Tex.CXCL13,CD8_Exhausted,standard,3,CD82,False,False,False,False
CD8,CD8.c12.Tex.CXCL13,CD8_Exhausted,standard,4,CTLA4,False,False,False,True
CD8,CD8.c12.Tex.CXCL13,CD8_Exhausted,standard,5,PHLDA1,False,False,False,False
CD8,CD8.c12.Tex.CXCL13,CD8_Exhausted,standard,6,ENTPD1,False,False,False,True
CD8,CD8.c12.Tex.CXCL13,CD8_Exhausted,standard,7,TNFRSF9,False,False,False,True
CD8,CD8.c12.Tex.CXCL13,CD8_Exhausted,standard,8,TIGIT,False,False,False,True
CD8,CD8.c12.Tex.CXCL13,CD8_Exhausted,standard,9,GAPDH,False,False,False,False
CD8,CD8.c12.Tex.CXCL13,CD8_Exhausted,standard,10,HAVCR2,False,False,False,True
CD8,CD8.c12.Tex.CXCL13,CD8_Exhausted,standard,11,TNFRSF18,False,False,False,False
CD8,CD8.c12.Tex.CXCL13,CD8_Exhausted,standard,12,RGS1,False,False,False,False
CD8,CD8.c12.Tex.CXCL13,CD8_Exhausted,standard,13,CTSW,False,False,False,False
CD8,CD8.c12.Tex.CXCL13,CD8_Exhausted,standard,14,SNX9,False,False,False,False
CD8,CD8.c12.Tex.CXCL13,CD8_Exhausted,standard,15,LAG3,False,False,False,False
CD8,CD8.c12.Tex.CXCL13,CD8_Exhausted,standard,16,RBPJ,False,False,False,False
CD8,CD8.c12.Tex.CXCL13,CD8_Exhausted,standard,17,TPI1,False,False,False,False
CD8,CD8.c12.Tex.CXCL13,CD8_Exhausted,standard,18,FAM3C,False,False,False,False
CD8,CD8.c12.Tex.CXCL13,CD8_Exhausted,standard,19,SYNGR2,False,False,False,False
CD8,CD8.c12.Tex.CXCL13,CD8_Exhausted,standard,20,PLPP1,False,False,False,False
CD8,CD8.c12.Tex.CXCL13,CD8_Exhausted,standard,21,LAYN,False,False,False,False
CD8,CD8.c12.Tex.CXCL13,CD8_Exhausted,standard,22,VCAM1,False,False,False,False
CD8,CD8.c12.Tex.CXCL13,CD8_Exhausted,standard,23,CCND2,False,False,False,False
CD8,CD8.c12.Tex.CXCL13,CD8_Exhausted,standard,24,TOX,False,False,False,True
CD8,CD8.c12.Tex.CXCL13,CD8_Exhausted,standard,25,NDFIP2,False,False,False,False
CD8,CD8.c12.Tex.CXCL13,CD8_Exhausted,standard,26,RGS2,False,False,False,False
CD8,CD8.c12.Tex.CXCL13,CD8_Exhausted,standard,27,ACP5,False,False,False,False
CD8,CD8.c12.Tex.CXCL13,CD8_Exhausted,standard,28,CD63,False,False,False,False
CD8,CD8.c12.Tex.CXCL13,CD8_Exhausted,standard,29,GZMB,False,False,False,False
CD8,CD8.c12.Tex.CXCL13,CD8_Exhausted,standard,30,GEM,False,False,False,False
CD8,CD8.c12.Tex.CXCL13,CD8_Exhausted,standard,31,PTMS,False,False,False,False
CD8,CD8.c12.Tex.CXCL13,CD8_Exhausted,standard,32,HMOX1,False,False,False,False
CD8,CD8.c12.Tex.CXCL13,CD8_Exhausted,standard,33,PKM,False,False,False,False
CD8,CD8.c12.Tex.CXCL13,CD8_Exhausted,standard,34,RAB27A,False,False,False,False
CD8,CD8.c12.Tex.CXCL13,CD8_Exhausted,standard,35,LYST,False,False,False,False
CD8,CD8.c12.Tex.CXCL13,CD8_Exhausted,standard,36,RHOB,False,False,False,False
CD8,CD8.c12.Tex.CXCL13,CD8_Exhausted,standard,37,FKBP1A,False,False,False,False
CD8,CD8.c12.Tex.CXCL13,CD8_Exhausted,standard,38,SNAP47,False,False,False,False
CD8,CD8.c12.Tex.CXCL13,CD8_Exhausted,standard,39,BST2,False,False,False,False
CD8,CD8.c12.Tex.CXCL13,CD8_Exhausted,standard,40,CD7,False,False,False,False
CD8,CD8.c12.Tex.CXCL13,CD8_Exhausted,standard,41,PRDM1,False,False,False,False
CD8,CD8.c12.Tex.CXCL13,CD8_Exhausted,standard,42,CTSD,False,False,False,False
CD8,CD8.c12.Tex.CXCL13,CD8_Exhausted,standard,43,SIRPG,False,False,False,False
CD8,CD8.c12.Tex.CXCL13,CD8_Exhausted,standard,44,HLA-A,True,True,False,False
CD8,CD8.c12.Tex.CXCL13,CD8_Exhausted,standard,45,RHOA,False,False,False,False
CD8,CD8.c12.Tex.CXCL13,CD8_Exhausted,standard,46,AFAP1L2,False,False,False,False
CD8,CD8.c12.Tex.CXCL13,CD8_Exhausted,standard,47,KRT86,False,False,False,False
CD8,CD8.c12.Tex.CXCL13,CD8_Exhausted,standard,48,LSP1,False,False,False,False
CD8,CD8.c12.Tex.CXCL13,CD8_Exhausted,standard,49,PARK7,False,False,False,False
CD8,CD8.c12.Tex.CXCL13,CD8_Exhausted,standard,50,MIR155HG,False,False,False,False
CD8,CD8.c12.Tex.CXCL13,CD8_Exhausted,filter_only,1,DUSP4,False,False,False,False
CD8,CD8.c12.Tex.CXCL13,CD8_Exhausted,filter_only,2,CXCL13,False,False,False,True
CD8,CD8.c12.Tex.CXCL13,CD8_Exhausted,filter_only,3,CD82,False,False,False,False
CD8,CD8.c12.Tex.CXCL13,CD8_Exhausted,filter_only,4,CTLA4,False,False,False,True
CD8,CD8.c12.Tex.CXCL13,CD8_Exhausted,filter_only,5,PHLDA1,False,False,False,False
CD8,CD8.c12.Tex.CXCL13,CD8_Exhausted,filter_only,6,ENTPD1,False,False,False,True
CD8,CD8.c12.Tex.CXCL13,CD8_Exhausted,filter_only,7,TNFRSF9,False,False,False,True
CD8,CD8.c12.Tex.CXCL13,CD8_Exhausted,filter_only,8,TIGIT,False,False,False,True
CD8,CD8.c12.Tex.CXCL13,CD8_Exhausted,filter_only,9,HAVCR2,False,False,False,True
CD8,CD8.c12.Tex.CXCL13,CD8_Exhausted,filter_only,10,TNFRSF18,False,False,False,False
CD8,CD8.c12.Tex.CXCL13,CD8_Exhausted,filter_only,11,RGS1,False,False,False,False
CD8,CD8.c12.Tex.CXCL13,CD8_Exhausted,filter_only,12,CTSW,False,False,False,False
CD8,CD8.c12.Tex.CXCL13,CD8_Exhausted,filter_only,13,SNX9,False,False,False,False
CD8,CD8.c12.Tex.CXCL13,CD8_Exhausted,filter_only,14,LAG3,False,False,False,False
CD8,CD8.c12.Tex.CXCL13,CD8_Exhausted,filter_only,15,RBPJ,False,False,False,False
CD8,CD8.c12.Tex.CXCL13,CD8_Exhausted,filter_only,16,TPI1,False,False,False,False
CD8,CD8.c12.Tex.CXCL13,CD8_Exhausted,filter_only,17,FAM3C,False,False,False,False
CD8,CD8.c12.Tex.CXCL13,CD8_Exhausted,filter_only,18,SYNGR2,False,False,False,False
CD8,CD8.c12.Tex.CXCL13,CD8_Exhausted,filter_only,19,PLPP1,False,False,False,False
CD8,CD8.c12.Tex.CXCL13,CD8_Exhausted,filter_only,20,LAYN,False,False,False,False
CD8,CD8.c12.Tex.CXCL13,CD8_Exhausted,filter_only,21,VCAM1,False,False,False,False
CD8,CD8.c12.Tex.CXCL13,CD8_Exhausted,filter_only,22,CCND2,False,False,False,False
CD8,CD8.c12.Tex.CXCL13,CD8_Exhausted,filter_only,23,TOX,False,False,False,True
CD8,CD8.c12.Tex.CXCL13,CD8_Exhausted,filter_only,24,NDFIP2,False,False,False,False
CD8,CD8.c12.Tex.CXCL13,CD8_Exhausted,filter_only,25,RGS2,False,False,False,False
CD8,CD8.c12.Tex.CXCL13,CD8_Exhausted,filter_only,26,ACP5,False,False,False,False
CD8,CD8.c12.Tex.CXCL13,CD8_Exhausted,filter_only,27,CD63,False,False,False,False
CD8,CD8.c12.Tex.CXCL13,CD8_Exhausted,filter_only,28,GZMB,False,False,False,False
CD8,CD8.c12.Tex.CXCL13,CD8_Exhausted,filter_only,29,GEM,False,False,False,False
CD8,CD8.c12.Tex.CXCL13,CD8_Exhausted,filter_only,30,PTMS,False,False,False,False
CD8,CD8.c12.Tex.CXCL13,CD8_Exhausted,filter_only,31,HMOX1,False,False,False,False
CD8,CD8.c12.Tex.CXCL13,CD8_Exhausted,filter_only,32,PKM,False,False,False,False
CD8,CD8.c12.Tex.CXCL13,CD8_Exhausted,filter_only,33,RAB27A,False,False,False,False
CD8,CD8.c12.Tex.CXCL13,CD8_Exhausted,filter_only,34,LYST,False,False,False,False
CD8,CD8.c12.Tex.CXCL13,CD8_Exhausted,filter_only,35,RHOB,False,False,False,False
CD8,CD8.c12.Tex.CXCL13,CD8_Exhausted,filter_only,36,FKBP1A,False,False,False,False
CD8,CD8.c12.Tex.CXCL13,CD8_Exhausted,filter_only,37,SNAP47,False,False,False,False
CD8,CD8.c12.Tex.CXCL13,CD8_Exhausted,filter_only,38,BST2,False,False,False,False
CD8,CD8.c12.Tex.CXCL13,CD8_Exhausted,filter_only,39,CD7,False,False,False,False
CD8,CD8.c12.Tex.CXCL13,CD8_Exhausted,filter_only,40,PRDM1,False,False,False,False
CD8,CD8.c12.Tex.CXCL13,CD8_Exhausted,filter_only,41,CTSD,False,False,False,False
CD8,CD8.c12.Tex.CXCL13,CD8_Exhausted,filter_only,42,SIRPG,False,False,False,False
CD8,CD8.c12.Tex.CXCL13,CD8_Exhausted,filter_only,43,RHOA,False,False,False,False
CD8,CD8.c12.Tex.CXCL13,CD8_Exhausted,filter_only,44,AFAP1L2,False,False,False,False
CD8,CD8.c12.Tex.CXCL13,CD8_Exhausted,filter_only,45,KRT86,False,False,False,False
CD8,CD8.c12.Tex.CXCL13,CD8_Exhausted,filter_only,46,LSP1,False,False,False,False
CD8,CD8.c12.Tex.CXCL13,CD8_Exhausted,filter_only,47,PARK7,False,False,False,False
CD8,CD8.c12.Tex.CXCL13,CD8_Exhausted,filter_only,48,MIR155HG,False,False,False,False
CD8,CD8.c12.Tex.CXCL13,CD8_Exhausted,filter_only,49,PGAM1,False,False,False,False
CD8,CD8.c12.Tex.CXCL13,CD8_Exhausted,filter_only,50,CSF1,False,False,False,False
CD8,CD8.c12.Tex.CXCL13,CD8_Exhausted,regex_mask,1,DUSP4,False,False,False,False
CD8,CD8.c12.Tex.CXCL13,CD8_Exhausted,regex_mask,2,CXCL13,False,False,False,True
CD8,CD8.c12.Tex.CXCL13,CD8_Exhausted,regex_mask,3,CD82,False,False,False,False
CD8,CD8.c12.Tex.CXCL13,CD8_Exhausted,regex_mask,4,CTLA4,False,False,False,True
CD8,CD8.c12.Tex.CXCL13,CD8_Exhausted,regex_mask,5,PHLDA1,False,False,False,False
CD8,CD8.c12.Tex.CXCL13,CD8_Exhausted,regex_mask,6,ENTPD1,False,False,False,True
CD8,CD8.c12.Tex.CXCL13,CD8_Exhausted,regex_mask,7,TNFRSF9,False,False,False,True
CD8,CD8.c12.Tex.CXCL13,CD8_Exhausted,regex_mask,8,TIGIT,False,False,False,True
CD8,CD8.c12.Tex.CXCL13,CD8_Exhausted,regex_mask,9,HAVCR2,False,False,False,True
CD8,CD8.c12.Tex.CXCL13,CD8_Exhausted,regex_mask,10,TNFRSF18,False,False,False,False
CD8,CD8.c12.Tex.CXCL13,CD8_Exhausted,regex_mask,11,RGS1,False,False,False,False
CD8,CD8.c12.Tex.CXCL13,CD8_Exhausted,regex_mask,12,CTSW,False,False,False,False
CD8,CD8.c12.Tex.CXCL13,CD8_Exhausted,regex_mask,13,SNX9,False,False,False,False
CD8,CD8.c12.Tex.CXCL13,CD8_Exhausted,regex_mask,14,LAG3,False,False,False,False
CD8,CD8.c12.Tex.CXCL13,CD8_Exhausted,regex_mask,15,RBPJ,False,False,False,False
CD8,CD8.c12.Tex.CXCL13,CD8_Exhausted,regex_mask,16,TPI1,False,False,False,False
CD8,CD8.c12.Tex.CXCL13,CD8_Exhausted,regex_mask,17,FAM3C,False,False,False,False
CD8,CD8.c12.Tex.CXCL13,CD8_Exhausted,regex_mask,18,SYNGR2,False,False,False,False
CD8,CD8.c12.Tex.CXCL13,CD8_Exhausted,regex_mask,19,PLPP1,False,False,False,False
CD8,CD8.c12.Tex.CXCL13,CD8_Exhausted,regex_mask,20,LAYN,False,False,False,False
CD8,CD8.c12.Tex.CXCL13,CD8_Exhausted,regex_mask,21,VCAM1,False,False,False,False
CD8,CD8.c12.Tex.CXCL13,CD8_Exhausted,regex_mask,22,CCND2,False,False,False,False
CD8,CD8.c12.Tex.CXCL13,CD8_Exhausted,regex_mask,23,TOX,False,False,False,True
CD8,CD8.c12.Tex.CXCL13,CD8_Exhausted,regex_mask,24,NDFIP2,False,False,False,False
CD8,CD8.c12.Tex.CXCL13,CD8_Exhausted,regex_mask,25,RGS2,False,False,False,False
CD8,CD8.c12.Tex.CXCL13,CD8_Exhausted,regex_mask,26,ACP5,False,False,False,False
CD8,CD8.c12.Tex.CXCL13,CD8_Exhausted,regex_mask,27,CD63,False,False,False,False
CD8,CD8.c12.Tex.CXCL13,CD8_Exhausted,regex_mask,28,GZMB,False,False,False,False
CD8,CD8.c12.Tex.CXCL13,CD8_Exhausted,regex_mask,29,GEM,False,False,False,False
CD8,CD8.c12.Tex.CXCL13,CD8_Exhausted,regex_mask,30,PTMS,False,False,False,False
CD8,CD8.c12.Tex.CXCL13,CD8_Exhausted,regex_mask,31,HMOX1,False,False,False,False
CD8,CD8.c12.Tex.CXCL13,CD8_Exhausted,regex_mask,32,PKM,False,False,False,False
CD8,CD8.c12.Tex.CXCL13,CD8_Exhausted,regex_mask,33,RAB27A,False,False,False,False
CD8,CD8.c12.Tex.CXCL13,CD8_Exhausted,regex_mask,34,LYST,False,False,False,False
CD8,CD8.c12.Tex.CXCL13,CD8_Exhausted,regex_mask,35,RHOB,False,False,False,False
CD8,CD8.c12.Tex.CXCL13,CD8_Exhausted,regex_mask,36,FKBP1A,False,False,False,False
CD8,CD8.c12.Tex.CXCL13,CD8_Exhausted,regex_mask,37,SNAP47,False,False,False,False
CD8,CD8.c12.Tex.CXCL13,CD8_Exhausted,regex_mask,38,BST2,False,False,False,False
CD8,CD8.c12.Tex.CXCL13,CD8_Exhausted,regex_mask,39,CD7,False,False,False,False
CD8,CD8.c12.Tex.CXCL13,CD8_Exhausted,regex_mask,40,PRDM1,False,False,False,False
CD8,CD8.c12.Tex.CXCL13,CD8_Exhausted,regex_mask,41,CTSD,False,False,False,False
CD8,CD8.c12.Tex.CXCL13,CD8_Exhausted,regex_mask,42,SIRPG,False,False,False,False
CD8,CD8.c12.Tex.CXCL13,CD8_Exhausted,regex_mask,43,RHOA,False,False,False,False
CD8,CD8.c12.Tex.CXCL13,CD8_Exhausted,regex_mask,44,AFAP1L2,False,False,False,False
CD8,CD8.c12.Tex.CXCL13,CD8_Exhausted,regex_mask,45,KRT86,False,False,False,False
CD8,CD8.c12.Tex.CXCL13,CD8_Exhausted,regex_mask,46,LSP1,False,False,False,False
CD8,CD8.c12.Tex.CXCL13,CD8_Exhausted,regex_mask,47,PARK7,False,False,False,False
CD8,CD8.c12.Tex.CXCL13,CD8_Exhausted,regex_mask,48,MIR155HG,False,False,False,False
CD8,CD8.c12.Tex.CXCL13,CD8_Exhausted,regex_mask,49,PGAM1,False,False,False,False
CD8,CD8.c12.Tex.CXCL13,CD8_Exhausted,regex_mask,50,CSF1,False,False,False,False
CD8,CD8.c12.Tex.CXCL13,CD8_Exhausted,full_core,1,DUSP4,False,False,False,False
CD8,CD8.c12.Tex.CXCL13,CD8_Exhausted,full_core,2,CXCL13,False,False,False,True
CD8,CD8.c12.Tex.CXCL13,CD8_Exhausted,full_core,3,CD82,False,False,False,False
CD8,CD8.c12.Tex.CXCL13,CD8_Exhausted,full_core,4,CTLA4,False,False,False,True
CD8,CD8.c12.Tex.CXCL13,CD8_Exhausted,full_core,5,PHLDA1,False,False,False,False
CD8,CD8.c12.Tex.CXCL13,CD8_Exhausted,full_core,6,ENTPD1,False,False,False,True
CD8,CD8.c12.Tex.CXCL13,CD8_Exhausted,full_core,7,TNFRSF9,False,False,False,True
CD8,CD8.c12.Tex.CXCL13,CD8_Exhausted,full_core,8,TIGIT,False,False,False,True
CD8,CD8.c12.Tex.CXCL13,CD8_Exhausted,full_core,9,HAVCR2,False,False,False,True
CD8,CD8.c12.Tex.CXCL13,CD8_Exhausted,full_core,10,TNFRSF18,False,False,False,False
CD8,CD8.c12.Tex.CXCL13,CD8_Exhausted,full_core,11,RGS1,False,False,False,False
CD8,CD8.c12.Tex.CXCL13,CD8_Exhausted,full_core,12,CTSW,False,False,False,False
CD8,CD8.c12.Tex.CXCL13,CD8_Exhausted,full_core,13,SNX9,False,False,False,False
CD8,CD8.c12.Tex.CXCL13,CD8_Exhausted,full_core,14,LAG3,False,False,False,False
CD8,CD8.c12.Tex.CXCL13,CD8_Exhausted,full_core,15,RBPJ,False,False,False,False
CD8,CD8.c12.Tex.CXCL13,CD8_Exhausted,full_core,16,TPI1,False,False,False,False
CD8,CD8.c12.Tex.CXCL13,CD8_Exhausted,full_core,17,FAM3C,False,False,False,False
CD8,CD8.c12.Tex.CXCL13,CD8_Exhausted,full_core,18,PLPP1,False,False,False,False
CD8,CD8.c12.Tex.CXCL13,CD8_Exhausted,full_core,19,LAYN,False,False,False,False
CD8,CD8.c12.Tex.CXCL13,CD8_Exhausted,full_core,20,VCAM1,False,False,False,False
CD8,CD8.c12.Tex.CXCL13,CD8_Exhausted,full_core,21,TOX,False,False,False,True
CD8,CD8.c12.Tex.CXCL13,CD8_Exhausted,full_core,22,NDFIP2,False,False,False,False
CD8,CD8.c12.Tex.CXCL13,CD8_Exhausted,full_core,23,RGS2,False,False,False,False
CD8,CD8.c12.Tex.CXCL13,CD8_Exhausted,full_core,24,ACP5,False,False,False,False
CD8,CD8.c12.Tex.CXCL13,CD8_Exhausted,full_core,25,GZMB,False,False,False,False
CD8,CD8.c12.Tex.CXCL13,CD8_Exhausted,full_core,26,GEM,False,False,False,False
CD8,CD8.c12.Tex.CXCL13,CD8_Exhausted,full_core,27,PTMS,False,False,False,False
CD8,CD8.c12.Tex.CXCL13,CD8_Exhausted,full_core,28,HMOX1,False,False,False,False
CD8,CD8.c12.Tex.CXCL13,CD8_Exhausted,full_core,29,PKM,False,False,False,False
CD8,CD8.c12.Tex.CXCL13,CD8_Exhausted,full_core,30,LYST,False,False,False,False
CD8,CD8.c12.Tex.CXCL13,CD8_Exhausted,full_core,31,RHOB,False,False,False,False
CD8,CD8.c12.Tex.CXCL13,CD8_Exhausted,full_core,32,FKBP1A,False,False,False,False
CD8,CD8.c12.Tex.CXCL13,CD8_Exhausted,full_core,33,SNAP47,False,False,False,False
CD8,CD8.c12.Tex.CXCL13,CD8_Exhausted,full_core,34,BST2,False,False,False,False
CD8,CD8.c12.Tex.CXCL13,CD8_Exhausted,full_core,35,SIRPG,False,False,False,False
CD8,CD8.c12.Tex.CXCL13,CD8_Exhausted,full_core,36,AFAP1L2,False,False,False,False
CD8,CD8.c12.Tex.CXCL13,CD8_Exhausted,full_core,37,KRT86,False,False,False,False
CD8,CD8.c12.Tex.CXCL13,CD8_Exhausted,full_core,38,PARK7,False,False,False,False
CD8,CD8.c12.Tex.CXCL13,CD8_Exhausted,full_core,39,MIR155HG,False,False,False,False
CD8,CD8.c12.Tex.CXCL13,CD8_Exhausted,full_core,40,PGAM1,False,False,False,False
CD8,CD8.c12.Tex.CXCL13,CD8_Exhausted,full_core,41,CSF1,False,False,False,False
CD8,CD8.c12.Tex.CXCL13,CD8_Exhausted,full_core,42,PDLIM4,False,False,False,False
CD8,CD8.c12.Tex.CXCL13,CD8_Exhausted,full_core,43,PDCD1,False,False,False,True
CD8,CD8.c12.Tex.CXCL13,CD8_Exhausted,full_core,44,RALA,False,False,False,False
CD8,CD8.c12.Tex.CXCL13,CD8_Exhausted,full_core,45,CD3D,False,False,False,False
CD8,CD8.c12.Tex.CXCL13,CD8_Exhausted,full_core,46,SOX4,False,False,False,False
CD8,CD8.c12.Tex.CXCL13,CD8_Exhausted,full_core,47,KIR2DL4,False,False,False,False
CD8,CD8.c12.Tex.CXCL13,CD8_Exhausted,full_core,48,PDIA6,False,False,False,False
CD8,CD8.c12.Tex.CXCL13,CD8_Exhausted,full_core,49,ANXA5,False,False,False,False
CD8,CD8.c12.Tex.CXCL13,CD8_Exhausted,full_core,50,MYO7A,False,False,False,False
CD8,CD8.c13.Tex.myl12a,CD8_Exhausted,standard,1,CXCL13,False,False,False,True
CD8,CD8.c13.Tex.myl12a,CD8_Exhausted,standard,2,GZMB,False,False,False,False
CD8,CD8.c13.Tex.myl12a,CD8_Exhausted,standard,3,LAG3,False,False,False,False
CD8,CD8.c13.Tex.myl12a,CD8_Exhausted,standard,4,CD3D,False,False,False,False
CD8,CD8.c13.Tex.myl12a,CD8_Exhausted,standard,5,RBPJ,False,False,False,False
CD8,CD8.c13.Tex.myl12a,CD8_Exhausted,standard,6,CD7,False,False,False,False
CD8,CD8.c13.Tex.myl12a,CD8_Exhausted,standard,7,TIGIT,False,False,False,True
CD8,CD8.c13.Tex.myl12a,CD8_Exhausted,standard,8,HAVCR2,False,False,False,True
CD8,CD8.c13.Tex.myl12a,CD8_Exhausted,standard,9,ENTPD1,False,False,False,True
CD8,CD8.c13.Tex.myl12a,CD8_Exhausted,standard,10,ACP5,False,False,False,False
CD8,CD8.c13.Tex.myl12a,CD8_Exhausted,standard,11,CD82,False,False,False,False
CD8,CD8.c13.Tex.myl12a,CD8_Exhausted,standard,12,ALOX5AP,False,False,False,False
CD8,CD8.c13.Tex.myl12a,CD8_Exhausted,standard,13,TPI1,False,False,False,False
CD8,CD8.c13.Tex.myl12a,CD8_Exhausted,standard,14,NAP1L4,False,False,False,False
CD8,CD8.c13.Tex.myl12a,CD8_Exhausted,standard,15,LAYN,False,False,False,False
CD8,CD8.c13.Tex.myl12a,CD8_Exhausted,standard,16,CARS,False,False,False,False
CD8,CD8.c13.Tex.myl12a,CD8_Exhausted,standard,17,SNX9,False,False,False,False
CD8,CD8.c13.Tex.myl12a,CD8_Exhausted,standard,18,LYST,False,False,False,False
CD8,CD8.c13.Tex.myl12a,CD8_Exhausted,standard,19,ITGAE,False,False,False,False
CD8,CD8.c13.Tex.myl12a,CD8_Exhausted,standard,20,CCL5,False,False,False,False
CD8,CD8.c13.Tex.myl12a,CD8_Exhausted,standard,21,IGKV1-5,True,True,False,False
CD8,CD8.c13.Tex.myl12a,CD8_Exhausted,standard,22,FAM118A,False,False,False,False
CD8,CD8.c13.Tex.myl12a,CD8_Exhausted,standard,23,MIR155HG,False,False,False,False
CD8,CD8.c13.Tex.myl12a,CD8_Exhausted,standard,24,KIR2DL4,False,False,False,False
CD8,CD8.c13.Tex.myl12a,CD8_Exhausted,standard,25,CTLA4,False,False,False,True
CD8,CD8.c13.Tex.myl12a,CD8_Exhausted,standard,26,SNAP47,False,False,False,False
CD8,CD8.c13.Tex.myl12a,CD8_Exhausted,standard,27,TNFRSF9,False,False,False,True
CD8,CD8.c13.Tex.myl12a,CD8_Exhausted,standard,28,SOX4,False,False,False,False
CD8,CD8.c13.Tex.myl12a,CD8_Exhausted,standard,29,FAM3C,False,False,False,False
CD8,CD8.c13.Tex.myl12a,CD8_Exhausted,standard,30,RP11-291B21.2,False,False,False,False
CD8,CD8.c13.Tex.myl12a,CD8_Exhausted,standard,31,GALNT2,False,False,False,False
CD8,CD8.c13.Tex.myl12a,CD8_Exhausted,standard,32,HMGB1,True,True,False,False
CD8,CD8.c13.Tex.myl12a,CD8_Exhausted,standard,33,H1FX,False,False,False,False
CD8,CD8.c13.Tex.myl12a,CD8_Exhausted,standard,34,GAPDH,False,False,False,False
CD8,CD8.c13.Tex.myl12a,CD8_Exhausted,standard,35,CTSD,False,False,False,False
CD8,CD8.c13.Tex.myl12a,CD8_Exhausted,standard,36,TOX,False,False,False,True
CD8,CD8.c13.Tex.myl12a,CD8_Exhausted,standard,37,SIRPG,False,False,False,False
CD8,CD8.c13.Tex.myl12a,CD8_Exhausted,standard,38,PLPP1,False,False,False,False
CD8,CD8.c13.Tex.myl12a,CD8_Exhausted,standard,39,VCAM1,False,False,False,False
CD8,CD8.c13.Tex.myl12a,CD8_Exhausted,standard,40,MT2A,False,False,False,False
CD8,CD8.c13.Tex.myl12a,CD8_Exhausted,standard,41,GNLY,False,False,False,False
CD8,CD8.c13.Tex.myl12a,CD8_Exhausted,standard,42,TNFRSF18,False,False,False,False
CD8,CD8.c13.Tex.myl12a,CD8_Exhausted,standard,43,HMGN2,False,False,False,False
CD8,CD8.c13.Tex.myl12a,CD8_Exhausted,standard,44,HMGN1,False,False,False,False
CD8,CD8.c13.Tex.myl12a,CD8_Exhausted,standard,45,PHLDA1,False,False,False,False
CD8,CD8.c13.Tex.myl12a,CD8_Exhausted,standard,46,MYO7A,False,False,False,False
CD8,CD8.c13.Tex.myl12a,CD8_Exhausted,standard,47,CBLB,False,False,False,False
CD8,CD8.c13.Tex.myl12a,CD8_Exhausted,standard,48,GZMA,False,False,False,False
CD8,CD8.c13.Tex.myl12a,CD8_Exhausted,standard,49,AHI1,False,False,False,False
CD8,CD8.c13.Tex.myl12a,CD8_Exhausted,standard,50,SEPT7,False,False,False,False
CD8,CD8.c13.Tex.myl12a,CD8_Exhausted,filter_only,1,CXCL13,False,False,False,True
CD8,CD8.c13.Tex.myl12a,CD8_Exhausted,filter_only,2,GZMB,False,False,False,False
CD8,CD8.c13.Tex.myl12a,CD8_Exhausted,filter_only,3,LAG3,False,False,False,False
CD8,CD8.c13.Tex.myl12a,CD8_Exhausted,filter_only,4,RBPJ,False,False,False,False
CD8,CD8.c13.Tex.myl12a,CD8_Exhausted,filter_only,5,CD7,False,False,False,False
CD8,CD8.c13.Tex.myl12a,CD8_Exhausted,filter_only,6,TIGIT,False,False,False,True
CD8,CD8.c13.Tex.myl12a,CD8_Exhausted,filter_only,7,HAVCR2,False,False,False,True
CD8,CD8.c13.Tex.myl12a,CD8_Exhausted,filter_only,8,ENTPD1,False,False,False,True
CD8,CD8.c13.Tex.myl12a,CD8_Exhausted,filter_only,9,ACP5,False,False,False,False
CD8,CD8.c13.Tex.myl12a,CD8_Exhausted,filter_only,10,CD82,False,False,False,False
CD8,CD8.c13.Tex.myl12a,CD8_Exhausted,filter_only,11,ALOX5AP,False,False,False,False
CD8,CD8.c13.Tex.myl12a,CD8_Exhausted,filter_only,12,NAP1L4,False,False,False,False
CD8,CD8.c13.Tex.myl12a,CD8_Exhausted,filter_only,13,LAYN,False,False,False,False
CD8,CD8.c13.Tex.myl12a,CD8_Exhausted,filter_only,14,CARS,False,False,False,False
CD8,CD8.c13.Tex.myl12a,CD8_Exhausted,filter_only,15,SNX9,False,False,False,False
CD8,CD8.c13.Tex.myl12a,CD8_Exhausted,filter_only,16,LYST,False,False,False,False
CD8,CD8.c13.Tex.myl12a,CD8_Exhausted,filter_only,17,ITGAE,False,False,False,False
CD8,CD8.c13.Tex.myl12a,CD8_Exhausted,filter_only,18,CCL5,False,False,False,False
CD8,CD8.c13.Tex.myl12a,CD8_Exhausted,filter_only,19,IGKV1-5,True,True,False,False
CD8,CD8.c13.Tex.myl12a,CD8_Exhausted,filter_only,20,FAM118A,False,False,False,False
CD8,CD8.c13.Tex.myl12a,CD8_Exhausted,filter_only,21,MIR155HG,False,False,False,False
CD8,CD8.c13.Tex.myl12a,CD8_Exhausted,filter_only,22,KIR2DL4,False,False,False,False
CD8,CD8.c13.Tex.myl12a,CD8_Exhausted,filter_only,23,CTLA4,False,False,False,True
CD8,CD8.c13.Tex.myl12a,CD8_Exhausted,filter_only,24,SNAP47,False,False,False,False
CD8,CD8.c13.Tex.myl12a,CD8_Exhausted,filter_only,25,TNFRSF9,False,False,False,True
CD8,CD8.c13.Tex.myl12a,CD8_Exhausted,filter_only,26,SOX4,False,False,False,False
CD8,CD8.c13.Tex.myl12a,CD8_Exhausted,filter_only,27,FAM3C,False,False,False,False
CD8,CD8.c13.Tex.myl12a,CD8_Exhausted,filter_only,28,RP11-291B21.2,False,False,False,False
CD8,CD8.c13.Tex.myl12a,CD8_Exhausted,filter_only,29,GALNT2,False,False,False,False
CD8,CD8.c13.Tex.myl12a,CD8_Exhausted,filter_only,30,H1FX,False,False,False,False
CD8,CD8.c13.Tex.myl12a,CD8_Exhausted,filter_only,31,CTSD,False,False,False,False
CD8,CD8.c13.Tex.myl12a,CD8_Exhausted,filter_only,32,TOX,False,False,False,True
CD8,CD8.c13.Tex.myl12a,CD8_Exhausted,filter_only,33,SIRPG,False,False,False,False
CD8,CD8.c13.Tex.myl12a,CD8_Exhausted,filter_only,34,PLPP1,False,False,False,False
CD8,CD8.c13.Tex.myl12a,CD8_Exhausted,filter_only,35,VCAM1,False,False,False,False
CD8,CD8.c13.Tex.myl12a,CD8_Exhausted,filter_only,36,MT2A,False,False,False,False
CD8,CD8.c13.Tex.myl12a,CD8_Exhausted,filter_only,37,GNLY,False,False,False,False
CD8,CD8.c13.Tex.myl12a,CD8_Exhausted,filter_only,38,TNFRSF18,False,False,False,False
CD8,CD8.c13.Tex.myl12a,CD8_Exhausted,filter_only,39,PHLDA1,False,False,False,False
CD8,CD8.c13.Tex.myl12a,CD8_Exhausted,filter_only,40,MYO7A,False,False,False,False
CD8,CD8.c13.Tex.myl12a,CD8_Exhausted,filter_only,41,CBLB,False,False,False,False
CD8,CD8.c13.Tex.myl12a,CD8_Exhausted,filter_only,42,AHI1,False,False,False,False
CD8,CD8.c13.Tex.myl12a,CD8_Exhausted,filter_only,43,HLA-DRB1,False,False,False,False
CD8,CD8.c13.Tex.myl12a,CD8_Exhausted,filter_only,44,PSMB9,False,False,False,False
CD8,CD8.c13.Tex.myl12a,CD8_Exhausted,filter_only,45,NEAT1,False,False,False,False
CD8,CD8.c13.Tex.myl12a,CD8_Exhausted,filter_only,46,SRGAP3,False,False,False,False
CD8,CD8.c13.Tex.myl12a,CD8_Exhausted,filter_only,47,AC069363.1,False,False,False,False
CD8,CD8.c13.Tex.myl12a,CD8_Exhausted,filter_only,48,SRSF10,False,False,False,False
CD8,CD8.c13.Tex.myl12a,CD8_Exhausted,filter_only,49,FKBP1A,False,False,False,False
CD8,CD8.c13.Tex.myl12a,CD8_Exhausted,filter_only,50,OXNAD1,False,False,False,False
CD8,CD8.c13.Tex.myl12a,CD8_Exhausted,regex_mask,1,CXCL13,False,False,False,True
CD8,CD8.c13.Tex.myl12a,CD8_Exhausted,regex_mask,2,GZMB,False,False,False,False
CD8,CD8.c13.Tex.myl12a,CD8_Exhausted,regex_mask,3,LAG3,False,False,False,False
CD8,CD8.c13.Tex.myl12a,CD8_Exhausted,regex_mask,4,RBPJ,False,False,False,False
CD8,CD8.c13.Tex.myl12a,CD8_Exhausted,regex_mask,5,CD7,False,False,False,False
CD8,CD8.c13.Tex.myl12a,CD8_Exhausted,regex_mask,6,TIGIT,False,False,False,True
CD8,CD8.c13.Tex.myl12a,CD8_Exhausted,regex_mask,7,HAVCR2,False,False,False,True
CD8,CD8.c13.Tex.myl12a,CD8_Exhausted,regex_mask,8,ENTPD1,False,False,False,True
CD8,CD8.c13.Tex.myl12a,CD8_Exhausted,regex_mask,9,ACP5,False,False,False,False
CD8,CD8.c13.Tex.myl12a,CD8_Exhausted,regex_mask,10,CD82,False,False,False,False
CD8,CD8.c13.Tex.myl12a,CD8_Exhausted,regex_mask,11,ALOX5AP,False,False,False,False
CD8,CD8.c13.Tex.myl12a,CD8_Exhausted,regex_mask,12,NAP1L4,False,False,False,False
CD8,CD8.c13.Tex.myl12a,CD8_Exhausted,regex_mask,13,LAYN,False,False,False,False
CD8,CD8.c13.Tex.myl12a,CD8_Exhausted,regex_mask,14,CARS,False,False,False,False
CD8,CD8.c13.Tex.myl12a,CD8_Exhausted,regex_mask,15,SNX9,False,False,False,False
CD8,CD8.c13.Tex.myl12a,CD8_Exhausted,regex_mask,16,LYST,False,False,False,False
CD8,CD8.c13.Tex.myl12a,CD8_Exhausted,regex_mask,17,ITGAE,False,False,False,False
CD8,CD8.c13.Tex.myl12a,CD8_Exhausted,regex_mask,18,CCL5,False,False,False,False
CD8,CD8.c13.Tex.myl12a,CD8_Exhausted,regex_mask,19,FAM118A,False,False,False,False
CD8,CD8.c13.Tex.myl12a,CD8_Exhausted,regex_mask,20,MIR155HG,False,False,False,False
CD8,CD8.c13.Tex.myl12a,CD8_Exhausted,regex_mask,21,KIR2DL4,False,False,False,False
CD8,CD8.c13.Tex.myl12a,CD8_Exhausted,regex_mask,22,CTLA4,False,False,False,True
CD8,CD8.c13.Tex.myl12a,CD8_Exhausted,regex_mask,23,SNAP47,False,False,False,False
CD8,CD8.c13.Tex.myl12a,CD8_Exhausted,regex_mask,24,TNFRSF9,False,False,False,True
CD8,CD8.c13.Tex.myl12a,CD8_Exhausted,regex_mask,25,SOX4,False,False,False,False
CD8,CD8.c13.Tex.myl12a,CD8_Exhausted,regex_mask,26,FAM3C,False,False,False,False
CD8,CD8.c13.Tex.myl12a,CD8_Exhausted,regex_mask,27,RP11-291B21.2,False,False,False,False
CD8,CD8.c13.Tex.myl12a,CD8_Exhausted,regex_mask,28,GALNT2,False,False,False,False
CD8,CD8.c13.Tex.myl12a,CD8_Exhausted,regex_mask,29,H1FX,False,False,False,False
CD8,CD8.c13.Tex.myl12a,CD8_Exhausted,regex_mask,30,CTSD,False,False,False,False
CD8,CD8.c13.Tex.myl12a,CD8_Exhausted,regex_mask,31,TOX,False,False,False,True
CD8,CD8.c13.Tex.myl12a,CD8_Exhausted,regex_mask,32,SIRPG,False,False,False,False
CD8,CD8.c13.Tex.myl12a,CD8_Exhausted,regex_mask,33,PLPP1,False,False,False,False
CD8,CD8.c13.Tex.myl12a,CD8_Exhausted,regex_mask,34,VCAM1,False,False,False,False
CD8,CD8.c13.Tex.myl12a,CD8_Exhausted,regex_mask,35,MT2A,False,False,False,False
CD8,CD8.c13.Tex.myl12a,CD8_Exhausted,regex_mask,36,GNLY,False,False,False,False
CD8,CD8.c13.Tex.myl12a,CD8_Exhausted,regex_mask,37,TNFRSF18,False,False,False,False
CD8,CD8.c13.Tex.myl12a,CD8_Exhausted,regex_mask,38,PHLDA1,False,False,False,False
CD8,CD8.c13.Tex.myl12a,CD8_Exhausted,regex_mask,39,MYO7A,False,False,False,False
CD8,CD8.c13.Tex.myl12a,CD8_Exhausted,regex_mask,40,CBLB,False,False,False,False
CD8,CD8.c13.Tex.myl12a,CD8_Exhausted,regex_mask,41,AHI1,False,False,False,False
CD8,CD8.c13.Tex.myl12a,CD8_Exhausted,regex_mask,42,HLA-DRB1,False,False,False,False
CD8,CD8.c13.Tex.myl12a,CD8_Exhausted,regex_mask,43,PSMB9,False,False,False,False
CD8,CD8.c13.Tex.myl12a,CD8_Exhausted,regex_mask,44,NEAT1,False,False,False,False
CD8,CD8.c13.Tex.myl12a,CD8_Exhausted,regex_mask,45,SRGAP3,False,False,False,False
CD8,CD8.c13.Tex.myl12a,CD8_Exhausted,regex_mask,46,AC069363.1,False,False,False,False
CD8,CD8.c13.Tex.myl12a,CD8_Exhausted,regex_mask,47,SRSF10,False,False,False,False
CD8,CD8.c13.Tex.myl12a,CD8_Exhausted,regex_mask,48,FKBP1A,False,False,False,False
CD8,CD8.c13.Tex.myl12a,CD8_Exhausted,regex_mask,49,OXNAD1,False,False,False,False
CD8,CD8.c13.Tex.myl12a,CD8_Exhausted,regex_mask,50,HLA-DRA,False,False,False,False
CD8,CD8.c13.Tex.myl12a,CD8_Exhausted,full_core,1,CXCL13,False,False,False,True
CD8,CD8.c13.Tex.myl12a,CD8_Exhausted,full_core,2,GZMB,False,False,False,False
CD8,CD8.c13.Tex.myl12a,CD8_Exhausted,full_core,3,LAG3,False,False,False,False
CD8,CD8.c13.Tex.myl12a,CD8_Exhausted,full_core,4,RBPJ,False,False,False,False
CD8,CD8.c13.Tex.myl12a,CD8_Exhausted,full_core,5,TIGIT,False,False,False,True
CD8,CD8.c13.Tex.myl12a,CD8_Exhausted,full_core,6,HAVCR2,False,False,False,True
CD8,CD8.c13.Tex.myl12a,CD8_Exhausted,full_core,7,ENTPD1,False,False,False,True
CD8,CD8.c13.Tex.myl12a,CD8_Exhausted,full_core,8,ACP5,False,False,False,False
CD8,CD8.c13.Tex.myl12a,CD8_Exhausted,full_core,9,CD82,False,False,False,False
CD8,CD8.c13.Tex.myl12a,CD8_Exhausted,full_core,10,ALOX5AP,False,False,False,False
CD8,CD8.c13.Tex.myl12a,CD8_Exhausted,full_core,11,LAYN,False,False,False,False
CD8,CD8.c13.Tex.myl12a,CD8_Exhausted,full_core,12,CARS,False,False,False,False
CD8,CD8.c13.Tex.myl12a,CD8_Exhausted,full_core,13,SNX9,False,False,False,False
CD8,CD8.c13.Tex.myl12a,CD8_Exhausted,full_core,14,LYST,False,False,False,False
CD8,CD8.c13.Tex.myl12a,CD8_Exhausted,full_core,15,ITGAE,False,False,False,False
CD8,CD8.c13.Tex.myl12a,CD8_Exhausted,full_core,16,MIR155HG,False,False,False,False
CD8,CD8.c13.Tex.myl12a,CD8_Exhausted,full_core,17,KIR2DL4,False,False,False,False
CD8,CD8.c13.Tex.myl12a,CD8_Exhausted,full_core,18,CTLA4,False,False,False,True
CD8,CD8.c13.Tex.myl12a,CD8_Exhausted,full_core,19,SNAP47,False,False,False,False
CD8,CD8.c13.Tex.myl12a,CD8_Exhausted,full_core,20,TNFRSF9,False,False,False,True
CD8,CD8.c13.Tex.myl12a,CD8_Exhausted,full_core,21,SOX4,False,False,False,False
CD8,CD8.c13.Tex.myl12a,CD8_Exhausted,full_core,22,FAM3C,False,False,False,False
CD8,CD8.c13.Tex.myl12a,CD8_Exhausted,full_core,23,RP11-291B21.2,False,False,False,False
CD8,CD8.c13.Tex.myl12a,CD8_Exhausted,full_core,24,GALNT2,False,False,False,False
CD8,CD8.c13.Tex.myl12a,CD8_Exhausted,full_core,25,H1FX,False,False,False,False
CD8,CD8.c13.Tex.myl12a,CD8_Exhausted,full_core,26,TOX,False,False,False,True
CD8,CD8.c13.Tex.myl12a,CD8_Exhausted,full_core,27,SIRPG,False,False,False,False
CD8,CD8.c13.Tex.myl12a,CD8_Exhausted,full_core,28,PLPP1,False,False,False,False
CD8,CD8.c13.Tex.myl12a,CD8_Exhausted,full_core,29,VCAM1,False,False,False,False
CD8,CD8.c13.Tex.myl12a,CD8_Exhausted,full_core,30,MT2A,False,False,False,False
CD8,CD8.c13.Tex.myl12a,CD8_Exhausted,full_core,31,GNLY,False,False,False,False
CD8,CD8.c13.Tex.myl12a,CD8_Exhausted,full_core,32,TNFRSF18,False,False,False,False
CD8,CD8.c13.Tex.myl12a,CD8_Exhausted,full_core,33,PHLDA1,False,False,False,False
CD8,CD8.c13.Tex.myl12a,CD8_Exhausted,full_core,34,MYO7A,False,False,False,False
CD8,CD8.c13.Tex.myl12a,CD8_Exhausted,full_core,35,AHI1,False,False,False,False
CD8,CD8.c13.Tex.myl12a,CD8_Exhausted,full_core,36,HLA-DRB1,False,False,False,False
CD8,CD8.c13.Tex.myl12a,CD8_Exhausted,full_core,37,AC069363.1,False,False,False,False
CD8,CD8.c13.Tex.myl12a,CD8_Exhausted,full_core,38,FKBP1A,False,False,False,False
CD8,CD8.c13.Tex.myl12a,CD8_Exhausted,full_core,39,HLA-DRA,False,False,False,False
CD8,CD8.c13.Tex.myl12a,CD8_Exhausted,full_core,40,CEBPD,False,False,False,False
CD8,CD8.c13.Tex.myl12a,CD8_Exhausted,full_core,41,MAST4,False,False,False,False
CD8,CD8.c13.Tex.myl12a,CD8_Exhausted,full_core,42,CCL3,False,False,False,False
CD8,CD8.c13.Tex.myl12a,CD8_Exhausted,full_core,43,TMEM106C,False,False,False,False
CD8,CD8.c13.Tex.myl12a,CD8_Exhausted,full_core,44,ANXA5,False,False,False,False
CD8,CD8.c13.Tex.myl12a,CD8_Exhausted,full_core,45,NDFIP2,False,False,False,False
CD8,CD8.c13.Tex.myl12a,CD8_Exhausted,full_core,46,NUCKS1,False,False,False,False
CD8,CD8.c13.Tex.myl12a,CD8_Exhausted,full_core,47,PRF1,False,False,False,False
CD8,CD8.c13.Tex.myl12a,CD8_Exhausted,full_core,48,BATF,False,False,False,False
CD8,CD8.c13.Tex.myl12a,CD8_Exhausted,full_core,49,NELL2,False,False,False,False
CD8,CD8.c13.Tex.myl12a,CD8_Exhausted,full_core,50,CARHSP1,False,False,False,False
CD8,CD8.c14.Tex.TCF7,CD8_Exhausted,standard,1,NR3C1,False,False,False,False
CD8,CD8.c14.Tex.TCF7,CD8_Exhausted,standard,2,CXCL13,False,False,False,True
CD8,CD8.c14.Tex.TCF7,CD8_Exhausted,standard,3,BATF,False,False,False,False
CD8,CD8.c14.Tex.TCF7,CD8_Exhausted,standard,4,DUSP4,False,False,False,False
CD8,CD8.c14.Tex.TCF7,CD8_Exhausted,standard,5,CD27,False,False,False,False
CD8,CD8.c14.Tex.TCF7,CD8_Exhausted,standard,6,CHN1,False,False,False,False
CD8,CD8.c14.Tex.TCF7,CD8_Exhausted,standard,7,RBPJ,False,False,False,False
CD8,CD8.c14.Tex.TCF7,CD8_Exhausted,standard,8,CTLA4,False,False,False,True
CD8,CD8.c14.Tex.TCF7,CD8_Exhausted,standard,9,ITM2A,False,False,False,False
CD8,CD8.c14.Tex.TCF7,CD8_Exhausted,standard,10,BIRC3,False,False,False,False
CD8,CD8.c14.Tex.TCF7,CD8_Exhausted,standard,11,TIGIT,False,False,False,True
CD8,CD8.c14.Tex.TCF7,CD8_Exhausted,standard,12,IL6ST,False,False,False,False
CD8,CD8.c14.Tex.TCF7,CD8_Exhausted,standard,13,SEPT6,False,False,False,False
CD8,CD8.c14.Tex.TCF7,CD8_Exhausted,standard,14,RPL15,True,True,False,False
CD8,CD8.c14.Tex.TCF7,CD8_Exhausted,standard,15,RPS26,True,True,False,False
CD8,CD8.c14.Tex.TCF7,CD8_Exhausted,standard,16,SESN3,False,False,False,False
CD8,CD8.c14.Tex.TCF7,CD8_Exhausted,standard,17,RGS2,False,False,False,False
CD8,CD8.c14.Tex.TCF7,CD8_Exhausted,standard,18,ICOS,False,False,False,False
CD8,CD8.c14.Tex.TCF7,CD8_Exhausted,standard,19,PMAIP1,False,False,False,False
CD8,CD8.c14.Tex.TCF7,CD8_Exhausted,standard,20,TOX,False,False,False,True
CD8,CD8.c14.Tex.TCF7,CD8_Exhausted,standard,21,GEM,False,False,False,False
CD8,CD8.c14.Tex.TCF7,CD8_Exhausted,standard,22,RPL6,True,True,False,False
CD8,CD8.c14.Tex.TCF7,CD8_Exhausted,standard,23,EEF1A1,True,True,False,False
CD8,CD8.c14.Tex.TCF7,CD8_Exhausted,standard,24,TNFRSF9,False,False,False,True
CD8,CD8.c14.Tex.TCF7,CD8_Exhausted,standard,25,RHBDD2,False,False,False,False
CD8,CD8.c14.Tex.TCF7,CD8_Exhausted,standard,26,RPL18,True,True,False,False
CD8,CD8.c14.Tex.TCF7,CD8_Exhausted,standard,27,CD200,False,False,False,False
CD8,CD8.c14.Tex.TCF7,CD8_Exhausted,standard,28,GNB2L1,False,True,True,False
CD8,CD8.c14.Tex.TCF7,CD8_Exhausted,standard,29,CRTAM,False,False,False,False
CD8,CD8.c14.Tex.TCF7,CD8_Exhausted,standard,30,CIRBP,False,False,False,False
CD8,CD8.c14.Tex.TCF7,CD8_Exhausted,standard,31,RGS1,False,False,False,False
CD8,CD8.c14.Tex.TCF7,CD8_Exhausted,standard,32,PASK,False,False,False,False
CD8,CD8.c14.Tex.TCF7,CD8_Exhausted,standard,33,TNFRSF18,False,False,False,False
CD8,CD8.c14.Tex.TCF7,CD8_Exhausted,standard,34,ITGAE,False,False,False,False
CD8,CD8.c14.Tex.TCF7,CD8_Exhausted,standard,35,HNRNPLL,False,False,False,False
CD8,CD8.c14.Tex.TCF7,CD8_Exhausted,standard,36,FKBP5,False,False,False,False
CD8,CD8.c14.Tex.TCF7,CD8_Exhausted,standard,37,PRDX1,False,False,False,False
CD8,CD8.c14.Tex.TCF7,CD8_Exhausted,standard,38,NELL2,False,False,False,False
CD8,CD8.c14.Tex.TCF7,CD8_Exhausted,standard,39,EIF3H,True,True,False,False
CD8,CD8.c14.Tex.TCF7,CD8_Exhausted,standard,40,HLA-DQB1,False,False,False,False
CD8,CD8.c14.Tex.TCF7,CD8_Exhausted,standard,41,ATP5G2,False,False,False,False
CD8,CD8.c14.Tex.TCF7,CD8_Exhausted,standard,42,STAM,False,False,False,False
CD8,CD8.c14.Tex.TCF7,CD8_Exhausted,standard,43,EEF1G,True,True,False,False
CD8,CD8.c14.Tex.TCF7,CD8_Exhausted,standard,44,AP3S1,False,False,False,False
CD8,CD8.c14.Tex.TCF7,CD8_Exhausted,standard,45,RPL8,True,True,False,False
CD8,CD8.c14.Tex.TCF7,CD8_Exhausted,standard,46,IL7R,False,False,False,False
CD8,CD8.c14.Tex.TCF7,CD8_Exhausted,standard,47,RPL11,True,True,False,False
CD8,CD8.c14.Tex.TCF7,CD8_Exhausted,standard,48,GPX4,False,False,False,False
CD8,CD8.c14.Tex.TCF7,CD8_Exhausted,standard,49,PARK7,False,False,False,False
CD8,CD8.c14.Tex.TCF7,CD8_Exhausted,standard,50,SIRPG,False,False,False,False
CD8,CD8.c14.Tex.TCF7,CD8_Exhausted,filter_only,1,NR3C1,False,False,False,False
CD8,CD8.c14.Tex.TCF7,CD8_Exhausted,filter_only,2,CXCL13,False,False,False,True
CD8,CD8.c14.Tex.TCF7,CD8_Exhausted,filter_only,3,BATF,False,False,False,False
CD8,CD8.c14.Tex.TCF7,CD8_Exhausted,filter_only,4,DUSP4,False,False,False,False
CD8,CD8.c14.Tex.TCF7,CD8_Exhausted,filter_only,5,CD27,False,False,False,False
CD8,CD8.c14.Tex.TCF7,CD8_Exhausted,filter_only,6,CHN1,False,False,False,False
CD8,CD8.c14.Tex.TCF7,CD8_Exhausted,filter_only,7,RBPJ,False,False,False,False
CD8,CD8.c14.Tex.TCF7,CD8_Exhausted,filter_only,8,CTLA4,False,False,False,True
CD8,CD8.c14.Tex.TCF7,CD8_Exhausted,filter_only,9,ITM2A,False,False,False,False
CD8,CD8.c14.Tex.TCF7,CD8_Exhausted,filter_only,10,BIRC3,False,False,False,False
CD8,CD8.c14.Tex.TCF7,CD8_Exhausted,filter_only,11,TIGIT,False,False,False,True
CD8,CD8.c14.Tex.TCF7,CD8_Exhausted,filter_only,12,IL6ST,False,False,False,False
CD8,CD8.c14.Tex.TCF7,CD8_Exhausted,filter_only,13,SEPT6,False,False,False,False
CD8,CD8.c14.Tex.TCF7,CD8_Exhausted,filter_only,14,SESN3,False,False,False,False
CD8,CD8.c14.Tex.TCF7,CD8_Exhausted,filter_only,15,RGS2,False,False,False,False
CD8,CD8.c14.Tex.TCF7,CD8_Exhausted,filter_only,16,ICOS,False,False,False,False
CD8,CD8.c14.Tex.TCF7,CD8_Exhausted,filter_only,17,PMAIP1,False,False,False,False
CD8,CD8.c14.Tex.TCF7,CD8_Exhausted,filter_only,18,TOX,False,False,False,True
CD8,CD8.c14.Tex.TCF7,CD8_Exhausted,filter_only,19,GEM,False,False,False,False
CD8,CD8.c14.Tex.TCF7,CD8_Exhausted,filter_only,20,TNFRSF9,False,False,False,True
CD8,CD8.c14.Tex.TCF7,CD8_Exhausted,filter_only,21,RHBDD2,False,False,False,False
CD8,CD8.c14.Tex.TCF7,CD8_Exhausted,filter_only,22,CD200,False,False,False,False
CD8,CD8.c14.Tex.TCF7,CD8_Exhausted,filter_only,23,CRTAM,False,False,False,False
CD8,CD8.c14.Tex.TCF7,CD8_Exhausted,filter_only,24,CIRBP,False,False,False,False
CD8,CD8.c14.Tex.TCF7,CD8_Exhausted,filter_only,25,RGS1,False,False,False,False
CD8,CD8.c14.Tex.TCF7,CD8_Exhausted,filter_only,26,PASK,False,False,False,False
CD8,CD8.c14.Tex.TCF7,CD8_Exhausted,filter_only,27,TNFRSF18,False,False,False,False
CD8,CD8.c14.Tex.TCF7,CD8_Exhausted,filter_only,28,ITGAE,False,False,False,False
CD8,CD8.c14.Tex.TCF7,CD8_Exhausted,filter_only,29,HNRNPLL,False,False,False,False
CD8,CD8.c14.Tex.TCF7,CD8_Exhausted,filter_only,30,FKBP5,False,False,False,False
CD8,CD8.c14.Tex.TCF7,CD8_Exhausted,filter_only,31,PRDX1,False,False,False,False
CD8,CD8.c14.Tex.TCF7,CD8_Exhausted,filter_only,32,NELL2,False,False,False,False
CD8,CD8.c14.Tex.TCF7,CD8_Exhausted,filter_only,33,EIF3H,True,True,False,False
CD8,CD8.c14.Tex.TCF7,CD8_Exhausted,filter_only,34,HLA-DQB1,False,False,False,False
CD8,CD8.c14.Tex.TCF7,CD8_Exhausted,filter_only,35,ATP5G2,False,False,False,False
CD8,CD8.c14.Tex.TCF7,CD8_Exhausted,filter_only,36,STAM,False,False,False,False
CD8,CD8.c14.Tex.TCF7,CD8_Exhausted,filter_only,37,EEF1G,True,True,False,False
CD8,CD8.c14.Tex.TCF7,CD8_Exhausted,filter_only,38,AP3S1,False,False,False,False
CD8,CD8.c14.Tex.TCF7,CD8_Exhausted,filter_only,39,IL7R,False,False,False,False
CD8,CD8.c14.Tex.TCF7,CD8_Exhausted,filter_only,40,GPX4,False,False,False,False
CD8,CD8.c14.Tex.TCF7,CD8_Exhausted,filter_only,41,PARK7,False,False,False,False
CD8,CD8.c14.Tex.TCF7,CD8_Exhausted,filter_only,42,SIRPG,False,False,False,False
CD8,CD8.c14.Tex.TCF7,CD8_Exhausted,filter_only,43,EEF2,True,True,False,False
CD8,CD8.c14.Tex.TCF7,CD8_Exhausted,filter_only,44,TBC1D4,False,False,False,False
CD8,CD8.c14.Tex.TCF7,CD8_Exhausted,filter_only,45,GYPC,False,False,False,False
CD8,CD8.c14.Tex.TCF7,CD8_Exhausted,filter_only,46,LIMS1,False,False,False,False
CD8,CD8.c14.Tex.TCF7,CD8_Exhausted,filter_only,47,TTN,False,False,False,False
CD8,CD8.c14.Tex.TCF7,CD8_Exhausted,filter_only,48,NDFIP2,False,False,False,False
CD8,CD8.c14.Tex.TCF7,CD8_Exhausted,filter_only,49,MS4A6A,False,False,False,False
CD8,CD8.c14.Tex.TCF7,CD8_Exhausted,filter_only,50,PIM2,False,False,False,False
CD8,CD8.c14.Tex.TCF7,CD8_Exhausted,regex_mask,1,NR3C1,False,False,False,False
CD8,CD8.c14.Tex.TCF7,CD8_Exhausted,regex_mask,2,CXCL13,False,False,False,True
CD8,CD8.c14.Tex.TCF7,CD8_Exhausted,regex_mask,3,BATF,False,False,False,False
CD8,CD8.c14.Tex.TCF7,CD8_Exhausted,regex_mask,4,DUSP4,False,False,False,False
CD8,CD8.c14.Tex.TCF7,CD8_Exhausted,regex_mask,5,CD27,False,False,False,False
CD8,CD8.c14.Tex.TCF7,CD8_Exhausted,regex_mask,6,CHN1,False,False,False,False
CD8,CD8.c14.Tex.TCF7,CD8_Exhausted,regex_mask,7,RBPJ,False,False,False,False
CD8,CD8.c14.Tex.TCF7,CD8_Exhausted,regex_mask,8,CTLA4,False,False,False,True
CD8,CD8.c14.Tex.TCF7,CD8_Exhausted,regex_mask,9,ITM2A,False,False,False,False
CD8,CD8.c14.Tex.TCF7,CD8_Exhausted,regex_mask,10,BIRC3,False,False,False,False
CD8,CD8.c14.Tex.TCF7,CD8_Exhausted,regex_mask,11,TIGIT,False,False,False,True
CD8,CD8.c14.Tex.TCF7,CD8_Exhausted,regex_mask,12,IL6ST,False,False,False,False
CD8,CD8.c14.Tex.TCF7,CD8_Exhausted,regex_mask,13,SEPT6,False,False,False,False
CD8,CD8.c14.Tex.TCF7,CD8_Exhausted,regex_mask,14,SESN3,False,False,False,False
CD8,CD8.c14.Tex.TCF7,CD8_Exhausted,regex_mask,15,RGS2,False,False,False,False
CD8,CD8.c14.Tex.TCF7,CD8_Exhausted,regex_mask,16,ICOS,False,False,False,False
CD8,CD8.c14.Tex.TCF7,CD8_Exhausted,regex_mask,17,PMAIP1,False,False,False,False
CD8,CD8.c14.Tex.TCF7,CD8_Exhausted,regex_mask,18,TOX,False,False,False,True
CD8,CD8.c14.Tex.TCF7,CD8_Exhausted,regex_mask,19,GEM,False,False,False,False
CD8,CD8.c14.Tex.TCF7,CD8_Exhausted,regex_mask,20,TNFRSF9,False,False,False,True
CD8,CD8.c14.Tex.TCF7,CD8_Exhausted,regex_mask,21,RHBDD2,False,False,False,False
CD8,CD8.c14.Tex.TCF7,CD8_Exhausted,regex_mask,22,CD200,False,False,False,False
CD8,CD8.c14.Tex.TCF7,CD8_Exhausted,regex_mask,23,CRTAM,False,False,False,False
CD8,CD8.c14.Tex.TCF7,CD8_Exhausted,regex_mask,24,CIRBP,False,False,False,False
CD8,CD8.c14.Tex.TCF7,CD8_Exhausted,regex_mask,25,RGS1,False,False,False,False
CD8,CD8.c14.Tex.TCF7,CD8_Exhausted,regex_mask,26,PASK,False,False,False,False
CD8,CD8.c14.Tex.TCF7,CD8_Exhausted,regex_mask,27,TNFRSF18,False,False,False,False
CD8,CD8.c14.Tex.TCF7,CD8_Exhausted,regex_mask,28,ITGAE,False,False,False,False
CD8,CD8.c14.Tex.TCF7,CD8_Exhausted,regex_mask,29,HNRNPLL,False,False,False,False
CD8,CD8.c14.Tex.TCF7,CD8_Exhausted,regex_mask,30,FKBP5,False,False,False,False
CD8,CD8.c14.Tex.TCF7,CD8_Exhausted,regex_mask,31,PRDX1,False,False,False,False
CD8,CD8.c14.Tex.TCF7,CD8_Exhausted,regex_mask,32,NELL2,False,False,False,False
CD8,CD8.c14.Tex.TCF7,CD8_Exhausted,regex_mask,33,HLA-DQB1,False,False,False,False
CD8,CD8.c14.Tex.TCF7,CD8_Exhausted,regex_mask,34,ATP5G2,False,False,False,False
CD8,CD8.c14.Tex.TCF7,CD8_Exhausted,regex_mask,35,STAM,False,False,False,False
CD8,CD8.c14.Tex.TCF7,CD8_Exhausted,regex_mask,36,AP3S1,False,False,False,False
CD8,CD8.c14.Tex.TCF7,CD8_Exhausted,regex_mask,37,IL7R,False,False,False,False
CD8,CD8.c14.Tex.TCF7,CD8_Exhausted,regex_mask,38,GPX4,False,False,False,False
CD8,CD8.c14.Tex.TCF7,CD8_Exhausted,regex_mask,39,PARK7,False,False,False,False
CD8,CD8.c14.Tex.TCF7,CD8_Exhausted,regex_mask,40,SIRPG,False,False,False,False
CD8,CD8.c14.Tex.TCF7,CD8_Exhausted,regex_mask,41,TBC1D4,False,False,False,False
CD8,CD8.c14.Tex.TCF7,CD8_Exhausted,regex_mask,42,GYPC,False,False,False,False
CD8,CD8.c14.Tex.TCF7,CD8_Exhausted,regex_mask,43,LIMS1,False,False,False,False
CD8,CD8.c14.Tex.TCF7,CD8_Exhausted,regex_mask,44,TTN,False,False,False,False
CD8,CD8.c14.Tex.TCF7,CD8_Exhausted,regex_mask,45,NDFIP2,False,False,False,False
CD8,CD8.c14.Tex.TCF7,CD8_Exhausted,regex_mask,46,MS4A6A,False,False,False,False
CD8,CD8.c14.Tex.TCF7,CD8_Exhausted,regex_mask,47,PIM2,False,False,False,False
CD8,CD8.c14.Tex.TCF7,CD8_Exhausted,regex_mask,48,OXA1L,False,False,False,False
CD8,CD8.c14.Tex.TCF7,CD8_Exhausted,regex_mask,49,AHR,False,False,False,False
CD8,CD8.c14.Tex.TCF7,CD8_Exhausted,regex_mask,50,ENTPD1,False,False,False,True
CD8,CD8.c14.Tex.TCF7,CD8_Exhausted,full_core,1,CXCL13,False,False,False,True
CD8,CD8.c14.Tex.TCF7,CD8_Exhausted,full_core,2,BATF,False,False,False,False
CD8,CD8.c14.Tex.TCF7,CD8_Exhausted,full_core,3,DUSP4,False,False,False,False
CD8,CD8.c14.Tex.TCF7,CD8_Exhausted,full_core,4,CD27,False,False,False,False
CD8,CD8.c14.Tex.TCF7,CD8_Exhausted,full_core,5,CHN1,False,False,False,False
CD8,CD8.c14.Tex.TCF7,CD8_Exhausted,full_core,6,RBPJ,False,False,False,False
CD8,CD8.c14.Tex.TCF7,CD8_Exhausted,full_core,7,CTLA4,False,False,False,True
CD8,CD8.c14.Tex.TCF7,CD8_Exhausted,full_core,8,ITM2A,False,False,False,False
CD8,CD8.c14.Tex.TCF7,CD8_Exhausted,full_core,9,BIRC3,False,False,False,False
CD8,CD8.c14.Tex.TCF7,CD8_Exhausted,full_core,10,TIGIT,False,False,False,True
CD8,CD8.c14.Tex.TCF7,CD8_Exhausted,full_core,11,SESN3,False,False,False,False
CD8,CD8.c14.Tex.TCF7,CD8_Exhausted,full_core,12,RGS2,False,False,False,False
CD8,CD8.c14.Tex.TCF7,CD8_Exhausted,full_core,13,ICOS,False,False,False,False
CD8,CD8.c14.Tex.TCF7,CD8_Exhausted,full_core,14,PMAIP1,False,False,False,False
CD8,CD8.c14.Tex.TCF7,CD8_Exhausted,full_core,15,TOX,False,False,False,True
CD8,CD8.c14.Tex.TCF7,CD8_Exhausted,full_core,16,GEM,False,False,False,False
CD8,CD8.c14.Tex.TCF7,CD8_Exhausted,full_core,17,TNFRSF9,False,False,False,True
CD8,CD8.c14.Tex.TCF7,CD8_Exhausted,full_core,18,CD200,False,False,False,False
CD8,CD8.c14.Tex.TCF7,CD8_Exhausted,full_core,19,CRTAM,False,False,False,False
CD8,CD8.c14.Tex.TCF7,CD8_Exhausted,full_core,20,RGS1,False,False,False,False
CD8,CD8.c14.Tex.TCF7,CD8_Exhausted,full_core,21,PASK,False,False,False,False
CD8,CD8.c14.Tex.TCF7,CD8_Exhausted,full_core,22,TNFRSF18,False,False,False,False
CD8,CD8.c14.Tex.TCF7,CD8_Exhausted,full_core,23,ITGAE,False,False,False,False
CD8,CD8.c14.Tex.TCF7,CD8_Exhausted,full_core,24,PRDX1,False,False,False,False
CD8,CD8.c14.Tex.TCF7,CD8_Exhausted,full_core,25,NELL2,False,False,False,False
CD8,CD8.c14.Tex.TCF7,CD8_Exhausted,full_core,26,HLA-DQB1,False,False,False,False
CD8,CD8.c14.Tex.TCF7,CD8_Exhausted,full_core,27,IL7R,False,False,False,False
CD8,CD8.c14.Tex.TCF7,CD8_Exhausted,full_core,28,PARK7,False,False,False,False
CD8,CD8.c14.Tex.TCF7,CD8_Exhausted,full_core,29,SIRPG,False,False,False,False
CD8,CD8.c14.Tex.TCF7,CD8_Exhausted,full_core,30,TTN,False,False,False,False
CD8,CD8.c14.Tex.TCF7,CD8_Exhausted,full_core,31,NDFIP2,False,False,False,False
CD8,CD8.c14.Tex.TCF7,CD8_Exhausted,full_core,32,MS4A6A,False,False,False,False
CD8,CD8.c14.Tex.TCF7,CD8_Exhausted,full_core,33,PIM2,False,False,False,False
CD8,CD8.c14.Tex.TCF7,CD8_Exhausted,full_core,34,AHR,False,False,False,False
CD8,CD8.c14.Tex.TCF7,CD8_Exhausted,full_core,35,ENTPD1,False,False,False,True
CD8,CD8.c14.Tex.TCF7,CD8_Exhausted,full_core,36,HNRNPA1,False,False,False,False
CD8,CD8.c14.Tex.TCF7,CD8_Exhausted,full_core,37,NME2,False,False,False,False
CD8,CD8.c14.Tex.TCF7,CD8_Exhausted,full_core,38,METTL8,False,False,False,False
CD8,CD8.c14.Tex.TCF7,CD8_Exhausted,full_core,39,PPM1G,False,False,False,False
CD8,CD8.c14.Tex.TCF7,CD8_Exhausted,full_core,40,TIAM1,False,False,False,False
CD8,CD8.c14.Tex.TCF7,CD8_Exhausted,full_core,41,GATA3,False,False,False,False
CD8,CD8.c14.Tex.TCF7,CD8_Exhausted,full_core,42,TNFRSF4,False,False,False,False
CD8,CD8.c14.Tex.TCF7,CD8_Exhausted,full_core,43,NFKBIA,False,False,False,False
CD8,CD8.c14.Tex.TCF7,CD8_Exhausted,full_core,44,TCF7,False,False,False,False
CD8,CD8.c14.Tex.TCF7,CD8_Exhausted,full_core,45,GNG4,False,False,False,False
CD8,CD8.c14.Tex.TCF7,CD8_Exhausted,full_core,46,DNPH1,False,False,False,False
CD8,CD8.c14.Tex.TCF7,CD8_Exhausted,full_core,47,LAYN,False,False,False,False
CD8,CD8.c14.Tex.TCF7,CD8_Exhausted,full_core,48,PHLDA1,False,False,False,False
CD8,CD8.c14.Tex.TCF7,CD8_Exhausted,full_core,49,PDCD1,False,False,False,True
CD8,CD8.c14.Tex.TCF7,CD8_Exhausted,full_core,50,SH2D1A,False,False,False,False
CD8,CD8.c15.ISG.IFIT1,CD8_ISG,standard,1,IFI6,False,False,False,True
CD8,CD8.c15.ISG.IFIT1,CD8_ISG,standard,2,IFITM1,False,False,False,False
CD8,CD8.c15.ISG.IFIT1,CD8_ISG,standard,3,MX1,False,False,False,True
CD8,CD8.c15.ISG.IFIT1,CD8_ISG,standard,4,ISG15,False,False,False,True
CD8,CD8.c15.ISG.IFIT1,CD8_ISG,standard,5,LY6E,False,False,False,False
CD8,CD8.c15.ISG.IFIT1,CD8_ISG,standard,6,IFI44L,False,False,False,False
CD8,CD8.c15.ISG.IFIT1,CD8_ISG,standard,7,XAF1,False,False,False,False
CD8,CD8.c15.ISG.IFIT1,CD8_ISG,standard,8,BST2,False,False,False,False
CD8,CD8.c15.ISG.IFIT1,CD8_ISG,standard,9,IFIT1,False,False,False,True
CD8,CD8.c15.ISG.IFIT1,CD8_ISG,standard,10,ISG20,False,False,False,False
CD8,CD8.c15.ISG.IFIT1,CD8_ISG,standard,11,EIF2AK2,True,True,False,False
CD8,CD8.c15.ISG.IFIT1,CD8_ISG,standard,12,OAS1,False,False,False,True
CD8,CD8.c15.ISG.IFIT1,CD8_ISG,standard,13,TRIM22,False,False,False,False
CD8,CD8.c15.ISG.IFIT1,CD8_ISG,standard,14,IRF7,False,False,False,False
CD8,CD8.c15.ISG.IFIT1,CD8_ISG,standard,15,EPSTI1,False,False,False,False
CD8,CD8.c15.ISG.IFIT1,CD8_ISG,standard,16,STAT1,False,False,False,True
CD8,CD8.c15.ISG.IFIT1,CD8_ISG,standard,17,RSAD2,False,False,False,False
CD8,CD8.c15.ISG.IFIT1,CD8_ISG,standard,18,PLSCR1,False,False,False,False
CD8,CD8.c15.ISG.IFIT1,CD8_ISG,standard,19,OASL,False,False,False,False
CD8,CD8.c15.ISG.IFIT1,CD8_ISG,standard,20,IFI35,False,False,False,False
CD8,CD8.c15.ISG.IFIT1,CD8_ISG,standard,21,HERC5,False,False,False,False
CD8,CD8.c15.ISG.IFIT1,CD8_ISG,standard,22,UBE2L6,False,False,False,False
CD8,CD8.c15.ISG.IFIT1,CD8_ISG,standard,23,LGALS9,False,False,False,False
CD8,CD8.c15.ISG.IFIT1,CD8_ISG,standard,24,DRAP1,False,False,False,False
CD8,CD8.c15.ISG.IFIT1,CD8_ISG,standard,25,IFIT3,False,False,False,False
CD8,CD8.c15.ISG.IFIT1,CD8_ISG,standard,26,SAMD9L,False,False,False,False
CD8,CD8.c15.ISG.IFIT1,CD8_ISG,standard,27,MX2,False,False,False,False
CD8,CD8.c15.ISG.IFIT1,CD8_ISG,standard,28,PSMB9,False,False,False,False
CD8,CD8.c15.ISG.IFIT1,CD8_ISG,standard,29,ADAR,False,False,False,False
CD8,CD8.c15.ISG.IFIT1,CD8_ISG,standard,30,CMPK2,False,False,False,False
CD8,CD8.c15.ISG.IFIT1,CD8_ISG,standard,31,LAG3,False,False,False,False
CD8,CD8.c15.ISG.IFIT1,CD8_ISG,standard,32,RNF213,False,False,False,False
CD8,CD8.c15.ISG.IFIT1,CD8_ISG,standard,33,OAS3,False,False,False,False
CD8,CD8.c15.ISG.IFIT1,CD8_ISG,standard,34,IFITM2,False,False,False,False
CD8,CD8.c15.ISG.IFIT1,CD8_ISG,standard,35,IFI44,False,False,False,False
CD8,CD8.c15.ISG.IFIT1,CD8_ISG,standard,36,SP100,False,False,False,False
CD8,CD8.c15.ISG.IFIT1,CD8_ISG,standard,37,GBP1,False,False,False,False
CD8,CD8.c15.ISG.IFIT1,CD8_ISG,standard,38,SP110,False,False,False,False
CD8,CD8.c15.ISG.IFIT1,CD8_ISG,standard,39,SAMD9,False,False,False,False
CD8,CD8.c15.ISG.IFIT1,CD8_ISG,standard,40,LAP3,False,False,False,False
CD8,CD8.c15.ISG.IFIT1,CD8_ISG,standard,41,C19orf66,False,False,False,False
CD8,CD8.c15.ISG.IFIT1,CD8_ISG,standard,42,GZMB,False,False,False,False
CD8,CD8.c15.ISG.IFIT1,CD8_ISG,standard,43,OAS2,False,False,False,False
CD8,CD8.c15.ISG.IFIT1,CD8_ISG,standard,44,PARP9,False,False,False,False
CD8,CD8.c15.ISG.IFIT1,CD8_ISG,standard,45,PSME2,False,False,False,False
CD8,CD8.c15.ISG.IFIT1,CD8_ISG,standard,46,MYL12A,False,False,False,False
CD8,CD8.c15.ISG.IFIT1,CD8_ISG,standard,47,PSME1,False,False,False,False
CD8,CD8.c15.ISG.IFIT1,CD8_ISG,standard,48,GBP5,False,False,False,False
CD8,CD8.c15.ISG.IFIT1,CD8_ISG,standard,49,MT2A,False,False,False,False
CD8,CD8.c15.ISG.IFIT1,CD8_ISG,standard,50,DDX60L,False,False,False,False
CD8,CD8.c15.ISG.IFIT1,CD8_ISG,filter_only,1,IFI6,False,False,False,True
CD8,CD8.c15.ISG.IFIT1,CD8_ISG,filter_only,2,IFITM1,False,False,False,False
CD8,CD8.c15.ISG.IFIT1,CD8_ISG,filter_only,3,MX1,False,False,False,True
CD8,CD8.c15.ISG.IFIT1,CD8_ISG,filter_only,4,ISG15,False,False,False,True
CD8,CD8.c15.ISG.IFIT1,CD8_ISG,filter_only,5,LY6E,False,False,False,False
CD8,CD8.c15.ISG.IFIT1,CD8_ISG,filter_only,6,IFI44L,False,False,False,False
CD8,CD8.c15.ISG.IFIT1,CD8_ISG,filter_only,7,XAF1,False,False,False,False
CD8,CD8.c15.ISG.IFIT1,CD8_ISG,filter_only,8,BST2,False,False,False,False
CD8,CD8.c15.ISG.IFIT1,CD8_ISG,filter_only,9,IFIT1,False,False,False,True
CD8,CD8.c15.ISG.IFIT1,CD8_ISG,filter_only,10,ISG20,False,False,False,False
CD8,CD8.c15.ISG.IFIT1,CD8_ISG,filter_only,11,EIF2AK2,True,True,False,False
CD8,CD8.c15.ISG.IFIT1,CD8_ISG,filter_only,12,OAS1,False,False,False,True
CD8,CD8.c15.ISG.IFIT1,CD8_ISG,filter_only,13,TRIM22,False,False,False,False
CD8,CD8.c15.ISG.IFIT1,CD8_ISG,filter_only,14,IRF7,False,False,False,False
CD8,CD8.c15.ISG.IFIT1,CD8_ISG,filter_only,15,EPSTI1,False,False,False,False
CD8,CD8.c15.ISG.IFIT1,CD8_ISG,filter_only,16,STAT1,False,False,False,True
CD8,CD8.c15.ISG.IFIT1,CD8_ISG,filter_only,17,RSAD2,False,False,False,False
CD8,CD8.c15.ISG.IFIT1,CD8_ISG,filter_only,18,PLSCR1,False,False,False,False
CD8,CD8.c15.ISG.IFIT1,CD8_ISG,filter_only,19,OASL,False,False,False,False
CD8,CD8.c15.ISG.IFIT1,CD8_ISG,filter_only,20,IFI35,False,False,False,False
CD8,CD8.c15.ISG.IFIT1,CD8_ISG,filter_only,21,HERC5,False,False,False,False
CD8,CD8.c15.ISG.IFIT1,CD8_ISG,filter_only,22,UBE2L6,False,False,False,False
CD8,CD8.c15.ISG.IFIT1,CD8_ISG,filter_only,23,LGALS9,False,False,False,False
CD8,CD8.c15.ISG.IFIT1,CD8_ISG,filter_only,24,DRAP1,False,False,False,False
CD8,CD8.c15.ISG.IFIT1,CD8_ISG,filter_only,25,IFIT3,False,False,False,False
CD8,CD8.c15.ISG.IFIT1,CD8_ISG,filter_only,26,SAMD9L,False,False,False,False
CD8,CD8.c15.ISG.IFIT1,CD8_ISG,filter_only,27,MX2,False,False,False,False
CD8,CD8.c15.ISG.IFIT1,CD8_ISG,filter_only,28,PSMB9,False,False,False,False
CD8,CD8.c15.ISG.IFIT1,CD8_ISG,filter_only,29,ADAR,False,False,False,False
CD8,CD8.c15.ISG.IFIT1,CD8_ISG,filter_only,30,CMPK2,False,False,False,False
CD8,CD8.c15.ISG.IFIT1,CD8_ISG,filter_only,31,LAG3,False,False,False,False
CD8,CD8.c15.ISG.IFIT1,CD8_ISG,filter_only,32,RNF213,False,False,False,False
CD8,CD8.c15.ISG.IFIT1,CD8_ISG,filter_only,33,OAS3,False,False,False,False
CD8,CD8.c15.ISG.IFIT1,CD8_ISG,filter_only,34,IFITM2,False,False,False,False
CD8,CD8.c15.ISG.IFIT1,CD8_ISG,filter_only,35,IFI44,False,False,False,False
CD8,CD8.c15.ISG.IFIT1,CD8_ISG,filter_only,36,SP100,False,False,False,False
CD8,CD8.c15.ISG.IFIT1,CD8_ISG,filter_only,37,GBP1,False,False,False,False
CD8,CD8.c15.ISG.IFIT1,CD8_ISG,filter_only,38,SP110,False,False,False,False
CD8,CD8.c15.ISG.IFIT1,CD8_ISG,filter_only,39,SAMD9,False,False,False,False
CD8,CD8.c15.ISG.IFIT1,CD8_ISG,filter_only,40,LAP3,False,False,False,False
CD8,CD8.c15.ISG.IFIT1,CD8_ISG,filter_only,41,C19orf66,False,False,False,False
CD8,CD8.c15.ISG.IFIT1,CD8_ISG,filter_only,42,GZMB,False,False,False,False
CD8,CD8.c15.ISG.IFIT1,CD8_ISG,filter_only,43,OAS2,False,False,False,False
CD8,CD8.c15.ISG.IFIT1,CD8_ISG,filter_only,44,PARP9,False,False,False,False
CD8,CD8.c15.ISG.IFIT1,CD8_ISG,filter_only,45,PSME2,False,False,False,False
CD8,CD8.c15.ISG.IFIT1,CD8_ISG,filter_only,46,MYL12A,False,False,False,False
CD8,CD8.c15.ISG.IFIT1,CD8_ISG,filter_only,47,PSME1,False,False,False,False
CD8,CD8.c15.ISG.IFIT1,CD8_ISG,filter_only,48,GBP5,False,False,False,False
CD8,CD8.c15.ISG.IFIT1,CD8_ISG,filter_only,49,MT2A,False,False,False,False
CD8,CD8.c15.ISG.IFIT1,CD8_ISG,filter_only,50,DDX60L,False,False,False,False
CD8,CD8.c15.ISG.IFIT1,CD8_ISG,regex_mask,1,IFI6,False,False,False,True
CD8,CD8.c15.ISG.IFIT1,CD8_ISG,regex_mask,2,IFITM1,False,False,False,False
CD8,CD8.c15.ISG.IFIT1,CD8_ISG,regex_mask,3,MX1,False,False,False,True
CD8,CD8.c15.ISG.IFIT1,CD8_ISG,regex_mask,4,ISG15,False,False,False,True
CD8,CD8.c15.ISG.IFIT1,CD8_ISG,regex_mask,5,LY6E,False,False,False,False
CD8,CD8.c15.ISG.IFIT1,CD8_ISG,regex_mask,6,IFI44L,False,False,False,False
CD8,CD8.c15.ISG.IFIT1,CD8_ISG,regex_mask,7,XAF1,False,False,False,False
CD8,CD8.c15.ISG.IFIT1,CD8_ISG,regex_mask,8,BST2,False,False,False,False
CD8,CD8.c15.ISG.IFIT1,CD8_ISG,regex_mask,9,IFIT1,False,False,False,True
CD8,CD8.c15.ISG.IFIT1,CD8_ISG,regex_mask,10,ISG20,False,False,False,False
CD8,CD8.c15.ISG.IFIT1,CD8_ISG,regex_mask,11,OAS1,False,False,False,True
CD8,CD8.c15.ISG.IFIT1,CD8_ISG,regex_mask,12,TRIM22,False,False,False,False
CD8,CD8.c15.ISG.IFIT1,CD8_ISG,regex_mask,13,IRF7,False,False,False,False
CD8,CD8.c15.ISG.IFIT1,CD8_ISG,regex_mask,14,EPSTI1,False,False,False,False
CD8,CD8.c15.ISG.IFIT1,CD8_ISG,regex_mask,15,STAT1,False,False,False,True
CD8,CD8.c15.ISG.IFIT1,CD8_ISG,regex_mask,16,RSAD2,False,False,False,False
CD8,CD8.c15.ISG.IFIT1,CD8_ISG,regex_mask,17,PLSCR1,False,False,False,False
CD8,CD8.c15.ISG.IFIT1,CD8_ISG,regex_mask,18,OASL,False,False,False,False
CD8,CD8.c15.ISG.IFIT1,CD8_ISG,regex_mask,19,IFI35,False,False,False,False
CD8,CD8.c15.ISG.IFIT1,CD8_ISG,regex_mask,20,HERC5,False,False,False,False
CD8,CD8.c15.ISG.IFIT1,CD8_ISG,regex_mask,21,UBE2L6,False,False,False,False
CD8,CD8.c15.ISG.IFIT1,CD8_ISG,regex_mask,22,LGALS9,False,False,False,False
CD8,CD8.c15.ISG.IFIT1,CD8_ISG,regex_mask,23,DRAP1,False,False,False,False
CD8,CD8.c15.ISG.IFIT1,CD8_ISG,regex_mask,24,IFIT3,False,False,False,False
CD8,CD8.c15.ISG.IFIT1,CD8_ISG,regex_mask,25,SAMD9L,False,False,False,False
CD8,CD8.c15.ISG.IFIT1,CD8_ISG,regex_mask,26,MX2,False,False,False,False
CD8,CD8.c15.ISG.IFIT1,CD8_ISG,regex_mask,27,PSMB9,False,False,False,False
CD8,CD8.c15.ISG.IFIT1,CD8_ISG,regex_mask,28,ADAR,False,False,False,False
CD8,CD8.c15.ISG.IFIT1,CD8_ISG,regex_mask,29,CMPK2,False,False,False,False
CD8,CD8.c15.ISG.IFIT1,CD8_ISG,regex_mask,30,LAG3,False,False,False,False
CD8,CD8.c15.ISG.IFIT1,CD8_ISG,regex_mask,31,RNF213,False,False,False,False
CD8,CD8.c15.ISG.IFIT1,CD8_ISG,regex_mask,32,OAS3,False,False,False,False
CD8,CD8.c15.ISG.IFIT1,CD8_ISG,regex_mask,33,IFITM2,False,False,False,False
CD8,CD8.c15.ISG.IFIT1,CD8_ISG,regex_mask,34,IFI44,False,False,False,False
CD8,CD8.c15.ISG.IFIT1,CD8_ISG,regex_mask,35,SP100,False,False,False,False
CD8,CD8.c15.ISG.IFIT1,CD8_ISG,regex_mask,36,GBP1,False,False,False,False
CD8,CD8.c15.ISG.IFIT1,CD8_ISG,regex_mask,37,SP110,False,False,False,False
CD8,CD8.c15.ISG.IFIT1,CD8_ISG,regex_mask,38,SAMD9,False,False,False,False
CD8,CD8.c15.ISG.IFIT1,CD8_ISG,regex_mask,39,LAP3,False,False,False,False
CD8,CD8.c15.ISG.IFIT1,CD8_ISG,regex_mask,40,C19orf66,False,False,False,False
CD8,CD8.c15.ISG.IFIT1,CD8_ISG,regex_mask,41,GZMB,False,False,False,False
CD8,CD8.c15.ISG.IFIT1,CD8_ISG,regex_mask,42,OAS2,False,False,False,False
CD8,CD8.c15.ISG.IFIT1,CD8_ISG,regex_mask,43,PARP9,False,False,False,False
CD8,CD8.c15.ISG.IFIT1,CD8_ISG,regex_mask,44,PSME2,False,False,False,False
CD8,CD8.c15.ISG.IFIT1,CD8_ISG,regex_mask,45,MYL12A,False,False,False,False
CD8,CD8.c15.ISG.IFIT1,CD8_ISG,regex_mask,46,PSME1,False,False,False,False
CD8,CD8.c15.ISG.IFIT1,CD8_ISG,regex_mask,47,GBP5,False,False,False,False
CD8,CD8.c15.ISG.IFIT1,CD8_ISG,regex_mask,48,MT2A,False,False,False,False
CD8,CD8.c15.ISG.IFIT1,CD8_ISG,regex_mask,49,DDX60L,False,False,False,False
CD8,CD8.c15.ISG.IFIT1,CD8_ISG,regex_mask,50,USP18,False,False,False,False
CD8,CD8.c15.ISG.IFIT1,CD8_ISG,full_core,1,IFI6,False,False,False,True
CD8,CD8.c15.ISG.IFIT1,CD8_ISG,full_core,2,MX1,False,False,False,True
CD8,CD8.c15.ISG.IFIT1,CD8_ISG,full_core,3,ISG15,False,False,False,True
CD8,CD8.c15.ISG.IFIT1,CD8_ISG,full_core,4,LY6E,False,False,False,False
CD8,CD8.c15.ISG.IFIT1,CD8_ISG,full_core,5,IFI44L,False,False,False,False
CD8,CD8.c15.ISG.IFIT1,CD8_ISG,full_core,6,XAF1,False,False,False,False
CD8,CD8.c15.ISG.IFIT1,CD8_ISG,full_core,7,BST2,False,False,False,False
CD8,CD8.c15.ISG.IFIT1,CD8_ISG,full_core,8,IFIT1,False,False,False,True
CD8,CD8.c15.ISG.IFIT1,CD8_ISG,full_core,9,OAS1,False,False,False,True
CD8,CD8.c15.ISG.IFIT1,CD8_ISG,full_core,10,EPSTI1,False,False,False,False
CD8,CD8.c15.ISG.IFIT1,CD8_ISG,full_core,11,STAT1,False,False,False,True
CD8,CD8.c15.ISG.IFIT1,CD8_ISG,full_core,12,RSAD2,False,False,False,False
CD8,CD8.c15.ISG.IFIT1,CD8_ISG,full_core,13,PLSCR1,False,False,False,False
CD8,CD8.c15.ISG.IFIT1,CD8_ISG,full_core,14,OASL,False,False,False,False
CD8,CD8.c15.ISG.IFIT1,CD8_ISG,full_core,15,HERC5,False,False,False,False
CD8,CD8.c15.ISG.IFIT1,CD8_ISG,full_core,16,LGALS9,False,False,False,False
CD8,CD8.c15.ISG.IFIT1,CD8_ISG,full_core,17,IFIT3,False,False,False,False
CD8,CD8.c15.ISG.IFIT1,CD8_ISG,full_core,18,MX2,False,False,False,False
CD8,CD8.c15.ISG.IFIT1,CD8_ISG,full_core,19,CMPK2,False,False,False,False
CD8,CD8.c15.ISG.IFIT1,CD8_ISG,full_core,20,LAG3,False,False,False,False
CD8,CD8.c15.ISG.IFIT1,CD8_ISG,full_core,21,OAS3,False,False,False,False
CD8,CD8.c15.ISG.IFIT1,CD8_ISG,full_core,22,IFI44,False,False,False,False
CD8,CD8.c15.ISG.IFIT1,CD8_ISG,full_core,23,GBP1,False,False,False,False
CD8,CD8.c15.ISG.IFIT1,CD8_ISG,full_core,24,LAP3,False,False,False,False
CD8,CD8.c15.ISG.IFIT1,CD8_ISG,full_core,25,GZMB,False,False,False,False
CD8,CD8.c15.ISG.IFIT1,CD8_ISG,full_core,26,PSME2,False,False,False,False
CD8,CD8.c15.ISG.IFIT1,CD8_ISG,full_core,27,GBP5,False,False,False,False
CD8,CD8.c15.ISG.IFIT1,CD8_ISG,full_core,28,MT2A,False,False,False,False
CD8,CD8.c15.ISG.IFIT1,CD8_ISG,full_core,29,USP18,False,False,False,False
CD8,CD8.c15.ISG.IFIT1,CD8_ISG,full_core,30,TNFSF10,False,False,False,False
CD8,CD8.c15.ISG.IFIT1,CD8_ISG,full_core,31,IFIT2,False,False,False,False
CD8,CD8.c15.ISG.IFIT1,CD8_ISG,full_core,32,PRF1,False,False,False,False
CD8,CD8.c15.ISG.IFIT1,CD8_ISG,full_core,33,LAMP3,False,False,False,False
CD8,CD8.c15.ISG.IFIT1,CD8_ISG,full_core,34,PTMS,False,False,False,False
CD8,CD8.c15.ISG.IFIT1,CD8_ISG,full_core,35,GNLY,False,False,False,False
CD8,CD8.c15.ISG.IFIT1,CD8_ISG,full_core,36,IFITM3,False,False,False,False
CD8,CD8.c15.ISG.IFIT1,CD8_ISG,full_core,37,ALOX5AP,False,False,False,False
CD8,CD8.c15.ISG.IFIT1,CD8_ISG,full_core,38,GNG5,False,False,False,False
CD8,CD8.c15.ISG.IFIT1,CD8_ISG,full_core,39,CD38,False,False,False,False
CD8,CD8.c15.ISG.IFIT1,CD8_ISG,full_core,40,PSMA5,False,False,False,False
CD8,CD8.c15.ISG.IFIT1,CD8_ISG,full_core,41,PSMB10,False,False,False,False
CD8,CD8.c15.ISG.IFIT1,CD8_ISG,full_core,42,PSMB8,False,False,False,False
CD8,CD8.c15.ISG.IFIT1,CD8_ISG,full_core,43,GADD45B,False,False,False,False
CD8,CD8.c15.ISG.IFIT1,CD8_ISG,full_core,44,ACP5,False,False,False,False
CD8,CD8.c15.ISG.IFIT1,CD8_ISG,full_core,45,SAT1,False,False,False,False
CD8,CD8.c15.ISG.IFIT1,CD8_ISG,full_core,46,KLRC1,False,False,False,False
CD8,CD8.c15.ISG.IFIT1,CD8_ISG,full_core,47,CXCL13,False,False,False,False
CD8,CD8.c15.ISG.IFIT1,CD8_ISG,full_core,48,CRIP1,False,False,False,False
CD8,CD8.c15.ISG.IFIT1,CD8_ISG,full_core,49,COX5A,False,False,False,False
CD8,CD8.c15.ISG.IFIT1,CD8_ISG,full_core,50,CAPG,False,False,False,False
CD8,CD8.c16.MAIT.SLC4A10,CD8_MAIT,standard,1,KLRB1,False,False,False,True
CD8,CD8.c16.MAIT.SLC4A10,CD8_MAIT,standard,2,IL7R,False,False,False,False
CD8,CD8.c16.MAIT.SLC4A10,CD8_MAIT,standard,3,CCR6,False,False,False,False
CD8,CD8.c16.MAIT.SLC4A10,CD8_MAIT,standard,4,RORA,False,False,False,False
CD8,CD8.c16.MAIT.SLC4A10,CD8_MAIT,standard,5,TMIGD2,False,False,False,False
CD8,CD8.c16.MAIT.SLC4A10,CD8_MAIT,standard,6,AQP3,False,False,False,False
CD8,CD8.c16.MAIT.SLC4A10,CD8_MAIT,standard,7,LTB,False,False,False,False
CD8,CD8.c16.MAIT.SLC4A10,CD8_MAIT,standard,8,RPLP1,True,True,False,False
CD8,CD8.c16.MAIT.SLC4A10,CD8_MAIT,standard,9,TPT1,True,True,False,False
CD8,CD8.c16.MAIT.SLC4A10,CD8_MAIT,standard,10,RPLP0,True,True,False,False
CD8,CD8.c16.MAIT.SLC4A10,CD8_MAIT,standard,11,EEF1A1,True,True,False,False
CD8,CD8.c16.MAIT.SLC4A10,CD8_MAIT,standard,12,SPOCK2,False,False,False,False
CD8,CD8.c16.MAIT.SLC4A10,CD8_MAIT,standard,13,CXCR6,False,False,False,True
CD8,CD8.c16.MAIT.SLC4A10,CD8_MAIT,standard,14,PDCD4,False,False,False,False
CD8,CD8.c16.MAIT.SLC4A10,CD8_MAIT,standard,15,MGAT4A,False,False,False,False
CD8,CD8.c16.MAIT.SLC4A10,CD8_MAIT,standard,16,OSTF1,False,False,False,False
CD8,CD8.c16.MAIT.SLC4A10,CD8_MAIT,standard,17,PABPC1,False,False,False,False
CD8,CD8.c16.MAIT.SLC4A10,CD8_MAIT,standard,18,IFNGR1,False,False,False,False
CD8,CD8.c16.MAIT.SLC4A10,CD8_MAIT,standard,19,TRAV1-2,True,True,False,False
CD8,CD8.c16.MAIT.SLC4A10,CD8_MAIT,standard,20,HPGD,False,False,False,False
CD8,CD8.c16.MAIT.SLC4A10,CD8_MAIT,standard,21,PFKFB3,False,False,False,False
CD8,CD8.c16.MAIT.SLC4A10,CD8_MAIT,standard,22,FKBP11,False,False,False,False
CD8,CD8.c16.MAIT.SLC4A10,CD8_MAIT,standard,23,ITM2B,False,False,False,False
CD8,CD8.c16.MAIT.SLC4A10,CD8_MAIT,standard,24,S100A4,False,False,False,False
CD8,CD8.c16.MAIT.SLC4A10,CD8_MAIT,standard,25,TTC39C,False,False,False,False
CD8,CD8.c16.MAIT.SLC4A10,CD8_MAIT,standard,26,CCL20,False,False,False,False
CD8,CD8.c16.MAIT.SLC4A10,CD8_MAIT,standard,27,GPR65,False,False,False,False
CD8,CD8.c16.MAIT.SLC4A10,CD8_MAIT,standard,28,PER1,False,False,False,False
CD8,CD8.c16.MAIT.SLC4A10,CD8_MAIT,standard,29,CXCR4,False,False,False,False
CD8,CD8.c16.MAIT.SLC4A10,CD8_MAIT,standard,30,FTH1,False,True,True,False
CD8,CD8.c16.MAIT.SLC4A10,CD8_MAIT,standard,31,CEBPD,False,False,False,False
CD8,CD8.c16.MAIT.SLC4A10,CD8_MAIT,standard,32,YWHAQ,False,False,False,False
CD8,CD8.c16.MAIT.SLC4A10,CD8_MAIT,standard,33,PERP,False,False,False,False
CD8,CD8.c16.MAIT.SLC4A10,CD8_MAIT,standard,34,ZFP36L2,False,False,False,False
CD8,CD8.c16.MAIT.SLC4A10,CD8_MAIT,standard,35,CCNH,False,False,False,False
CD8,CD8.c16.MAIT.SLC4A10,CD8_MAIT,standard,36,ZFP36L1,False,False,False,False
CD8,CD8.c16.MAIT.SLC4A10,CD8_MAIT,standard,37,TNFAIP3,False,False,False,False
CD8,CD8.c16.MAIT.SLC4A10,CD8_MAIT,standard,38,EEF1G,True,True,False,False
CD8,CD8.c16.MAIT.SLC4A10,CD8_MAIT,standard,39,PBX4,False,False,False,False
CD8,CD8.c16.MAIT.SLC4A10,CD8_MAIT,standard,40,DPP4,False,False,False,False
CD8,CD8.c16.MAIT.SLC4A10,CD8_MAIT,standard,41,ERN1,False,False,False,False
CD8,CD8.c16.MAIT.SLC4A10,CD8_MAIT,standard,42,LAPTM5,False,False,False,False
CD8,CD8.c16.MAIT.SLC4A10,CD8_MAIT,standard,43,SLC4A10,False,False,False,True
CD8,CD8.c16.MAIT.SLC4A10,CD8_MAIT,standard,44,SLC7A5,False,False,False,False
CD8,CD8.c16.MAIT.SLC4A10,CD8_MAIT,standard,45,PBXIP1,False,False,False,False
CD8,CD8.c16.MAIT.SLC4A10,CD8_MAIT,standard,46,ODF2L,False,False,False,False
CD8,CD8.c16.MAIT.SLC4A10,CD8_MAIT,standard,47,PCBP2,False,False,False,False
CD8,CD8.c16.MAIT.SLC4A10,CD8_MAIT,standard,48,EEF2,True,True,False,False
CD8,CD8.c16.MAIT.SLC4A10,CD8_MAIT,standard,49,EIF1,True,True,False,False
CD8,CD8.c16.MAIT.SLC4A10,CD8_MAIT,standard,50,NCR3,False,False,False,False
CD8,CD8.c16.MAIT.SLC4A10,CD8_MAIT,filter_only,1,KLRB1,False,False,False,True
CD8,CD8.c16.MAIT.SLC4A10,CD8_MAIT,filter_only,2,IL7R,False,False,False,False
CD8,CD8.c16.MAIT.SLC4A10,CD8_MAIT,filter_only,3,CCR6,False,False,False,False
CD8,CD8.c16.MAIT.SLC4A10,CD8_MAIT,filter_only,4,RORA,False,False,False,False
CD8,CD8.c16.MAIT.SLC4A10,CD8_MAIT,filter_only,5,TMIGD2,False,False,False,False
CD8,CD8.c16.MAIT.SLC4A10,CD8_MAIT,filter_only,6,AQP3,False,False,False,False
CD8,CD8.c16.MAIT.SLC4A10,CD8_MAIT,filter_only,7,LTB,False,False,False,False
CD8,CD8.c16.MAIT.SLC4A10,CD8_MAIT,filter_only,8,SPOCK2,False,False,False,False
CD8,CD8.c16.MAIT.SLC4A10,CD8_MAIT,filter_only,9,CXCR6,False,False,False,True
CD8,CD8.c16.MAIT.SLC4A10,CD8_MAIT,filter_only,10,PDCD4,False,False,False,False
CD8,CD8.c16.MAIT.SLC4A10,CD8_MAIT,filter_only,11,MGAT4A,False,False,False,False
CD8,CD8.c16.MAIT.SLC4A10,CD8_MAIT,filter_only,12,OSTF1,False,False,False,False
CD8,CD8.c16.MAIT.SLC4A10,CD8_MAIT,filter_only,13,PABPC1,False,False,False,False
CD8,CD8.c16.MAIT.SLC4A10,CD8_MAIT,filter_only,14,IFNGR1,False,False,False,False
CD8,CD8.c16.MAIT.SLC4A10,CD8_MAIT,filter_only,15,TRAV1-2,True,True,False,False
CD8,CD8.c16.MAIT.SLC4A10,CD8_MAIT,filter_only,16,HPGD,False,False,False,False
CD8,CD8.c16.MAIT.SLC4A10,CD8_MAIT,filter_only,17,PFKFB3,False,False,False,False
CD8,CD8.c16.MAIT.SLC4A10,CD8_MAIT,filter_only,18,FKBP11,False,False,False,False
CD8,CD8.c16.MAIT.SLC4A10,CD8_MAIT,filter_only,19,ITM2B,False,False,False,False
CD8,CD8.c16.MAIT.SLC4A10,CD8_MAIT,filter_only,20,S100A4,False,False,False,False
CD8,CD8.c16.MAIT.SLC4A10,CD8_MAIT,filter_only,21,TTC39C,False,False,False,False
CD8,CD8.c16.MAIT.SLC4A10,CD8_MAIT,filter_only,22,CCL20,False,False,False,False
CD8,CD8.c16.MAIT.SLC4A10,CD8_MAIT,filter_only,23,GPR65,False,False,False,False
CD8,CD8.c16.MAIT.SLC4A10,CD8_MAIT,filter_only,24,PER1,False,False,False,False
CD8,CD8.c16.MAIT.SLC4A10,CD8_MAIT,filter_only,25,CXCR4,False,False,False,False
CD8,CD8.c16.MAIT.SLC4A10,CD8_MAIT,filter_only,26,CEBPD,False,False,False,False
CD8,CD8.c16.MAIT.SLC4A10,CD8_MAIT,filter_only,27,YWHAQ,False,False,False,False
CD8,CD8.c16.MAIT.SLC4A10,CD8_MAIT,filter_only,28,PERP,False,False,False,False
CD8,CD8.c16.MAIT.SLC4A10,CD8_MAIT,filter_only,29,ZFP36L2,False,False,False,False
CD8,CD8.c16.MAIT.SLC4A10,CD8_MAIT,filter_only,30,CCNH,False,False,False,False
CD8,CD8.c16.MAIT.SLC4A10,CD8_MAIT,filter_only,31,ZFP36L1,False,False,False,False
CD8,CD8.c16.MAIT.SLC4A10,CD8_MAIT,filter_only,32,TNFAIP3,False,False,False,False
CD8,CD8.c16.MAIT.SLC4A10,CD8_MAIT,filter_only,33,EEF1G,True,True,False,False
CD8,CD8.c16.MAIT.SLC4A10,CD8_MAIT,filter_only,34,PBX4,False,False,False,False
CD8,CD8.c16.MAIT.SLC4A10,CD8_MAIT,filter_only,35,DPP4,False,False,False,False
CD8,CD8.c16.MAIT.SLC4A10,CD8_MAIT,filter_only,36,ERN1,False,False,False,False
CD8,CD8.c16.MAIT.SLC4A10,CD8_MAIT,filter_only,37,LAPTM5,False,False,False,False
CD8,CD8.c16.MAIT.SLC4A10,CD8_MAIT,filter_only,38,SLC4A10,False,False,False,True
CD8,CD8.c16.MAIT.SLC4A10,CD8_MAIT,filter_only,39,SLC7A5,False,False,False,False
CD8,CD8.c16.MAIT.SLC4A10,CD8_MAIT,filter_only,40,PBXIP1,False,False,False,False
CD8,CD8.c16.MAIT.SLC4A10,CD8_MAIT,filter_only,41,ODF2L,False,False,False,False
CD8,CD8.c16.MAIT.SLC4A10,CD8_MAIT,filter_only,42,PCBP2,False,False,False,False
CD8,CD8.c16.MAIT.SLC4A10,CD8_MAIT,filter_only,43,EEF2,True,True,False,False
CD8,CD8.c16.MAIT.SLC4A10,CD8_MAIT,filter_only,44,NCR3,False,False,False,False
CD8,CD8.c16.MAIT.SLC4A10,CD8_MAIT,filter_only,45,PDE4D,False,False,False,False
CD8,CD8.c16.MAIT.SLC4A10,CD8_MAIT,filter_only,46,CAMK4,False,False,False,False
CD8,CD8.c16.MAIT.SLC4A10,CD8_MAIT,filter_only,47,DUSP1,False,False,False,False
CD8,CD8.c16.MAIT.SLC4A10,CD8_MAIT,filter_only,48,MYADM,False,False,False,False
CD8,CD8.c16.MAIT.SLC4A10,CD8_MAIT,filter_only,49,SARAF,False,False,False,False
CD8,CD8.c16.MAIT.SLC4A10,CD8_MAIT,filter_only,50,GPR183,False,False,False,False
CD8,CD8.c16.MAIT.SLC4A10,CD8_MAIT,regex_mask,1,KLRB1,False,False,False,True
CD8,CD8.c16.MAIT.SLC4A10,CD8_MAIT,regex_mask,2,IL7R,False,False,False,False
CD8,CD8.c16.MAIT.SLC4A10,CD8_MAIT,regex_mask,3,CCR6,False,False,False,False
CD8,CD8.c16.MAIT.SLC4A10,CD8_MAIT,regex_mask,4,RORA,False,False,False,False
CD8,CD8.c16.MAIT.SLC4A10,CD8_MAIT,regex_mask,5,TMIGD2,False,False,False,False
CD8,CD8.c16.MAIT.SLC4A10,CD8_MAIT,regex_mask,6,AQP3,False,False,False,False
CD8,CD8.c16.MAIT.SLC4A10,CD8_MAIT,regex_mask,7,LTB,False,False,False,False
CD8,CD8.c16.MAIT.SLC4A10,CD8_MAIT,regex_mask,8,SPOCK2,False,False,False,False
CD8,CD8.c16.MAIT.SLC4A10,CD8_MAIT,regex_mask,9,CXCR6,False,False,False,True
CD8,CD8.c16.MAIT.SLC4A10,CD8_MAIT,regex_mask,10,PDCD4,False,False,False,False
CD8,CD8.c16.MAIT.SLC4A10,CD8_MAIT,regex_mask,11,MGAT4A,False,False,False,False
CD8,CD8.c16.MAIT.SLC4A10,CD8_MAIT,regex_mask,12,OSTF1,False,False,False,False
CD8,CD8.c16.MAIT.SLC4A10,CD8_MAIT,regex_mask,13,PABPC1,False,False,False,False
CD8,CD8.c16.MAIT.SLC4A10,CD8_MAIT,regex_mask,14,IFNGR1,False,False,False,False
CD8,CD8.c16.MAIT.SLC4A10,CD8_MAIT,regex_mask,15,HPGD,False,False,False,False
CD8,CD8.c16.MAIT.SLC4A10,CD8_MAIT,regex_mask,16,PFKFB3,False,False,False,False
CD8,CD8.c16.MAIT.SLC4A10,CD8_MAIT,regex_mask,17,FKBP11,False,False,False,False
CD8,CD8.c16.MAIT.SLC4A10,CD8_MAIT,regex_mask,18,ITM2B,False,False,False,False
CD8,CD8.c16.MAIT.SLC4A10,CD8_MAIT,regex_mask,19,S100A4,False,False,False,False
CD8,CD8.c16.MAIT.SLC4A10,CD8_MAIT,regex_mask,20,TTC39C,False,False,False,False
CD8,CD8.c16.MAIT.SLC4A10,CD8_MAIT,regex_mask,21,CCL20,False,False,False,False
CD8,CD8.c16.MAIT.SLC4A10,CD8_MAIT,regex_mask,22,GPR65,False,False,False,False
CD8,CD8.c16.MAIT.SLC4A10,CD8_MAIT,regex_mask,23,PER1,False,False,False,False
CD8,CD8.c16.MAIT.SLC4A10,CD8_MAIT,regex_mask,24,CXCR4,False,False,False,False
CD8,CD8.c16.MAIT.SLC4A10,CD8_MAIT,regex_mask,25,CEBPD,False,False,False,False
CD8,CD8.c16.MAIT.SLC4A10,CD8_MAIT,regex_mask,26,YWHAQ,False,False,False,False
CD8,CD8.c16.MAIT.SLC4A10,CD8_MAIT,regex_mask,27,PERP,False,False,False,False
CD8,CD8.c16.MAIT.SLC4A10,CD8_MAIT,regex_mask,28,ZFP36L2,False,False,False,False
CD8,CD8.c16.MAIT.SLC4A10,CD8_MAIT,regex_mask,29,CCNH,False,False,False,False
CD8,CD8.c16.MAIT.SLC4A10,CD8_MAIT,regex_mask,30,ZFP36L1,False,False,False,False
CD8,CD8.c16.MAIT.SLC4A10,CD8_MAIT,regex_mask,31,TNFAIP3,False,False,False,False
CD8,CD8.c16.MAIT.SLC4A10,CD8_MAIT,regex_mask,32,PBX4,False,False,False,False
CD8,CD8.c16.MAIT.SLC4A10,CD8_MAIT,regex_mask,33,DPP4,False,False,False,False
CD8,CD8.c16.MAIT.SLC4A10,CD8_MAIT,regex_mask,34,ERN1,False,False,False,False
CD8,CD8.c16.MAIT.SLC4A10,CD8_MAIT,regex_mask,35,LAPTM5,False,False,False,False
CD8,CD8.c16.MAIT.SLC4A10,CD8_MAIT,regex_mask,36,SLC4A10,False,False,False,True
CD8,CD8.c16.MAIT.SLC4A10,CD8_MAIT,regex_mask,37,SLC7A5,False,False,False,False
CD8,CD8.c16.MAIT.SLC4A10,CD8_MAIT,regex_mask,38,PBXIP1,False,False,False,False
CD8,CD8.c16.MAIT.SLC4A10,CD8_MAIT,regex_mask,39,ODF2L,False,False,False,False
CD8,CD8.c16.MAIT.SLC4A10,CD8_MAIT,regex_mask,40,PCBP2,False,False,False,False
CD8,CD8.c16.MAIT.SLC4A10,CD8_MAIT,regex_mask,41,NCR3,False,False,False,False
CD8,CD8.c16.MAIT.SLC4A10,CD8_MAIT,regex_mask,42,PDE4D,False,False,False,False
CD8,CD8.c16.MAIT.SLC4A10,CD8_MAIT,regex_mask,43,CAMK4,False,False,False,False
CD8,CD8.c16.MAIT.SLC4A10,CD8_MAIT,regex_mask,44,DUSP1,False,False,False,False
CD8,CD8.c16.MAIT.SLC4A10,CD8_MAIT,regex_mask,45,MYADM,False,False,False,False
CD8,CD8.c16.MAIT.SLC4A10,CD8_MAIT,regex_mask,46,SARAF,False,False,False,False
CD8,CD8.c16.MAIT.SLC4A10,CD8_MAIT,regex_mask,47,GPR183,False,False,False,False
CD8,CD8.c16.MAIT.SLC4A10,CD8_MAIT,regex_mask,48,ZFP36,False,False,False,False
CD8,CD8.c16.MAIT.SLC4A10,CD8_MAIT,regex_mask,49,ZBTB16,False,False,False,False
CD8,CD8.c16.MAIT.SLC4A10,CD8_MAIT,regex_mask,50,RBL2,False,False,False,False
CD8,CD8.c16.MAIT.SLC4A10,CD8_MAIT,full_core,1,KLRB1,False,False,False,True
CD8,CD8.c16.MAIT.SLC4A10,CD8_MAIT,full_core,2,IL7R,False,False,False,False
CD8,CD8.c16.MAIT.SLC4A10,CD8_MAIT,full_core,3,CCR6,False,False,False,False
CD8,CD8.c16.MAIT.SLC4A10,CD8_MAIT,full_core,4,TMIGD2,False,False,False,False
CD8,CD8.c16.MAIT.SLC4A10,CD8_MAIT,full_core,5,AQP3,False,False,False,False
CD8,CD8.c16.MAIT.SLC4A10,CD8_MAIT,full_core,6,LTB,False,False,False,False
CD8,CD8.c16.MAIT.SLC4A10,CD8_MAIT,full_core,7,CXCR6,False,False,False,True
CD8,CD8.c16.MAIT.SLC4A10,CD8_MAIT,full_core,8,IFNGR1,False,False,False,False
CD8,CD8.c16.MAIT.SLC4A10,CD8_MAIT,full_core,9,HPGD,False,False,False,False
CD8,CD8.c16.MAIT.SLC4A10,CD8_MAIT,full_core,10,PFKFB3,False,False,False,False
CD8,CD8.c16.MAIT.SLC4A10,CD8_MAIT,full_core,11,S100A4,False,False,False,False
CD8,CD8.c16.MAIT.SLC4A10,CD8_MAIT,full_core,12,CCL20,False,False,False,False
CD8,CD8.c16.MAIT.SLC4A10,CD8_MAIT,full_core,13,CEBPD,False,False,False,False
CD8,CD8.c16.MAIT.SLC4A10,CD8_MAIT,full_core,14,YWHAQ,False,False,False,False
CD8,CD8.c16.MAIT.SLC4A10,CD8_MAIT,full_core,15,PERP,False,False,False,False
CD8,CD8.c16.MAIT.SLC4A10,CD8_MAIT,full_core,16,ZFP36L1,False,False,False,False
CD8,CD8.c16.MAIT.SLC4A10,CD8_MAIT,full_core,17,DPP4,False,False,False,False
CD8,CD8.c16.MAIT.SLC4A10,CD8_MAIT,full_core,18,SLC4A10,False,False,False,True
CD8,CD8.c16.MAIT.SLC4A10,CD8_MAIT,full_core,19,SLC7A5,False,False,False,False
CD8,CD8.c16.MAIT.SLC4A10,CD8_MAIT,full_core,20,NCR3,False,False,False,False
CD8,CD8.c16.MAIT.SLC4A10,CD8_MAIT,full_core,21,DUSP1,False,False,False,False
CD8,CD8.c16.MAIT.SLC4A10,CD8_MAIT,full_core,22,MYADM,False,False,False,False
CD8,CD8.c16.MAIT.SLC4A10,CD8_MAIT,full_core,23,GPR183,False,False,False,False
CD8,CD8.c16.MAIT.SLC4A10,CD8_MAIT,full_core,24,ZFP36,False,False,False,False
CD8,CD8.c16.MAIT.SLC4A10,CD8_MAIT,full_core,25,ZBTB16,False,False,False,False
CD8,CD8.c16.MAIT.SLC4A10,CD8_MAIT,full_core,26,SESN1,False,False,False,False
CD8,CD8.c16.MAIT.SLC4A10,CD8_MAIT,full_core,27,CTSH,False,False,False,False
CD8,CD8.c16.MAIT.SLC4A10,CD8_MAIT,full_core,28,NFKBIA,False,False,False,False
CD8,CD8.c16.MAIT.SLC4A10,CD8_MAIT,full_core,29,ALOX5AP,False,False,False,False
CD8,CD8.c16.MAIT.SLC4A10,CD8_MAIT,full_core,30,CA2,False,False,False,False
CD8,CD8.c16.MAIT.SLC4A10,CD8_MAIT,full_core,31,ANKRD28,False,False,False,False
CD8,CD8.c16.MAIT.SLC4A10,CD8_MAIT,full_core,32,IL4I1,False,False,False,False
CD8,CD8.c16.MAIT.SLC4A10,CD8_MAIT,full_core,33,TNFRSF25,False,False,False,False
CD8,CD8.c16.MAIT.SLC4A10,CD8_MAIT,full_core,34,SNX9,False,False,False,False
CD8,CD8.c16.MAIT.SLC4A10,CD8_MAIT,full_core,35,LST1,False,False,False,False
CD8,CD8.c16.MAIT.SLC4A10,CD8_MAIT,full_core,36,CD69,False,False,False,False
CD8,CD8.c16.MAIT.SLC4A10,CD8_MAIT,full_core,37,TNFSF13B,False,False,False,False
CD8,CD8.c16.MAIT.SLC4A10,CD8_MAIT,full_core,38,CDKN1A,False,False,False,False
CD8,CD8.c16.MAIT.SLC4A10,CD8_MAIT,full_core,39,GYG1,False,False,False,False
CD8,CD8.c16.MAIT.SLC4A10,CD8_MAIT,full_core,40,CD40LG,False,False,False,False
CD8,CD8.c16.MAIT.SLC4A10,CD8_MAIT,full_core,41,CAPG,False,False,False,False
CD8,CD8.c16.MAIT.SLC4A10,CD8_MAIT,full_core,42,SLC2A3,False,False,False,False
CD8,CD8.c16.MAIT.SLC4A10,CD8_MAIT,full_core,43,TLE1,False,False,False,False
CD8,CD8.c16.MAIT.SLC4A10,CD8_MAIT,full_core,44,LDHA,False,False,False,False
CD8,CD8.c16.MAIT.SLC4A10,CD8_MAIT,full_core,45,IFI44,False,False,False,False
CD8,CD8.c16.MAIT.SLC4A10,CD8_MAIT,full_core,46,VIM,False,False,False,False
CD8,CD8.c16.MAIT.SLC4A10,CD8_MAIT,full_core,47,SATB1,False,False,False,False
CD8,CD8.c16.MAIT.SLC4A10,CD8_MAIT,full_core,48,MYBL1,False,False,False,False
CD8,CD8.c16.MAIT.SLC4A10,CD8_MAIT,full_core,49,DDIT4,False,False,False,False
CD8,CD8.c16.MAIT.SLC4A10,CD8_MAIT,full_core,50,LDLRAD4,False,False,False,False
CD8,CD8.c17.Tm.NME1,CD8_EffectorMemory,standard,1,GAPDH,False,False,False,False
CD8,CD8.c17.Tm.NME1,CD8_EffectorMemory,standard,2,ACTB,False,True,True,False
CD8,CD8.c17.Tm.NME1,CD8_EffectorMemory,standard,3,ACTG1,False,False,False,False
CD8,CD8.c17.Tm.NME1,CD8_EffectorMemory,standard,4,PFN1,False,True,True,False
CD8,CD8.c17.Tm.NME1,CD8_EffectorMemory,standard,5,COTL1,False,False,False,False
CD8,CD8.c17.Tm.NME1,CD8_EffectorMemory,standard,6,ENO1,False,False,False,False
CD8,CD8.c17.Tm.NME1,CD8_EffectorMemory,standard,7,NME2,False,False,False,False
CD8,CD8.c17.Tm.NME1,CD8_EffectorMemory,standard,8,ARPC1B,False,False,False,False
CD8,CD8.c17.Tm.NME1,CD8_EffectorMemory,standard,9,HMGN2,False,False,False,False
CD8,CD8.c17.Tm.NME1,CD8_EffectorMemory,standard,10,COX6A1,False,False,False,False
CD8,CD8.c17.Tm.NME1,CD8_EffectorMemory,standard,11,PPIA,False,True,True,False
CD8,CD8.c17.Tm.NME1,CD8_EffectorMemory,standard,12,CFL1,False,False,False,False
CD8,CD8.c17.Tm.NME1,CD8_EffectorMemory,standard,13,ATP5G3,False,False,False,False
CD8,CD8.c17.Tm.NME1,CD8_EffectorMemory,standard,14,RPLP0,True,True,False,False
CD8,CD8.c17.Tm.NME1,CD8_EffectorMemory,standard,15,LDHB,False,False,False,False
CD8,CD8.c17.Tm.NME1,CD8_EffectorMemory,standard,16,TUBB,False,False,False,False
CD8,CD8.c17.Tm.NME1,CD8_EffectorMemory,standard,17,STMN1,False,False,False,False
CD8,CD8.c17.Tm.NME1,CD8_EffectorMemory,standard,18,PSME2,False,False,False,False
CD8,CD8.c17.Tm.NME1,CD8_EffectorMemory,standard,19,YBX1,False,False,False,False
CD8,CD8.c17.Tm.NME1,CD8_EffectorMemory,standard,20,COX8A,False,False,False,False
CD8,CD8.c17.Tm.NME1,CD8_EffectorMemory,standard,21,RAN,False,False,False,False
CD8,CD8.c17.Tm.NME1,CD8_EffectorMemory,standard,22,TXN,False,False,False,False
CD8,CD8.c17.Tm.NME1,CD8_EffectorMemory,standard,23,ANP32B,False,False,False,False
CD8,CD8.c17.Tm.NME1,CD8_EffectorMemory,standard,24,TALDO1,False,False,False,False
CD8,CD8.c17.Tm.NME1,CD8_EffectorMemory,standard,25,COX6C,False,False,False,False
CD8,CD8.c17.Tm.NME1,CD8_EffectorMemory,standard,26,SLC25A5,False,False,False,False
CD8,CD8.c17.Tm.NME1,CD8_EffectorMemory,standard,27,TYMS,True,True,False,False
CD8,CD8.c17.Tm.NME1,CD8_EffectorMemory,standard,28,CORO1A,False,False,False,False
CD8,CD8.c17.Tm.NME1,CD8_EffectorMemory,standard,29,H2AFV,False,False,False,False
CD8,CD8.c17.Tm.NME1,CD8_EffectorMemory,standard,30,MIF,False,False,False,False
CD8,CD8.c17.Tm.NME1,CD8_EffectorMemory,standard,31,PKM,False,False,False,False
CD8,CD8.c17.Tm.NME1,CD8_EffectorMemory,standard,32,ATP5J2,False,False,False,False
CD8,CD8.c17.Tm.NME1,CD8_EffectorMemory,standard,33,ATP5J,False,False,False,False
CD8,CD8.c17.Tm.NME1,CD8_EffectorMemory,standard,34,TMSB10,False,True,True,False
CD8,CD8.c17.Tm.NME1,CD8_EffectorMemory,standard,35,TPI1,False,False,False,False
CD8,CD8.c17.Tm.NME1,CD8_EffectorMemory,standard,36,MZT2B,False,False,False,False
CD8,CD8.c17.Tm.NME1,CD8_EffectorMemory,standard,37,PRDX3,False,False,False,False
CD8,CD8.c17.Tm.NME1,CD8_EffectorMemory,standard,38,RANBP1,True,True,False,False
CD8,CD8.c17.Tm.NME1,CD8_EffectorMemory,standard,39,MZT2A,False,False,False,False
CD8,CD8.c17.Tm.NME1,CD8_EffectorMemory,standard,40,COX5A,False,False,False,False
CD8,CD8.c17.Tm.NME1,CD8_EffectorMemory,standard,41,MYL6,False,False,False,False
CD8,CD8.c17.Tm.NME1,CD8_EffectorMemory,standard,42,GNG5,False,False,False,False
CD8,CD8.c17.Tm.NME1,CD8_EffectorMemory,standard,43,ATP5L,False,False,False,False
CD8,CD8.c17.Tm.NME1,CD8_EffectorMemory,standard,44,DUT,False,False,False,False
CD8,CD8.c17.Tm.NME1,CD8_EffectorMemory,standard,45,ATP5G2,False,False,False,False
CD8,CD8.c17.Tm.NME1,CD8_EffectorMemory,standard,46,KIAA0101,True,True,False,False
CD8,CD8.c17.Tm.NME1,CD8_EffectorMemory,standard,47,PPP1CA,False,False,False,False
CD8,CD8.c17.Tm.NME1,CD8_EffectorMemory,standard,48,HMGB1,True,True,False,False
CD8,CD8.c17.Tm.NME1,CD8_EffectorMemory,standard,49,SNRPG,False,False,False,False
CD8,CD8.c17.Tm.NME1,CD8_EffectorMemory,standard,50,PRELID1,False,False,False,False
CD8,CD8.c17.Tm.NME1,CD8_EffectorMemory,filter_only,1,ACTG1,False,False,False,False
CD8,CD8.c17.Tm.NME1,CD8_EffectorMemory,filter_only,2,COTL1,False,False,False,False
CD8,CD8.c17.Tm.NME1,CD8_EffectorMemory,filter_only,3,ENO1,False,False,False,False
CD8,CD8.c17.Tm.NME1,CD8_EffectorMemory,filter_only,4,NME2,False,False,False,False
CD8,CD8.c17.Tm.NME1,CD8_EffectorMemory,filter_only,5,ARPC1B,False,False,False,False
CD8,CD8.c17.Tm.NME1,CD8_EffectorMemory,filter_only,6,HMGN2,False,False,False,False
CD8,CD8.c17.Tm.NME1,CD8_EffectorMemory,filter_only,7,COX6A1,False,False,False,False
CD8,CD8.c17.Tm.NME1,CD8_EffectorMemory,filter_only,8,PPIA,False,True,True,False
CD8,CD8.c17.Tm.NME1,CD8_EffectorMemory,filter_only,9,CFL1,False,False,False,False
CD8,CD8.c17.Tm.NME1,CD8_EffectorMemory,filter_only,10,ATP5G3,False,False,False,False
CD8,CD8.c17.Tm.NME1,CD8_EffectorMemory,filter_only,11,LDHB,False,False,False,False
CD8,CD8.c17.Tm.NME1,CD8_EffectorMemory,filter_only,12,TUBB,False,False,False,False
CD8,CD8.c17.Tm.NME1,CD8_EffectorMemory,filter_only,13,STMN1,False,False,False,False
CD8,CD8.c17.Tm.NME1,CD8_EffectorMemory,filter_only,14,PSME2,False,False,False,False
CD8,CD8.c17.Tm.NME1,CD8_EffectorMemory,filter_only,15,YBX1,False,False,False,False
CD8,CD8.c17.Tm.NME1,CD8_EffectorMemory,filter_only,16,COX8A,False,False,False,False
CD8,CD8.c17.Tm.NME1,CD8_EffectorMemory,filter_only,17,RAN,False,False,False,False
CD8,CD8.c17.Tm.NME1,CD8_EffectorMemory,filter_only,18,TXN,False,False,False,False
CD8,CD8.c17.Tm.NME1,CD8_EffectorMemory,filter_only,19,ANP32B,False,False,False,False
CD8,CD8.c17.Tm.NME1,CD8_EffectorMemory,filter_only,20,TALDO1,False,False,False,False
CD8,CD8.c17.Tm.NME1,CD8_EffectorMemory,filter_only,21,COX6C,False,False,False,False
CD8,CD8.c17.Tm.NME1,CD8_EffectorMemory,filter_only,22,SLC25A5,False,False,False,False
CD8,CD8.c17.Tm.NME1,CD8_EffectorMemory,filter_only,23,TYMS,True,True,False,False
CD8,CD8.c17.Tm.NME1,CD8_EffectorMemory,filter_only,24,CORO1A,False,False,False,False
CD8,CD8.c17.Tm.NME1,CD8_EffectorMemory,filter_only,25,H2AFV,False,False,False,False
CD8,CD8.c17.Tm.NME1,CD8_EffectorMemory,filter_only,26,MIF,False,False,False,False
CD8,CD8.c17.Tm.NME1,CD8_EffectorMemory,filter_only,27,PKM,False,False,False,False
CD8,CD8.c17.Tm.NME1,CD8_EffectorMemory,filter_only,28,ATP5J2,False,False,False,False
CD8,CD8.c17.Tm.NME1,CD8_EffectorMemory,filter_only,29,ATP5J,False,False,False,False
CD8,CD8.c17.Tm.NME1,CD8_EffectorMemory,filter_only,30,TPI1,False,False,False,False
CD8,CD8.c17.Tm.NME1,CD8_EffectorMemory,filter_only,31,MZT2B,False,False,False,False
CD8,CD8.c17.Tm.NME1,CD8_EffectorMemory,filter_only,32,PRDX3,False,False,False,False
CD8,CD8.c17.Tm.NME1,CD8_EffectorMemory,filter_only,33,RANBP1,True,True,False,False
CD8,CD8.c17.Tm.NME1,CD8_EffectorMemory,filter_only,34,MZT2A,False,False,False,False
CD8,CD8.c17.Tm.NME1,CD8_EffectorMemory,filter_only,35,COX5A,False,False,False,False
CD8,CD8.c17.Tm.NME1,CD8_EffectorMemory,filter_only,36,MYL6,False,False,False,False
CD8,CD8.c17.Tm.NME1,CD8_EffectorMemory,filter_only,37,GNG5,False,False,False,False
CD8,CD8.c17.Tm.NME1,CD8_EffectorMemory,filter_only,38,ATP5L,False,False,False,False
CD8,CD8.c17.Tm.NME1,CD8_EffectorMemory,filter_only,39,DUT,False,False,False,False
CD8,CD8.c17.Tm.NME1,CD8_EffectorMemory,filter_only,40,ATP5G2,False,False,False,False
CD8,CD8.c17.Tm.NME1,CD8_EffectorMemory,filter_only,41,KIAA0101,True,True,False,False
CD8,CD8.c17.Tm.NME1,CD8_EffectorMemory,filter_only,42,PPP1CA,False,False,False,False
CD8,CD8.c17.Tm.NME1,CD8_EffectorMemory,filter_only,43,HMGB1,True,True,False,False
CD8,CD8.c17.Tm.NME1,CD8_EffectorMemory,filter_only,44,SNRPG,False,False,False,False
CD8,CD8.c17.Tm.NME1,CD8_EffectorMemory,filter_only,45,PRELID1,False,False,False,False
CD8,CD8.c17.Tm.NME1,CD8_EffectorMemory,filter_only,46,TUBA1B,True,True,False,False
CD8,CD8.c17.Tm.NME1,CD8_EffectorMemory,filter_only,47,PSMB3,False,False,False,False
CD8,CD8.c17.Tm.NME1,CD8_EffectorMemory,filter_only,48,SNRPF,False,False,False,False
CD8,CD8.c17.Tm.NME1,CD8_EffectorMemory,filter_only,49,NDUFB3,False,False,False,False
CD8,CD8.c17.Tm.NME1,CD8_EffectorMemory,filter_only,50,ARPC3,False,False,False,False
CD8,CD8.c17.Tm.NME1,CD8_EffectorMemory,regex_mask,1,ACTG1,False,False,False,False
CD8,CD8.c17.Tm.NME1,CD8_EffectorMemory,regex_mask,2,COTL1,False,False,False,False
CD8,CD8.c17.Tm.NME1,CD8_EffectorMemory,regex_mask,3,ENO1,False,False,False,False
CD8,CD8.c17.Tm.NME1,CD8_EffectorMemory,regex_mask,4,NME2,False,False,False,False
CD8,CD8.c17.Tm.NME1,CD8_EffectorMemory,regex_mask,5,ARPC1B,False,False,False,False
CD8,CD8.c17.Tm.NME1,CD8_EffectorMemory,regex_mask,6,HMGN2,False,False,False,False
CD8,CD8.c17.Tm.NME1,CD8_EffectorMemory,regex_mask,7,COX6A1,False,False,False,False
CD8,CD8.c17.Tm.NME1,CD8_EffectorMemory,regex_mask,8,PPIA,False,True,True,False
CD8,CD8.c17.Tm.NME1,CD8_EffectorMemory,regex_mask,9,CFL1,False,False,False,False
CD8,CD8.c17.Tm.NME1,CD8_EffectorMemory,regex_mask,10,ATP5G3,False,False,False,False
CD8,CD8.c17.Tm.NME1,CD8_EffectorMemory,regex_mask,11,LDHB,False,False,False,False
CD8,CD8.c17.Tm.NME1,CD8_EffectorMemory,regex_mask,12,TUBB,False,False,False,False
CD8,CD8.c17.Tm.NME1,CD8_EffectorMemory,regex_mask,13,STMN1,False,False,False,False
CD8,CD8.c17.Tm.NME1,CD8_EffectorMemory,regex_mask,14,PSME2,False,False,False,False
CD8,CD8.c17.Tm.NME1,CD8_EffectorMemory,regex_mask,15,YBX1,False,False,False,False
CD8,CD8.c17.Tm.NME1,CD8_EffectorMemory,regex_mask,16,COX8A,False,False,False,False
CD8,CD8.c17.Tm.NME1,CD8_EffectorMemory,regex_mask,17,RAN,False,False,False,False
CD8,CD8.c17.Tm.NME1,CD8_EffectorMemory,regex_mask,18,TXN,False,False,False,False
CD8,CD8.c17.Tm.NME1,CD8_EffectorMemory,regex_mask,19,ANP32B,False,False,False,False
CD8,CD8.c17.Tm.NME1,CD8_EffectorMemory,regex_mask,20,TALDO1,False,False,False,False
CD8,CD8.c17.Tm.NME1,CD8_EffectorMemory,regex_mask,21,COX6C,False,False,False,False
CD8,CD8.c17.Tm.NME1,CD8_EffectorMemory,regex_mask,22,SLC25A5,False,False,False,False
CD8,CD8.c17.Tm.NME1,CD8_EffectorMemory,regex_mask,23,CORO1A,False,False,False,False
CD8,CD8.c17.Tm.NME1,CD8_EffectorMemory,regex_mask,24,H2AFV,False,False,False,False
CD8,CD8.c17.Tm.NME1,CD8_EffectorMemory,regex_mask,25,MIF,False,False,False,False
CD8,CD8.c17.Tm.NME1,CD8_EffectorMemory,regex_mask,26,PKM,False,False,False,False
CD8,CD8.c17.Tm.NME1,CD8_EffectorMemory,regex_mask,27,ATP5J2,False,False,False,False
CD8,CD8.c17.Tm.NME1,CD8_EffectorMemory,regex_mask,28,ATP5J,False,False,False,False
CD8,CD8.c17.Tm.NME1,CD8_EffectorMemory,regex_mask,29,TPI1,False,False,False,False
CD8,CD8.c17.Tm.NME1,CD8_EffectorMemory,regex_mask,30,MZT2B,False,False,False,False
CD8,CD8.c17.Tm.NME1,CD8_EffectorMemory,regex_mask,31,PRDX3,False,False,False,False
CD8,CD8.c17.Tm.NME1,CD8_EffectorMemory,regex_mask,32,MZT2A,False,False,False,False
CD8,CD8.c17.Tm.NME1,CD8_EffectorMemory,regex_mask,33,COX5A,False,False,False,False
CD8,CD8.c17.Tm.NME1,CD8_EffectorMemory,regex_mask,34,MYL6,False,False,False,False
CD8,CD8.c17.Tm.NME1,CD8_EffectorMemory,regex_mask,35,GNG5,False,False,False,False
CD8,CD8.c17.Tm.NME1,CD8_EffectorMemory,regex_mask,36,ATP5L,False,False,False,False
CD8,CD8.c17.Tm.NME1,CD8_EffectorMemory,regex_mask,37,DUT,False,False,False,False
CD8,CD8.c17.Tm.NME1,CD8_EffectorMemory,regex_mask,38,ATP5G2,False,False,False,False
CD8,CD8.c17.Tm.NME1,CD8_EffectorMemory,regex_mask,39,PPP1CA,False,False,False,False
CD8,CD8.c17.Tm.NME1,CD8_EffectorMemory,regex_mask,40,SNRPG,False,False,False,False
CD8,CD8.c17.Tm.NME1,CD8_EffectorMemory,regex_mask,41,PRELID1,False,False,False,False
CD8,CD8.c17.Tm.NME1,CD8_EffectorMemory,regex_mask,42,PSMB3,False,False,False,False
CD8,CD8.c17.Tm.NME1,CD8_EffectorMemory,regex_mask,43,SNRPF,False,False,False,False
CD8,CD8.c17.Tm.NME1,CD8_EffectorMemory,regex_mask,44,NDUFB3,False,False,False,False
CD8,CD8.c17.Tm.NME1,CD8_EffectorMemory,regex_mask,45,ARPC3,False,False,False,False
CD8,CD8.c17.Tm.NME1,CD8_EffectorMemory,regex_mask,46,H2AFY,False,False,False,False
CD8,CD8.c17.Tm.NME1,CD8_EffectorMemory,regex_mask,47,ARPC2,False,False,False,False
CD8,CD8.c17.Tm.NME1,CD8_EffectorMemory,regex_mask,48,SNRPD1,False,False,False,False
CD8,CD8.c17.Tm.NME1,CD8_EffectorMemory,regex_mask,49,MT1E,False,False,False,False
CD8,CD8.c17.Tm.NME1,CD8_EffectorMemory,regex_mask,50,ANXA5,False,False,False,False
CD8,CD8.c17.Tm.NME1,CD8_EffectorMemory,full_core,1,ACTG1,False,False,False,False
CD8,CD8.c17.Tm.NME1,CD8_EffectorMemory,full_core,2,COTL1,False,False,False,False
CD8,CD8.c17.Tm.NME1,CD8_EffectorMemory,full_core,3,ENO1,False,False,False,False
CD8,CD8.c17.Tm.NME1,CD8_EffectorMemory,full_core,4,NME2,False,False,False,False
CD8,CD8.c17.Tm.NME1,CD8_EffectorMemory,full_core,5,ARPC1B,False,False,False,False
CD8,CD8.c17.Tm.NME1,CD8_EffectorMemory,full_core,6,HMGN2,False,False,False,False
CD8,CD8.c17.Tm.NME1,CD8_EffectorMemory,full_core,7,COX6A1,False,False,False,False
CD8,CD8.c17.Tm.NME1,CD8_EffectorMemory,full_core,8,CFL1,False,False,False,False
CD8,CD8.c17.Tm.NME1,CD8_EffectorMemory,full_core,9,ATP5G3,False,False,False,False
CD8,CD8.c17.Tm.NME1,CD8_EffectorMemory,full_core,10,LDHB,False,False,False,False
CD8,CD8.c17.Tm.NME1,CD8_EffectorMemory,full_core,11,TUBB,False,False,False,False
CD8,CD8.c17.Tm.NME1,CD8_EffectorMemory,full_core,12,STMN1,False,False,False,False
CD8,CD8.c17.Tm.NME1,CD8_EffectorMemory,full_core,13,PSME2,False,False,False,False
CD8,CD8.c17.Tm.NME1,CD8_EffectorMemory,full_core,14,YBX1,False,False,False,False
CD8,CD8.c17.Tm.NME1,CD8_EffectorMemory,full_core,15,COX8A,False,False,False,False
CD8,CD8.c17.Tm.NME1,CD8_EffectorMemory,full_core,16,RAN,False,False,False,False
CD8,CD8.c17.Tm.NME1,CD8_EffectorMemory,full_core,17,TXN,False,False,False,False
CD8,CD8.c17.Tm.NME1,CD8_EffectorMemory,full_core,18,ANP32B,False,False,False,False
CD8,CD8.c17.Tm.NME1,CD8_EffectorMemory,full_core,19,TALDO1,False,False,False,False
CD8,CD8.c17.Tm.NME1,CD8_EffectorMemory,full_core,20,SLC25A5,False,False,False,False
CD8,CD8.c17.Tm.NME1,CD8_EffectorMemory,full_core,21,CORO1A,False,False,False,False
CD8,CD8.c17.Tm.NME1,CD8_EffectorMemory,full_core,22,H2AFV,False,False,False,False
CD8,CD8.c17.Tm.NME1,CD8_EffectorMemory,full_core,23,MIF,False,False,False,False
CD8,CD8.c17.Tm.NME1,CD8_EffectorMemory,full_core,24,PKM,False,False,False,False
CD8,CD8.c17.Tm.NME1,CD8_EffectorMemory,full_core,25,ATP5J2,False,False,False,False
CD8,CD8.c17.Tm.NME1,CD8_EffectorMemory,full_core,26,ATP5J,False,False,False,False
CD8,CD8.c17.Tm.NME1,CD8_EffectorMemory,full_core,27,TPI1,False,False,False,False
CD8,CD8.c17.Tm.NME1,CD8_EffectorMemory,full_core,28,MZT2B,False,False,False,False
CD8,CD8.c17.Tm.NME1,CD8_EffectorMemory,full_core,29,PRDX3,False,False,False,False
CD8,CD8.c17.Tm.NME1,CD8_EffectorMemory,full_core,30,COX5A,False,False,False,False
CD8,CD8.c17.Tm.NME1,CD8_EffectorMemory,full_core,31,GNG5,False,False,False,False
CD8,CD8.c17.Tm.NME1,CD8_EffectorMemory,full_core,32,DUT,False,False,False,False
CD8,CD8.c17.Tm.NME1,CD8_EffectorMemory,full_core,33,PPP1CA,False,False,False,False
CD8,CD8.c17.Tm.NME1,CD8_EffectorMemory,full_core,34,SNRPG,False,False,False,False
CD8,CD8.c17.Tm.NME1,CD8_EffectorMemory,full_core,35,PRELID1,False,False,False,False
CD8,CD8.c17.Tm.NME1,CD8_EffectorMemory,full_core,36,PSMB3,False,False,False,False
CD8,CD8.c17.Tm.NME1,CD8_EffectorMemory,full_core,37,SNRPF,False,False,False,False
CD8,CD8.c17.Tm.NME1,CD8_EffectorMemory,full_core,38,NDUFB3,False,False,False,False
CD8,CD8.c17.Tm.NME1,CD8_EffectorMemory,full_core,39,H2AFY,False,False,False,False
CD8,CD8.c17.Tm.NME1,CD8_EffectorMemory,full_core,40,ARPC2,False,False,False,False
CD8,CD8.c17.Tm.NME1,CD8_EffectorMemory,full_core,41,SNRPD1,False,False,False,False
CD8,CD8.c17.Tm.NME1,CD8_EffectorMemory,full_core,42,MT1E,False,False,False,False
CD8,CD8.c17.Tm.NME1,CD8_EffectorMemory,full_core,43,ANXA5,False,False,False,False
CD8,CD8.c17.Tm.NME1,CD8_EffectorMemory,full_core,44,PDCD5,False,False,False,False
CD8,CD8.c17.Tm.NME1,CD8_EffectorMemory,full_core,45,MRPL51,False,False,False,False
CD8,CD8.c17.Tm.NME1,CD8_EffectorMemory,full_core,46,ATP5A1,False,False,False,False
CD8,CD8.c17.Tm.NME1,CD8_EffectorMemory,full_core,47,PSMA2,False,False,False,False
CD8,CD8.c17.Tm.NME1,CD8_EffectorMemory,full_core,48,LSM5,False,False,False,False
CD8,CD8.c17.Tm.NME1,CD8_EffectorMemory,full_core,49,AP2S1,False,False,False,False
CD8,CD8.c17.Tm.NME1,CD8_EffectorMemory,full_core,50,SNRPE,False,False,False,False
CD4,CD4.c01.Tn.TCF7,CD4_Tn.Naive,standard,1,RPL32,True,True,False,False
CD4,CD4.c01.Tn.TCF7,CD4_Tn.Naive,standard,2,RPL11,True,True,False,False
CD4,CD4.c01.Tn.TCF7,CD4_Tn.Naive,standard,3,RPL13,True,True,False,False
CD4,CD4.c01.Tn.TCF7,CD4_Tn.Naive,standard,4,RPL30,True,True,False,False
CD4,CD4.c01.Tn.TCF7,CD4_Tn.Naive,standard,5,RPS12,True,True,False,False
CD4,CD4.c01.Tn.TCF7,CD4_Tn.Naive,standard,6,RPS8,True,True,False,False
CD4,CD4.c01.Tn.TCF7,CD4_Tn.Naive,standard,7,RPS27A,True,True,False,False
CD4,CD4.c01.Tn.TCF7,CD4_Tn.Naive,standard,8,RPS14,True,True,False,False
CD4,CD4.c01.Tn.TCF7,CD4_Tn.Naive,standard,9,RPS3A,True,True,False,False
CD4,CD4.c01.Tn.TCF7,CD4_Tn.Naive,standard,10,RPL19,True,True,False,False
CD4,CD4.c01.Tn.TCF7,CD4_Tn.Naive,standard,11,RPL10,True,True,False,False
CD4,CD4.c01.Tn.TCF7,CD4_Tn.Naive,standard,12,RPS13,True,True,False,False
CD4,CD4.c01.Tn.TCF7,CD4_Tn.Naive,standard,13,RPL29,True,True,False,False
CD4,CD4.c01.Tn.TCF7,CD4_Tn.Naive,standard,14,RPL18A,True,True,False,False
CD4,CD4.c01.Tn.TCF7,CD4_Tn.Naive,standard,15,RPL18,True,True,False,False
CD4,CD4.c01.Tn.TCF7,CD4_Tn.Naive,standard,16,RPL5,True,True,False,False
CD4,CD4.c01.Tn.TCF7,CD4_Tn.Naive,standard,17,EEF1B2,True,True,False,False
CD4,CD4.c01.Tn.TCF7,CD4_Tn.Naive,standard,18,RPS3,True,True,False,False
CD4,CD4.c01.Tn.TCF7,CD4_Tn.Naive,standard,19,RPS23,True,True,False,False
CD4,CD4.c01.Tn.TCF7,CD4_Tn.Naive,standard,20,RPS6,True,True,False,False
CD4,CD4.c01.Tn.TCF7,CD4_Tn.Naive,standard,21,EEF1A1,True,True,False,False
CD4,CD4.c01.Tn.TCF7,CD4_Tn.Naive,standard,22,RPL3,True,True,False,False
CD4,CD4.c01.Tn.TCF7,CD4_Tn.Naive,standard,23,RPS18,True,True,False,False
CD4,CD4.c01.Tn.TCF7,CD4_Tn.Naive,standard,24,RPS25,True,True,False,False
CD4,CD4.c01.Tn.TCF7,CD4_Tn.Naive,standard,25,RPL22,True,True,False,False
CD4,CD4.c01.Tn.TCF7,CD4_Tn.Naive,standard,26,RPL9,True,True,False,False
CD4,CD4.c01.Tn.TCF7,CD4_Tn.Naive,standard,27,RPS15A,True,True,False,False
CD4,CD4.c01.Tn.TCF7,CD4_Tn.Naive,standard,28,RPL8,True,True,False,False
CD4,CD4.c01.Tn.TCF7,CD4_Tn.Naive,standard,29,RPL14,True,True,False,False
CD4,CD4.c01.Tn.TCF7,CD4_Tn.Naive,standard,30,RPL12,True,True,False,False
CD4,CD4.c01.Tn.TCF7,CD4_Tn.Naive,standard,31,RPS4X,True,True,False,False
CD4,CD4.c01.Tn.TCF7,CD4_Tn.Naive,standard,32,RPL21,True,True,False,False
CD4,CD4.c01.Tn.TCF7,CD4_Tn.Naive,standard,33,RPS5,True,True,False,False
CD4,CD4.c01.Tn.TCF7,CD4_Tn.Naive,standard,34,RPS10,True,True,False,False
CD4,CD4.c01.Tn.TCF7,CD4_Tn.Naive,standard,35,RPL10A,True,True,False,False
CD4,CD4.c01.Tn.TCF7,CD4_Tn.Naive,standard,36,RPL6,True,True,False,False
CD4,CD4.c01.Tn.TCF7,CD4_Tn.Naive,standard,37,RPL34,True,True,False,False
CD4,CD4.c01.Tn.TCF7,CD4_Tn.Naive,standard,38,RPS7,True,True,False,False
CD4,CD4.c01.Tn.TCF7,CD4_Tn.Naive,standard,39,RPL26,True,True,False,False
CD4,CD4.c01.Tn.TCF7,CD4_Tn.Naive,standard,40,RPL35A,True,True,False,False
CD4,CD4.c01.Tn.TCF7,CD4_Tn.Naive,standard,41,RPL24,True,True,False,False
CD4,CD4.c01.Tn.TCF7,CD4_Tn.Naive,standard,42,NACA,False,True,True,False
CD4,CD4.c01.Tn.TCF7,CD4_Tn.Naive,standard,43,RPS15,True,True,False,False
CD4,CD4.c01.Tn.TCF7,CD4_Tn.Naive,standard,44,MALAT1,False,True,True,False
CD4,CD4.c01.Tn.TCF7,CD4_Tn.Naive,standard,45,RPLP2,True,True,False,False
CD4,CD4.c01.Tn.TCF7,CD4_Tn.Naive,standard,46,TPT1,True,True,False,False
CD4,CD4.c01.Tn.TCF7,CD4_Tn.Naive,standard,47,RPL28,True,True,False,False
CD4,CD4.c01.Tn.TCF7,CD4_Tn.Naive,standard,48,RPL7,True,True,False,False
CD4,CD4.c01.Tn.TCF7,CD4_Tn.Naive,standard,49,RPL39,True,True,False,False
CD4,CD4.c01.Tn.TCF7,CD4_Tn.Naive,standard,50,RPS28,True,True,False,False
CD4,CD4.c01.Tn.TCF7,CD4_Tn.Naive,filter_only,1,KLF2,False,False,False,True
CD4,CD4.c01.Tn.TCF7,CD4_Tn.Naive,filter_only,2,TXNIP,False,False,False,False
CD4,CD4.c01.Tn.TCF7,CD4_Tn.Naive,filter_only,3,SELL,False,False,False,True
CD4,CD4.c01.Tn.TCF7,CD4_Tn.Naive,filter_only,4,TCF7,False,False,False,True
CD4,CD4.c01.Tn.TCF7,CD4_Tn.Naive,filter_only,5,SMDT1,False,False,False,False
CD4,CD4.c01.Tn.TCF7,CD4_Tn.Naive,filter_only,6,LEF1,False,False,False,True
CD4,CD4.c01.Tn.TCF7,CD4_Tn.Naive,filter_only,7,LTB,False,False,False,True
CD4,CD4.c01.Tn.TCF7,CD4_Tn.Naive,filter_only,8,CCR7,False,False,False,True
CD4,CD4.c01.Tn.TCF7,CD4_Tn.Naive,filter_only,9,CD40LG,False,False,False,False
CD4,CD4.c01.Tn.TCF7,CD4_Tn.Naive,filter_only,10,IL7R,False,False,False,True
CD4,CD4.c01.Tn.TCF7,CD4_Tn.Naive,filter_only,11,PLAC8,False,False,False,False
CD4,CD4.c01.Tn.TCF7,CD4_Tn.Naive,filter_only,12,FOS,True,True,False,False
CD4,CD4.c01.Tn.TCF7,CD4_Tn.Naive,filter_only,13,AREG,False,False,False,False
CD4,CD4.c01.Tn.TCF7,CD4_Tn.Naive,filter_only,14,TMEM123,False,False,False,False
CD4,CD4.c01.Tn.TCF7,CD4_Tn.Naive,filter_only,15,ARHGAP15,False,False,False,False
CD4,CD4.c01.Tn.TCF7,CD4_Tn.Naive,filter_only,16,SPINT2,False,False,False,False
CD4,CD4.c01.Tn.TCF7,CD4_Tn.Naive,filter_only,17,RP11-18H21.1,False,False,False,False
CD4,CD4.c01.Tn.TCF7,CD4_Tn.Naive,filter_only,18,SNHG8,False,False,False,False
CD4,CD4.c01.Tn.TCF7,CD4_Tn.Naive,filter_only,19,MAL,False,False,False,True
CD4,CD4.c01.Tn.TCF7,CD4_Tn.Naive,filter_only,20,TXK,False,False,False,False
CD4,CD4.c01.Tn.TCF7,CD4_Tn.Naive,filter_only,21,SCML1,False,False,False,False
CD4,CD4.c01.Tn.TCF7,CD4_Tn.Naive,filter_only,22,FAAH2,False,False,False,False
CD4,CD4.c01.Tn.TCF7,CD4_Tn.Naive,filter_only,23,FAM65B,False,False,False,False
CD4,CD4.c01.Tn.TCF7,CD4_Tn.Naive,filter_only,24,RNASET2,False,False,False,False
CD4,CD4.c01.Tn.TCF7,CD4_Tn.Naive,filter_only,25,LDLRAP1,False,False,False,False
CD4,CD4.c01.Tn.TCF7,CD4_Tn.Naive,filter_only,26,SH3YL1,False,False,False,False
CD4,CD4.c01.Tn.TCF7,CD4_Tn.Naive,filter_only,27,SERINC5,False,False,False,False
CD4,CD4.c01.Tn.TCF7,CD4_Tn.Naive,filter_only,28,INPP4B,False,False,False,False
CD4,CD4.c01.Tn.TCF7,CD4_Tn.Naive,filter_only,29,S1PR1,False,False,False,False
CD4,CD4.c01.Tn.TCF7,CD4_Tn.Naive,filter_only,30,TNFSF8,False,False,False,False
CD4,CD4.c01.Tn.TCF7,CD4_Tn.Naive,filter_only,31,CD55,False,False,False,False
CD4,CD4.c01.Tn.TCF7,CD4_Tn.Naive,filter_only,32,RIC3,False,False,False,False
CD4,CD4.c01.Tn.TCF7,CD4_Tn.Naive,filter_only,33,TSHZ2,False,False,False,False
CD4,CD4.c01.Tn.TCF7,CD4_Tn.Naive,filter_only,34,GCC2,False,False,False,False
CD4,CD4.c01.Tn.TCF7,CD4_Tn.Naive,filter_only,35,RASGRP2,False,False,False,False
CD4,CD4.c01.Tn.TCF7,CD4_Tn.Naive,filter_only,36,TAF4B,False,False,False,False
CD4,CD4.c01.Tn.TCF7,CD4_Tn.Naive,filter_only,37,GIMAP1,False,False,False,False
CD4,CD4.c01.Tn.TCF7,CD4_Tn.Naive,filter_only,38,ABLIM1,False,False,False,False
CD4,CD4.c01.Tn.TCF7,CD4_Tn.Naive,filter_only,39,FKBP5,False,False,False,False
CD4,CD4.c01.Tn.TCF7,CD4_Tn.Naive,filter_only,40,TRABD2A,False,False,False,False
CD4,CD4.c01.Tn.TCF7,CD4_Tn.Naive,filter_only,41,C1orf162,False,False,False,False
CD4,CD4.c01.Tn.TCF7,CD4_Tn.Naive,filter_only,42,SATB1,False,False,False,False
CD4,CD4.c01.Tn.TCF7,CD4_Tn.Naive,filter_only,43,C1orf228,False,False,False,False
CD4,CD4.c01.Tn.TCF7,CD4_Tn.Naive,filter_only,44,CTB-133G6.1,False,False,False,False
CD4,CD4.c01.Tn.TCF7,CD4_Tn.Naive,filter_only,45,MARCKSL1,False,False,False,False
CD4,CD4.c01.Tn.TCF7,CD4_Tn.Naive,filter_only,46,RASA3,False,False,False,False
CD4,CD4.c01.Tn.TCF7,CD4_Tn.Naive,filter_only,47,SGK1,False,False,False,False
CD4,CD4.c01.Tn.TCF7,CD4_Tn.Naive,filter_only,48,TC2N,False,False,False,False
CD4,CD4.c01.Tn.TCF7,CD4_Tn.Naive,filter_only,49,FCMR,False,False,False,False
CD4,CD4.c01.Tn.TCF7,CD4_Tn.Naive,filter_only,50,VIPR1,False,False,False,False
CD4,CD4.c01.Tn.TCF7,CD4_Tn.Naive,regex_mask,1,KLF2,False,False,False,True
CD4,CD4.c01.Tn.TCF7,CD4_Tn.Naive,regex_mask,2,TXNIP,False,False,False,False
CD4,CD4.c01.Tn.TCF7,CD4_Tn.Naive,regex_mask,3,SELL,False,False,False,True
CD4,CD4.c01.Tn.TCF7,CD4_Tn.Naive,regex_mask,4,TCF7,False,False,False,True
CD4,CD4.c01.Tn.TCF7,CD4_Tn.Naive,regex_mask,5,SMDT1,False,False,False,False
CD4,CD4.c01.Tn.TCF7,CD4_Tn.Naive,regex_mask,6,LEF1,False,False,False,True
CD4,CD4.c01.Tn.TCF7,CD4_Tn.Naive,regex_mask,7,LTB,False,False,False,True
CD4,CD4.c01.Tn.TCF7,CD4_Tn.Naive,regex_mask,8,CCR7,False,False,False,True
CD4,CD4.c01.Tn.TCF7,CD4_Tn.Naive,regex_mask,9,CD40LG,False,False,False,False
CD4,CD4.c01.Tn.TCF7,CD4_Tn.Naive,regex_mask,10,IL7R,False,False,False,True
CD4,CD4.c01.Tn.TCF7,CD4_Tn.Naive,regex_mask,11,PLAC8,False,False,False,False
CD4,CD4.c01.Tn.TCF7,CD4_Tn.Naive,regex_mask,12,AREG,False,False,False,False
CD4,CD4.c01.Tn.TCF7,CD4_Tn.Naive,regex_mask,13,TMEM123,False,False,False,False
CD4,CD4.c01.Tn.TCF7,CD4_Tn.Naive,regex_mask,14,ARHGAP15,False,False,False,False
CD4,CD4.c01.Tn.TCF7,CD4_Tn.Naive,regex_mask,15,SPINT2,False,False,False,False
CD4,CD4.c01.Tn.TCF7,CD4_Tn.Naive,regex_mask,16,RP11-18H21.1,False,False,False,False
CD4,CD4.c01.Tn.TCF7,CD4_Tn.Naive,regex_mask,17,SNHG8,False,False,False,False
CD4,CD4.c01.Tn.TCF7,CD4_Tn.Naive,regex_mask,18,MAL,False,False,False,True
CD4,CD4.c01.Tn.TCF7,CD4_Tn.Naive,regex_mask,19,TXK,False,False,False,False
CD4,CD4.c01.Tn.TCF7,CD4_Tn.Naive,regex_mask,20,SCML1,False,False,False,False
CD4,CD4.c01.Tn.TCF7,CD4_Tn.Naive,regex_mask,21,FAAH2,False,False,False,False
CD4,CD4.c01.Tn.TCF7,CD4_Tn.Naive,regex_mask,22,FAM65B,False,False,False,False
CD4,CD4.c01.Tn.TCF7,CD4_Tn.Naive,regex_mask,23,RNASET2,False,False,False,False
CD4,CD4.c01.Tn.TCF7,CD4_Tn.Naive,regex_mask,24,LDLRAP1,False,False,False,False
CD4,CD4.c01.Tn.TCF7,CD4_Tn.Naive,regex_mask,25,SH3YL1,False,False,False,False
CD4,CD4.c01.Tn.TCF7,CD4_Tn.Naive,regex_mask,26,SERINC5,False,False,False,False
CD4,CD4.c01.Tn.TCF7,CD4_Tn.Naive,regex_mask,27,INPP4B,False,False,False,False
CD4,CD4.c01.Tn.TCF7,CD4_Tn.Naive,regex_mask,28,S1PR1,False,False,False,False
CD4,CD4.c01.Tn.TCF7,CD4_Tn.Naive,regex_mask,29,TNFSF8,False,False,False,False
CD4,CD4.c01.Tn.TCF7,CD4_Tn.Naive,regex_mask,30,CD55,False,False,False,False
CD4,CD4.c01.Tn.TCF7,CD4_Tn.Naive,regex_mask,31,RIC3,False,False,False,False
CD4,CD4.c01.Tn.TCF7,CD4_Tn.Naive,regex_mask,32,TSHZ2,False,False,False,False
CD4,CD4.c01.Tn.TCF7,CD4_Tn.Naive,regex_mask,33,GCC2,False,False,False,False
CD4,CD4.c01.Tn.TCF7,CD4_Tn.Naive,regex_mask,34,RASGRP2,False,False,False,False
CD4,CD4.c01.Tn.TCF7,CD4_Tn.Naive,regex_mask,35,TAF4B,False,False,False,False
CD4,CD4.c01.Tn.TCF7,CD4_Tn.Naive,regex_mask,36,GIMAP1,False,False,False,False
CD4,CD4.c01.Tn.TCF7,CD4_Tn.Naive,regex_mask,37,ABLIM1,False,False,False,False
CD4,CD4.c01.Tn.TCF7,CD4_Tn.Naive,regex_mask,38,FKBP5,False,False,False,False
CD4,CD4.c01.Tn.TCF7,CD4_Tn.Naive,regex_mask,39,TRABD2A,False,False,False,False
CD4,CD4.c01.Tn.TCF7,CD4_Tn.Naive,regex_mask,40,C1orf162,False,False,False,False
CD4,CD4.c01.Tn.TCF7,CD4_Tn.Naive,regex_mask,41,SATB1,False,False,False,False
CD4,CD4.c01.Tn.TCF7,CD4_Tn.Naive,regex_mask,42,C1orf228,False,False,False,False
CD4,CD4.c01.Tn.TCF7,CD4_Tn.Naive,regex_mask,43,CTB-133G6.1,False,False,False,False
CD4,CD4.c01.Tn.TCF7,CD4_Tn.Naive,regex_mask,44,MARCKSL1,False,False,False,False
CD4,CD4.c01.Tn.TCF7,CD4_Tn.Naive,regex_mask,45,RASA3,False,False,False,False
CD4,CD4.c01.Tn.TCF7,CD4_Tn.Naive,regex_mask,46,SGK1,False,False,False,False
CD4,CD4.c01.Tn.TCF7,CD4_Tn.Naive,regex_mask,47,TC2N,False,False,False,False
CD4,CD4.c01.Tn.TCF7,CD4_Tn.Naive,regex_mask,48,FCMR,False,False,False,False
CD4,CD4.c01.Tn.TCF7,CD4_Tn.Naive,regex_mask,49,VIPR1,False,False,False,False
CD4,CD4.c01.Tn.TCF7,CD4_Tn.Naive,regex_mask,50,GIMAP4,False,False,False,False
CD4,CD4.c01.Tn.TCF7,CD4_Tn.Naive,full_core,1,KLF2,False,False,False,True
CD4,CD4.c01.Tn.TCF7,CD4_Tn.Naive,full_core,2,SELL,False,False,False,True
CD4,CD4.c01.Tn.TCF7,CD4_Tn.Naive,full_core,3,TCF7,False,False,False,True
CD4,CD4.c01.Tn.TCF7,CD4_Tn.Naive,full_core,4,LTB,False,False,False,True
CD4,CD4.c01.Tn.TCF7,CD4_Tn.Naive,full_core,5,CCR7,False,False,False,True
CD4,CD4.c01.Tn.TCF7,CD4_Tn.Naive,full_core,6,PLAC8,False,False,False,False
CD4,CD4.c01.Tn.TCF7,CD4_Tn.Naive,full_core,7,AREG,False,False,False,False
CD4,CD4.c01.Tn.TCF7,CD4_Tn.Naive,full_core,8,MAL,False,False,False,True
CD4,CD4.c01.Tn.TCF7,CD4_Tn.Naive,full_core,9,SCML1,False,False,False,False
CD4,CD4.c01.Tn.TCF7,CD4_Tn.Naive,full_core,10,FAAH2,False,False,False,False
CD4,CD4.c01.Tn.TCF7,CD4_Tn.Naive,full_core,11,S1PR1,False,False,False,False
CD4,CD4.c01.Tn.TCF7,CD4_Tn.Naive,full_core,12,CD55,False,False,False,False
CD4,CD4.c01.Tn.TCF7,CD4_Tn.Naive,full_core,13,TSHZ2,False,False,False,False
CD4,CD4.c01.Tn.TCF7,CD4_Tn.Naive,full_core,14,RASGRP2,False,False,False,False
CD4,CD4.c01.Tn.TCF7,CD4_Tn.Naive,full_core,15,TAF4B,False,False,False,False
CD4,CD4.c01.Tn.TCF7,CD4_Tn.Naive,full_core,16,SATB1,False,False,False,False
CD4,CD4.c01.Tn.TCF7,CD4_Tn.Naive,full_core,17,C1orf228,False,False,False,False
CD4,CD4.c01.Tn.TCF7,CD4_Tn.Naive,full_core,18,MARCKSL1,False,False,False,False
CD4,CD4.c01.Tn.TCF7,CD4_Tn.Naive,full_core,19,SGK1,False,False,False,False
CD4,CD4.c01.Tn.TCF7,CD4_Tn.Naive,full_core,20,FXYD7,False,False,False,False
CD4,CD4.c01.Tn.TCF7,CD4_Tn.Naive,full_core,21,SESN3,False,False,False,False
CD4,CD4.c01.Tn.TCF7,CD4_Tn.Naive,full_core,22,NGFRAP1,False,False,False,False
CD4,CD4.c01.Tn.TCF7,CD4_Tn.Naive,full_core,23,ACTN1,False,False,False,False
CD4,CD4.c01.Tn.TCF7,CD4_Tn.Naive,full_core,24,ANKRD55,False,False,False,False
CD4,CD4.c01.Tn.TCF7,CD4_Tn.Naive,full_core,25,AIF1,False,False,False,False
CD4,CD4.c01.Tn.TCF7,CD4_Tn.Naive,full_core,26,LYPD3,False,False,False,False
CD4,CD4.c01.Tn.TCF7,CD4_Tn.Naive,full_core,27,PASK,False,False,False,False
CD4,CD4.c01.Tn.TCF7,CD4_Tn.Naive,full_core,28,CXCR5,False,False,False,False
CD4,CD4.c01.Tn.TCF7,CD4_Tn.Naive,full_core,29,SESN1,False,False,False,False
CD4,CD4.c01.Tn.TCF7,CD4_Tn.Naive,full_core,30,CRIP2,False,False,False,False
CD4,CD4.c01.Tn.TCF7,CD4_Tn.Naive,full_core,31,IER3,False,False,False,False
CD4,CD4.c01.Tn.TCF7,CD4_Tn.Naive,full_core,32,ID3,False,False,False,False
CD4,CD4.c01.Tn.TCF7,CD4_Tn.Naive,full_core,33,SULT1B1,False,False,False,False
CD4,CD4.c01.Tn.TCF7,CD4_Tn.Naive,full_core,34,PLK2,False,False,False,False
CD4,CD4.c01.Tn.TCF7,CD4_Tn.Naive,full_core,35,CMSS1,False,False,False,False
CD4,CD4.c01.Tn.TCF7,CD4_Tn.Naive,full_core,36,AC022182.3,False,False,False,False
CD4,CD4.c01.Tn.TCF7,CD4_Tn.Naive,full_core,37,KLF5,False,False,False,False
CD4,CD4.c02.Tn.PASK,CD4_Tn.Naive,standard,1,PABPC1,False,False,False,False
CD4,CD4.c02.Tn.PASK,CD4_Tn.Naive,standard,2,JUNB,True,True,False,False
CD4,CD4.c02.Tn.PASK,CD4_Tn.Naive,standard,3,NR4A2,False,False,False,False
CD4,CD4.c02.Tn.PASK,CD4_Tn.Naive,standard,4,RPS3A,True,True,False,False
CD4,CD4.c02.Tn.PASK,CD4_Tn.Naive,standard,5,CCR7,False,False,False,True
CD4,CD4.c02.Tn.PASK,CD4_Tn.Naive,standard,6,SLC2A3,False,False,False,False
CD4,CD4.c02.Tn.PASK,CD4_Tn.Naive,standard,7,FYB,False,False,False,False
CD4,CD4.c02.Tn.PASK,CD4_Tn.Naive,standard,8,SARAF,False,False,False,False
CD4,CD4.c02.Tn.PASK,CD4_Tn.Naive,standard,9,YPEL5,False,False,False,False
CD4,CD4.c02.Tn.PASK,CD4_Tn.Naive,standard,10,SESN3,False,False,False,False
CD4,CD4.c02.Tn.PASK,CD4_Tn.Naive,standard,11,EEF1A1,True,True,False,False
CD4,CD4.c02.Tn.PASK,CD4_Tn.Naive,standard,12,RPL3,True,True,False,False
CD4,CD4.c02.Tn.PASK,CD4_Tn.Naive,standard,13,EZR,False,False,False,False
CD4,CD4.c02.Tn.PASK,CD4_Tn.Naive,standard,14,RPS6,True,True,False,False
CD4,CD4.c02.Tn.PASK,CD4_Tn.Naive,standard,15,FAAH2,False,False,False,False
CD4,CD4.c02.Tn.PASK,CD4_Tn.Naive,standard,16,RNASET2,False,False,False,False
CD4,CD4.c02.Tn.PASK,CD4_Tn.Naive,standard,17,IL6ST,False,False,False,False
CD4,CD4.c02.Tn.PASK,CD4_Tn.Naive,standard,18,EEF2,True,True,False,False
CD4,CD4.c02.Tn.PASK,CD4_Tn.Naive,standard,19,ZNF331,False,False,False,False
CD4,CD4.c02.Tn.PASK,CD4_Tn.Naive,standard,20,CD28,False,False,False,False
CD4,CD4.c02.Tn.PASK,CD4_Tn.Naive,standard,21,SRGN,False,True,True,False
CD4,CD4.c02.Tn.PASK,CD4_Tn.Naive,standard,22,MALAT1,False,True,True,False
CD4,CD4.c02.Tn.PASK,CD4_Tn.Naive,standard,23,RPL13,True,True,False,False
CD4,CD4.c02.Tn.PASK,CD4_Tn.Naive,standard,24,SF1,False,False,False,False
CD4,CD4.c02.Tn.PASK,CD4_Tn.Naive,standard,25,EEF1G,True,True,False,False
CD4,CD4.c02.Tn.PASK,CD4_Tn.Naive,standard,26,SOCS3,False,False,False,False
CD4,CD4.c02.Tn.PASK,CD4_Tn.Naive,standard,27,RPL9,True,True,False,False
CD4,CD4.c02.Tn.PASK,CD4_Tn.Naive,standard,28,RPL19,True,True,False,False
CD4,CD4.c02.Tn.PASK,CD4_Tn.Naive,standard,29,BTG2,False,False,False,False
CD4,CD4.c02.Tn.PASK,CD4_Tn.Naive,standard,30,PER1,False,False,False,False
CD4,CD4.c02.Tn.PASK,CD4_Tn.Naive,standard,31,NR3C1,False,False,False,False
CD4,CD4.c02.Tn.PASK,CD4_Tn.Naive,standard,32,RPS5,True,True,False,False
CD4,CD4.c02.Tn.PASK,CD4_Tn.Naive,standard,33,TNFSF8,False,False,False,False
CD4,CD4.c02.Tn.PASK,CD4_Tn.Naive,standard,34,RPL7,True,True,False,False
CD4,CD4.c02.Tn.PASK,CD4_Tn.Naive,standard,35,SELL,False,False,False,True
CD4,CD4.c02.Tn.PASK,CD4_Tn.Naive,standard,36,INPP4B,False,False,False,False
CD4,CD4.c02.Tn.PASK,CD4_Tn.Naive,standard,37,WDR74,False,False,False,False
CD4,CD4.c02.Tn.PASK,CD4_Tn.Naive,standard,38,CMTM8,False,False,False,False
CD4,CD4.c02.Tn.PASK,CD4_Tn.Naive,standard,39,MT-ATP6,True,True,False,False
CD4,CD4.c02.Tn.PASK,CD4_Tn.Naive,standard,40,RPL5,True,True,False,False
CD4,CD4.c02.Tn.PASK,CD4_Tn.Naive,standard,41,GPCPD1,False,False,False,False
CD4,CD4.c02.Tn.PASK,CD4_Tn.Naive,standard,42,ANKRD12,False,False,False,False
CD4,CD4.c02.Tn.PASK,CD4_Tn.Naive,standard,43,FCMR,False,False,False,False
CD4,CD4.c02.Tn.PASK,CD4_Tn.Naive,standard,44,RPL10,True,True,False,False
CD4,CD4.c02.Tn.PASK,CD4_Tn.Naive,standard,45,FAM177A1,False,False,False,False
CD4,CD4.c02.Tn.PASK,CD4_Tn.Naive,standard,46,GPR183,False,False,False,False
CD4,CD4.c02.Tn.PASK,CD4_Tn.Naive,standard,47,IL6R,False,False,False,False
CD4,CD4.c02.Tn.PASK,CD4_Tn.Naive,standard,48,RPL13A,True,True,False,False
CD4,CD4.c02.Tn.PASK,CD4_Tn.Naive,standard,49,FOXP1,False,False,False,False
CD4,CD4.c02.Tn.PASK,CD4_Tn.Naive,standard,50,RNF19A,False,False,False,False
CD4,CD4.c02.Tn.PASK,CD4_Tn.Naive,filter_only,1,PABPC1,False,False,False,False
CD4,CD4.c02.Tn.PASK,CD4_Tn.Naive,filter_only,2,JUNB,True,True,False,False
CD4,CD4.c02.Tn.PASK,CD4_Tn.Naive,filter_only,3,NR4A2,False,False,False,False
CD4,CD4.c02.Tn.PASK,CD4_Tn.Naive,filter_only,4,CCR7,False,False,False,True
CD4,CD4.c02.Tn.PASK,CD4_Tn.Naive,filter_only,5,SLC2A3,False,False,False,False
CD4,CD4.c02.Tn.PASK,CD4_Tn.Naive,filter_only,6,FYB,False,False,False,False
CD4,CD4.c02.Tn.PASK,CD4_Tn.Naive,filter_only,7,SARAF,False,False,False,False
CD4,CD4.c02.Tn.PASK,CD4_Tn.Naive,filter_only,8,YPEL5,False,False,False,False
CD4,CD4.c02.Tn.PASK,CD4_Tn.Naive,filter_only,9,SESN3,False,False,False,False
CD4,CD4.c02.Tn.PASK,CD4_Tn.Naive,filter_only,10,EZR,False,False,False,False
CD4,CD4.c02.Tn.PASK,CD4_Tn.Naive,filter_only,11,FAAH2,False,False,False,False
CD4,CD4.c02.Tn.PASK,CD4_Tn.Naive,filter_only,12,RNASET2,False,False,False,False
CD4,CD4.c02.Tn.PASK,CD4_Tn.Naive,filter_only,13,IL6ST,False,False,False,False
CD4,CD4.c02.Tn.PASK,CD4_Tn.Naive,filter_only,14,EEF2,True,True,False,False
CD4,CD4.c02.Tn.PASK,CD4_Tn.Naive,filter_only,15,ZNF331,False,False,False,False
CD4,CD4.c02.Tn.PASK,CD4_Tn.Naive,filter_only,16,CD28,False,False,False,False
CD4,CD4.c02.Tn.PASK,CD4_Tn.Naive,filter_only,17,SF1,False,False,False,False
CD4,CD4.c02.Tn.PASK,CD4_Tn.Naive,filter_only,18,EEF1G,True,True,False,False
CD4,CD4.c02.Tn.PASK,CD4_Tn.Naive,filter_only,19,SOCS3,False,False,False,False
CD4,CD4.c02.Tn.PASK,CD4_Tn.Naive,filter_only,20,BTG2,False,False,False,False
CD4,CD4.c02.Tn.PASK,CD4_Tn.Naive,filter_only,21,PER1,False,False,False,False
CD4,CD4.c02.Tn.PASK,CD4_Tn.Naive,filter_only,22,NR3C1,False,False,False,False
CD4,CD4.c02.Tn.PASK,CD4_Tn.Naive,filter_only,23,TNFSF8,False,False,False,False
CD4,CD4.c02.Tn.PASK,CD4_Tn.Naive,filter_only,24,RPL7,True,True,False,False
CD4,CD4.c02.Tn.PASK,CD4_Tn.Naive,filter_only,25,SELL,False,False,False,True
CD4,CD4.c02.Tn.PASK,CD4_Tn.Naive,filter_only,26,INPP4B,False,False,False,False
CD4,CD4.c02.Tn.PASK,CD4_Tn.Naive,filter_only,27,WDR74,False,False,False,False
CD4,CD4.c02.Tn.PASK,CD4_Tn.Naive,filter_only,28,CMTM8,False,False,False,False
CD4,CD4.c02.Tn.PASK,CD4_Tn.Naive,filter_only,29,MT-ATP6,True,True,False,False
CD4,CD4.c02.Tn.PASK,CD4_Tn.Naive,filter_only,30,GPCPD1,False,False,False,False
CD4,CD4.c02.Tn.PASK,CD4_Tn.Naive,filter_only,31,ANKRD12,False,False,False,False
CD4,CD4.c02.Tn.PASK,CD4_Tn.Naive,filter_only,32,FCMR,False,False,False,False
CD4,CD4.c02.Tn.PASK,CD4_Tn.Naive,filter_only,33,FAM177A1,False,False,False,False
CD4,CD4.c02.Tn.PASK,CD4_Tn.Naive,filter_only,34,GPR183,False,False,False,False
CD4,CD4.c02.Tn.PASK,CD4_Tn.Naive,filter_only,35,IL6R,False,False,False,False
CD4,CD4.c02.Tn.PASK,CD4_Tn.Naive,filter_only,36,FOXP1,False,False,False,False
CD4,CD4.c02.Tn.PASK,CD4_Tn.Naive,filter_only,37,RNF19A,False,False,False,False
CD4,CD4.c02.Tn.PASK,CD4_Tn.Naive,filter_only,38,CYTH1,False,False,False,False
CD4,CD4.c02.Tn.PASK,CD4_Tn.Naive,filter_only,39,CSRNP1,False,False,False,False
CD4,CD4.c02.Tn.PASK,CD4_Tn.Naive,filter_only,40,CREM,False,False,False,False
CD4,CD4.c02.Tn.PASK,CD4_Tn.Naive,filter_only,41,EEF1B2,True,True,False,False
CD4,CD4.c02.Tn.PASK,CD4_Tn.Naive,filter_only,42,RPL4,True,True,False,False
CD4,CD4.c02.Tn.PASK,CD4_Tn.Naive,filter_only,43,TCF7,False,False,False,True
CD4,CD4.c02.Tn.PASK,CD4_Tn.Naive,filter_only,44,ITK,False,False,False,False
CD4,CD4.c02.Tn.PASK,CD4_Tn.Naive,filter_only,45,PASK,False,False,False,False
CD4,CD4.c02.Tn.PASK,CD4_Tn.Naive,filter_only,46,CNOT6L,False,False,False,False
CD4,CD4.c02.Tn.PASK,CD4_Tn.Naive,filter_only,47,SDCBP,False,False,False,False
CD4,CD4.c02.Tn.PASK,CD4_Tn.Naive,filter_only,48,PPP1CB,False,False,False,False
CD4,CD4.c02.Tn.PASK,CD4_Tn.Naive,filter_only,49,EPB41,False,False,False,False
CD4,CD4.c02.Tn.PASK,CD4_Tn.Naive,filter_only,50,RNF125,False,False,False,False
CD4,CD4.c02.Tn.PASK,CD4_Tn.Naive,regex_mask,1,PABPC1,False,False,False,False
CD4,CD4.c02.Tn.PASK,CD4_Tn.Naive,regex_mask,2,NR4A2,False,False,False,False
CD4,CD4.c02.Tn.PASK,CD4_Tn.Naive,regex_mask,3,CCR7,False,False,False,True
CD4,CD4.c02.Tn.PASK,CD4_Tn.Naive,regex_mask,4,SLC2A3,False,False,False,False
CD4,CD4.c02.Tn.PASK,CD4_Tn.Naive,regex_mask,5,FYB,False,False,False,False
CD4,CD4.c02.Tn.PASK,CD4_Tn.Naive,regex_mask,6,SARAF,False,False,False,False
CD4,CD4.c02.Tn.PASK,CD4_Tn.Naive,regex_mask,7,YPEL5,False,False,False,False
CD4,CD4.c02.Tn.PASK,CD4_Tn.Naive,regex_mask,8,SESN3,False,False,False,False
CD4,CD4.c02.Tn.PASK,CD4_Tn.Naive,regex_mask,9,EZR,False,False,False,False
CD4,CD4.c02.Tn.PASK,CD4_Tn.Naive,regex_mask,10,FAAH2,False,False,False,False
CD4,CD4.c02.Tn.PASK,CD4_Tn.Naive,regex_mask,11,RNASET2,False,False,False,False
CD4,CD4.c02.Tn.PASK,CD4_Tn.Naive,regex_mask,12,IL6ST,False,False,False,False
CD4,CD4.c02.Tn.PASK,CD4_Tn.Naive,regex_mask,13,ZNF331,False,False,False,False
CD4,CD4.c02.Tn.PASK,CD4_Tn.Naive,regex_mask,14,CD28,False,False,False,False
CD4,CD4.c02.Tn.PASK,CD4_Tn.Naive,regex_mask,15,SF1,False,False,False,False
CD4,CD4.c02.Tn.PASK,CD4_Tn.Naive,regex_mask,16,SOCS3,False,False,False,False
CD4,CD4.c02.Tn.PASK,CD4_Tn.Naive,regex_mask,17,BTG2,False,False,False,False
CD4,CD4.c02.Tn.PASK,CD4_Tn.Naive,regex_mask,18,PER1,False,False,False,False
CD4,CD4.c02.Tn.PASK,CD4_Tn.Naive,regex_mask,19,NR3C1,False,False,False,False
CD4,CD4.c02.Tn.PASK,CD4_Tn.Naive,regex_mask,20,TNFSF8,False,False,False,False
CD4,CD4.c02.Tn.PASK,CD4_Tn.Naive,regex_mask,21,SELL,False,False,False,True
CD4,CD4.c02.Tn.PASK,CD4_Tn.Naive,regex_mask,22,INPP4B,False,False,False,False
CD4,CD4.c02.Tn.PASK,CD4_Tn.Naive,regex_mask,23,WDR74,False,False,False,False
CD4,CD4.c02.Tn.PASK,CD4_Tn.Naive,regex_mask,24,CMTM8,False,False,False,False
CD4,CD4.c02.Tn.PASK,CD4_Tn.Naive,regex_mask,25,GPCPD1,False,False,False,False
CD4,CD4.c02.Tn.PASK,CD4_Tn.Naive,regex_mask,26,ANKRD12,False,False,False,False
CD4,CD4.c02.Tn.PASK,CD4_Tn.Naive,regex_mask,27,FCMR,False,False,False,False
CD4,CD4.c02.Tn.PASK,CD4_Tn.Naive,regex_mask,28,FAM177A1,False,False,False,False
CD4,CD4.c02.Tn.PASK,CD4_Tn.Naive,regex_mask,29,GPR183,False,False,False,False
CD4,CD4.c02.Tn.PASK,CD4_Tn.Naive,regex_mask,30,IL6R,False,False,False,False
CD4,CD4.c02.Tn.PASK,CD4_Tn.Naive,regex_mask,31,FOXP1,False,False,False,False
CD4,CD4.c02.Tn.PASK,CD4_Tn.Naive,regex_mask,32,RNF19A,False,False,False,False
CD4,CD4.c02.Tn.PASK,CD4_Tn.Naive,regex_mask,33,CYTH1,False,False,False,False
CD4,CD4.c02.Tn.PASK,CD4_Tn.Naive,regex_mask,34,CSRNP1,False,False,False,False
CD4,CD4.c02.Tn.PASK,CD4_Tn.Naive,regex_mask,35,CREM,False,False,False,False
CD4,CD4.c02.Tn.PASK,CD4_Tn.Naive,regex_mask,36,TCF7,False,False,False,True
CD4,CD4.c02.Tn.PASK,CD4_Tn.Naive,regex_mask,37,ITK,False,False,False,False
CD4,CD4.c02.Tn.PASK,CD4_Tn.Naive,regex_mask,38,PASK,False,False,False,False
CD4,CD4.c02.Tn.PASK,CD4_Tn.Naive,regex_mask,39,CNOT6L,False,False,False,False
CD4,CD4.c02.Tn.PASK,CD4_Tn.Naive,regex_mask,40,SDCBP,False,False,False,False
CD4,CD4.c02.Tn.PASK,CD4_Tn.Naive,regex_mask,41,PPP1CB,False,False,False,False
CD4,CD4.c02.Tn.PASK,CD4_Tn.Naive,regex_mask,42,EPB41,False,False,False,False
CD4,CD4.c02.Tn.PASK,CD4_Tn.Naive,regex_mask,43,RNF125,False,False,False,False
CD4,CD4.c02.Tn.PASK,CD4_Tn.Naive,regex_mask,44,STK4,False,False,False,False
CD4,CD4.c02.Tn.PASK,CD4_Tn.Naive,regex_mask,45,TMEM2,False,False,False,False
CD4,CD4.c02.Tn.PASK,CD4_Tn.Naive,regex_mask,46,LINC-PINT,False,False,False,False
CD4,CD4.c02.Tn.PASK,CD4_Tn.Naive,regex_mask,47,PTPRC,False,False,False,False
CD4,CD4.c02.Tn.PASK,CD4_Tn.Naive,regex_mask,48,ELF1,False,False,False,False
CD4,CD4.c02.Tn.PASK,CD4_Tn.Naive,regex_mask,49,SMCHD1,False,False,False,False
CD4,CD4.c02.Tn.PASK,CD4_Tn.Naive,regex_mask,50,FKBP5,False,False,False,False
CD4,CD4.c02.Tn.PASK,CD4_Tn.Naive,full_core,1,NR4A2,False,False,False,False
CD4,CD4.c02.Tn.PASK,CD4_Tn.Naive,full_core,2,CCR7,False,False,False,True
CD4,CD4.c02.Tn.PASK,CD4_Tn.Naive,full_core,3,SESN3,False,False,False,False
CD4,CD4.c02.Tn.PASK,CD4_Tn.Naive,full_core,4,FAAH2,False,False,False,False
CD4,CD4.c02.Tn.PASK,CD4_Tn.Naive,full_core,5,ZNF331,False,False,False,False
CD4,CD4.c02.Tn.PASK,CD4_Tn.Naive,full_core,6,SELL,False,False,False,True
CD4,CD4.c02.Tn.PASK,CD4_Tn.Naive,full_core,7,TCF7,False,False,False,True
CD4,CD4.c02.Tn.PASK,CD4_Tn.Naive,full_core,8,PASK,False,False,False,False
CD4,CD4.c02.Tn.PASK,CD4_Tn.Naive,full_core,9,TSHZ2,False,False,False,False
CD4,CD4.c02.Tn.PASK,CD4_Tn.Naive,full_core,10,GK,False,False,False,False
CD4,CD4.c02.Tn.PASK,CD4_Tn.Naive,full_core,11,NR4A3,False,False,False,False
CD4,CD4.c02.Tn.PASK,CD4_Tn.Naive,full_core,12,LDHB,False,False,False,False
CD4,CD4.c02.Tn.PASK,CD4_Tn.Naive,full_core,13,NPM1,False,False,False,False
CD4,CD4.c02.Tn.PASK,CD4_Tn.Naive,full_core,14,CMSS1,False,False,False,False
CD4,CD4.c02.Tn.PASK,CD4_Tn.Naive,full_core,15,CD55,False,False,False,False
CD4,CD4.c02.Tn.PASK,CD4_Tn.Naive,full_core,16,CXCR5,False,False,False,False
CD4,CD4.c02.Tn.PASK,CD4_Tn.Naive,full_core,17,NDUFV2,False,False,False,False
CD4,CD4.c02.Tn.PASK,CD4_Tn.Naive,full_core,18,SATB1,False,False,False,False
CD4,CD4.c02.Tn.PASK,CD4_Tn.Naive,full_core,19,SFPQ,False,False,False,False
CD4,CD4.c02.Tn.PASK,CD4_Tn.Naive,full_core,20,FAM107B,False,False,False,False
CD4,CD4.c02.Tn.PASK,CD4_Tn.Naive,full_core,21,NAP1L1,False,False,False,False
CD4,CD4.c02.Tn.PASK,CD4_Tn.Naive,full_core,22,DUSP1,False,False,False,False
CD4,CD4.c02.Tn.PASK,CD4_Tn.Naive,full_core,23,KLRB1,False,False,False,False
CD4,CD4.c02.Tn.PASK,CD4_Tn.Naive,full_core,24,TIGIT,False,False,False,False
CD4,CD4.c02.Tn.PASK,CD4_Tn.Naive,full_core,25,MAL,False,False,False,True
CD4,CD4.c02.Tn.PASK,CD4_Tn.Naive,full_core,26,SESN1,False,False,False,False
CD4,CD4.c02.Tn.PASK,CD4_Tn.Naive,full_core,27,ACTN1,False,False,False,False
CD4,CD4.c02.Tn.PASK,CD4_Tn.Naive,full_core,28,KLF3,False,False,False,False
CD4,CD4.c02.Tn.PASK,CD4_Tn.Naive,full_core,29,HNRNPA1,False,False,False,False
CD4,CD4.c02.Tn.PASK,CD4_Tn.Naive,full_core,30,S1PR1,False,False,False,False
CD4,CD4.c02.Tn.PASK,CD4_Tn.Naive,full_core,31,CD27,False,False,False,False
CD4,CD4.c02.Tn.PASK,CD4_Tn.Naive,full_core,32,TOX2,False,False,False,False
CD4,CD4.c02.Tn.PASK,CD4_Tn.Naive,full_core,33,SOD2,False,False,False,False
CD4,CD4.c02.Tn.PASK,CD4_Tn.Naive,full_core,34,SMARCA2,False,False,False,False
CD4,CD4.c02.Tn.PASK,CD4_Tn.Naive,full_core,35,ANKRD55,False,False,False,False
CD4,CD4.c02.Tn.PASK,CD4_Tn.Naive,full_core,36,NEAT1,False,False,False,False
CD4,CD4.c02.Tn.PASK,CD4_Tn.Naive,full_core,37,DDX21,False,False,False,False
CD4,CD4.c02.Tn.PASK,CD4_Tn.Naive,full_core,38,SLC25A3,False,False,False,False
CD4,CD4.c02.Tn.PASK,CD4_Tn.Naive,full_core,39,CDKN1A,False,False,False,False
CD4,CD4.c02.Tn.PASK,CD4_Tn.Naive,full_core,40,CITED2,False,False,False,False
CD4,CD4.c02.Tn.PASK,CD4_Tn.Naive,full_core,41,KLF2,False,False,False,True
CD4,CD4.c02.Tn.PASK,CD4_Tn.Naive,full_core,42,PTPN13,False,False,False,False
CD4,CD4.c02.Tn.PASK,CD4_Tn.Naive,full_core,43,CD200,False,False,False,False
CD4,CD4.c02.Tn.PASK,CD4_Tn.Naive,full_core,44,CD69,False,False,False,False
CD4,CD4.c02.Tn.PASK,CD4_Tn.Naive,full_core,45,CD7,False,False,False,False
CD4,CD4.c02.Tn.PASK,CD4_Tn.Naive,full_core,46,CNN2,False,False,False,False
CD4,CD4.c02.Tn.PASK,CD4_Tn.Naive,full_core,47,MARCKSL1,False,False,False,False
CD4,CD4.c02.Tn.PASK,CD4_Tn.Naive,full_core,48,RASGRP2,False,False,False,False
CD4,CD4.c02.Tn.PASK,CD4_Tn.Naive,full_core,49,RAN,False,False,False,False
CD4,CD4.c02.Tn.PASK,CD4_Tn.Naive,full_core,50,ICA1,False,False,False,False
CD4,CD4.c03.Tn.ADSL,CD4_Tn.Naive,standard,1,TCF7,False,False,False,True
CD4,CD4.c03.Tn.ADSL,CD4_Tn.Naive,standard,2,RPS8,True,True,False,False
CD4,CD4.c03.Tn.ADSL,CD4_Tn.Naive,standard,3,RPS6,True,True,False,False
CD4,CD4.c03.Tn.ADSL,CD4_Tn.Naive,standard,4,RPL11,True,True,False,False
CD4,CD4.c03.Tn.ADSL,CD4_Tn.Naive,standard,5,RPS5,True,True,False,False
CD4,CD4.c03.Tn.ADSL,CD4_Tn.Naive,standard,6,RPL5,True,True,False,False
CD4,CD4.c03.Tn.ADSL,CD4_Tn.Naive,standard,7,RPL18A,True,True,False,False
CD4,CD4.c03.Tn.ADSL,CD4_Tn.Naive,standard,8,CCR7,False,False,False,True
CD4,CD4.c03.Tn.ADSL,CD4_Tn.Naive,standard,9,KLF2,False,False,False,True
CD4,CD4.c03.Tn.ADSL,CD4_Tn.Naive,standard,10,RPS2,True,True,False,False
CD4,CD4.c03.Tn.ADSL,CD4_Tn.Naive,standard,11,RPS18,True,True,False,False
CD4,CD4.c03.Tn.ADSL,CD4_Tn.Naive,standard,12,LEF1,False,False,False,True
CD4,CD4.c03.Tn.ADSL,CD4_Tn.Naive,standard,13,RPL4,True,True,False,False
CD4,CD4.c03.Tn.ADSL,CD4_Tn.Naive,standard,14,LDHB,False,False,False,False
CD4,CD4.c03.Tn.ADSL,CD4_Tn.Naive,standard,15,RPL10A,True,True,False,False
CD4,CD4.c03.Tn.ADSL,CD4_Tn.Naive,standard,16,RPSA,True,True,False,False
CD4,CD4.c03.Tn.ADSL,CD4_Tn.Naive,standard,17,RPL13,True,True,False,False
CD4,CD4.c03.Tn.ADSL,CD4_Tn.Naive,standard,18,RPL29,True,True,False,False
CD4,CD4.c03.Tn.ADSL,CD4_Tn.Naive,standard,19,RPL7,True,True,False,False
CD4,CD4.c03.Tn.ADSL,CD4_Tn.Naive,standard,20,RPS12,True,True,False,False
CD4,CD4.c03.Tn.ADSL,CD4_Tn.Naive,standard,21,RPL19,True,True,False,False
CD4,CD4.c03.Tn.ADSL,CD4_Tn.Naive,standard,22,EEF1A1,True,True,False,False
CD4,CD4.c03.Tn.ADSL,CD4_Tn.Naive,standard,23,RPL3,True,True,False,False
CD4,CD4.c03.Tn.ADSL,CD4_Tn.Naive,standard,24,GNB2L1,False,True,True,False
CD4,CD4.c03.Tn.ADSL,CD4_Tn.Naive,standard,25,RPS9,True,True,False,False
CD4,CD4.c03.Tn.ADSL,CD4_Tn.Naive,standard,26,RPS7,True,True,False,False
CD4,CD4.c03.Tn.ADSL,CD4_Tn.Naive,standard,27,RPS4X,True,True,False,False
CD4,CD4.c03.Tn.ADSL,CD4_Tn.Naive,standard,28,RPS10,True,True,False,False
CD4,CD4.c03.Tn.ADSL,CD4_Tn.Naive,standard,29,RPS23,True,True,False,False
CD4,CD4.c03.Tn.ADSL,CD4_Tn.Naive,standard,30,RPS3A,True,True,False,False
CD4,CD4.c03.Tn.ADSL,CD4_Tn.Naive,standard,31,RPL15,True,True,False,False
CD4,CD4.c03.Tn.ADSL,CD4_Tn.Naive,standard,32,RPS3,True,True,False,False
CD4,CD4.c03.Tn.ADSL,CD4_Tn.Naive,standard,33,EEF1B2,True,True,False,False
CD4,CD4.c03.Tn.ADSL,CD4_Tn.Naive,standard,34,RPL7A,True,True,False,False
CD4,CD4.c03.Tn.ADSL,CD4_Tn.Naive,standard,35,RPLP0,True,True,False,False
CD4,CD4.c03.Tn.ADSL,CD4_Tn.Naive,standard,36,EEF2,True,True,False,False
CD4,CD4.c03.Tn.ADSL,CD4_Tn.Naive,standard,37,RPL12,True,True,False,False
CD4,CD4.c03.Tn.ADSL,CD4_Tn.Naive,standard,38,RPL6,True,True,False,False
CD4,CD4.c03.Tn.ADSL,CD4_Tn.Naive,standard,39,RPS15A,True,True,False,False
CD4,CD4.c03.Tn.ADSL,CD4_Tn.Naive,standard,40,RPS14,True,True,False,False
CD4,CD4.c03.Tn.ADSL,CD4_Tn.Naive,standard,41,EIF3F,True,True,False,False
CD4,CD4.c03.Tn.ADSL,CD4_Tn.Naive,standard,42,RPL28,True,True,False,False
CD4,CD4.c03.Tn.ADSL,CD4_Tn.Naive,standard,43,RPS13,True,True,False,False
CD4,CD4.c03.Tn.ADSL,CD4_Tn.Naive,standard,44,S1PR1,False,False,False,False
CD4,CD4.c03.Tn.ADSL,CD4_Tn.Naive,standard,45,SH3BP5,False,False,False,False
CD4,CD4.c03.Tn.ADSL,CD4_Tn.Naive,standard,46,RPL17,True,True,False,False
CD4,CD4.c03.Tn.ADSL,CD4_Tn.Naive,standard,47,LTB,False,False,False,True
CD4,CD4.c03.Tn.ADSL,CD4_Tn.Naive,standard,48,EEF1G,True,True,False,False
CD4,CD4.c03.Tn.ADSL,CD4_Tn.Naive,standard,49,DENND2D,False,False,False,False
CD4,CD4.c03.Tn.ADSL,CD4_Tn.Naive,standard,50,RPL27,True,True,False,False
CD4,CD4.c03.Tn.ADSL,CD4_Tn.Naive,filter_only,1,TCF7,False,False,False,True
CD4,CD4.c03.Tn.ADSL,CD4_Tn.Naive,filter_only,2,CCR7,False,False,False,True
CD4,CD4.c03.Tn.ADSL,CD4_Tn.Naive,filter_only,3,KLF2,False,False,False,True
CD4,CD4.c03.Tn.ADSL,CD4_Tn.Naive,filter_only,4,LEF1,False,False,False,True
CD4,CD4.c03.Tn.ADSL,CD4_Tn.Naive,filter_only,5,RPL4,True,True,False,False
CD4,CD4.c03.Tn.ADSL,CD4_Tn.Naive,filter_only,6,LDHB,False,False,False,False
CD4,CD4.c03.Tn.ADSL,CD4_Tn.Naive,filter_only,7,RPL7,True,True,False,False
CD4,CD4.c03.Tn.ADSL,CD4_Tn.Naive,filter_only,8,EEF1B2,True,True,False,False
CD4,CD4.c03.Tn.ADSL,CD4_Tn.Naive,filter_only,9,EEF2,True,True,False,False
CD4,CD4.c03.Tn.ADSL,CD4_Tn.Naive,filter_only,10,EIF3F,True,True,False,False
CD4,CD4.c03.Tn.ADSL,CD4_Tn.Naive,filter_only,11,S1PR1,False,False,False,False
CD4,CD4.c03.Tn.ADSL,CD4_Tn.Naive,filter_only,12,SH3BP5,False,False,False,False
CD4,CD4.c03.Tn.ADSL,CD4_Tn.Naive,filter_only,13,LTB,False,False,False,True
CD4,CD4.c03.Tn.ADSL,CD4_Tn.Naive,filter_only,14,EEF1G,True,True,False,False
CD4,CD4.c03.Tn.ADSL,CD4_Tn.Naive,filter_only,15,DENND2D,False,False,False,False
CD4,CD4.c03.Tn.ADSL,CD4_Tn.Naive,filter_only,16,RPL27,True,True,False,False
CD4,CD4.c03.Tn.ADSL,CD4_Tn.Naive,filter_only,17,FAM65B,False,False,False,False
CD4,CD4.c03.Tn.ADSL,CD4_Tn.Naive,filter_only,18,PABPC1,False,False,False,False
CD4,CD4.c03.Tn.ADSL,CD4_Tn.Naive,filter_only,19,TNFSF8,False,False,False,False
CD4,CD4.c03.Tn.ADSL,CD4_Tn.Naive,filter_only,20,CNN2,False,False,False,False
CD4,CD4.c03.Tn.ADSL,CD4_Tn.Naive,filter_only,21,SLC25A6,False,False,False,False
CD4,CD4.c03.Tn.ADSL,CD4_Tn.Naive,filter_only,22,EIF3E,True,True,False,False
CD4,CD4.c03.Tn.ADSL,CD4_Tn.Naive,filter_only,23,FKBP5,False,False,False,False
CD4,CD4.c03.Tn.ADSL,CD4_Tn.Naive,filter_only,24,FYB,False,False,False,False
CD4,CD4.c03.Tn.ADSL,CD4_Tn.Naive,filter_only,25,ADD3,False,False,False,False
CD4,CD4.c03.Tn.ADSL,CD4_Tn.Naive,filter_only,26,SCML4,False,False,False,False
CD4,CD4.c03.Tn.ADSL,CD4_Tn.Naive,filter_only,27,TRAT1,False,False,False,False
CD4,CD4.c03.Tn.ADSL,CD4_Tn.Naive,filter_only,28,NOSIP,False,False,False,False
CD4,CD4.c03.Tn.ADSL,CD4_Tn.Naive,filter_only,29,LIMD2,False,False,False,False
CD4,CD4.c03.Tn.ADSL,CD4_Tn.Naive,filter_only,30,LIME1,False,False,False,False
CD4,CD4.c03.Tn.ADSL,CD4_Tn.Naive,filter_only,31,EIF2S3,True,True,False,False
CD4,CD4.c03.Tn.ADSL,CD4_Tn.Naive,filter_only,32,RPL22,True,True,False,False
CD4,CD4.c03.Tn.ADSL,CD4_Tn.Naive,filter_only,33,ABLIM1,False,False,False,False
CD4,CD4.c03.Tn.ADSL,CD4_Tn.Naive,filter_only,34,MYL12A,False,False,False,False
CD4,CD4.c03.Tn.ADSL,CD4_Tn.Naive,filter_only,35,GIMAP4,False,False,False,False
CD4,CD4.c03.Tn.ADSL,CD4_Tn.Naive,filter_only,36,NDUFV2,False,False,False,False
CD4,CD4.c03.Tn.ADSL,CD4_Tn.Naive,filter_only,37,ARHGAP15,False,False,False,False
CD4,CD4.c03.Tn.ADSL,CD4_Tn.Naive,filter_only,38,HMGA1,False,False,False,False
CD4,CD4.c03.Tn.ADSL,CD4_Tn.Naive,filter_only,39,TMEM256-PLSCR3,False,False,False,False
CD4,CD4.c03.Tn.ADSL,CD4_Tn.Naive,filter_only,40,ABRACL,False,False,False,False
CD4,CD4.c03.Tn.ADSL,CD4_Tn.Naive,filter_only,41,AP3M2,False,False,False,False
CD4,CD4.c03.Tn.ADSL,CD4_Tn.Naive,filter_only,42,PLAC8,False,False,False,False
CD4,CD4.c03.Tn.ADSL,CD4_Tn.Naive,filter_only,43,EIF3L,True,True,False,False
CD4,CD4.c03.Tn.ADSL,CD4_Tn.Naive,filter_only,44,MBP,False,False,False,False
CD4,CD4.c03.Tn.ADSL,CD4_Tn.Naive,filter_only,45,RILPL2,False,False,False,False
CD4,CD4.c03.Tn.ADSL,CD4_Tn.Naive,filter_only,46,RPS21,True,True,False,False
CD4,CD4.c03.Tn.ADSL,CD4_Tn.Naive,filter_only,47,PIK3R1,False,False,False,False
CD4,CD4.c03.Tn.ADSL,CD4_Tn.Naive,filter_only,48,FLT3LG,False,False,False,False
CD4,CD4.c03.Tn.ADSL,CD4_Tn.Naive,filter_only,49,RASGRP2,False,False,False,False
CD4,CD4.c03.Tn.ADSL,CD4_Tn.Naive,filter_only,50,UBA52,False,True,True,False
CD4,CD4.c03.Tn.ADSL,CD4_Tn.Naive,regex_mask,1,TCF7,False,False,False,True
CD4,CD4.c03.Tn.ADSL,CD4_Tn.Naive,regex_mask,2,CCR7,False,False,False,True
CD4,CD4.c03.Tn.ADSL,CD4_Tn.Naive,regex_mask,3,KLF2,False,False,False,True
CD4,CD4.c03.Tn.ADSL,CD4_Tn.Naive,regex_mask,4,LEF1,False,False,False,True
CD4,CD4.c03.Tn.ADSL,CD4_Tn.Naive,regex_mask,5,LDHB,False,False,False,False
CD4,CD4.c03.Tn.ADSL,CD4_Tn.Naive,regex_mask,6,S1PR1,False,False,False,False
CD4,CD4.c03.Tn.ADSL,CD4_Tn.Naive,regex_mask,7,SH3BP5,False,False,False,False
CD4,CD4.c03.Tn.ADSL,CD4_Tn.Naive,regex_mask,8,LTB,False,False,False,True
CD4,CD4.c03.Tn.ADSL,CD4_Tn.Naive,regex_mask,9,DENND2D,False,False,False,False
CD4,CD4.c03.Tn.ADSL,CD4_Tn.Naive,regex_mask,10,FAM65B,False,False,False,False
CD4,CD4.c03.Tn.ADSL,CD4_Tn.Naive,regex_mask,11,PABPC1,False,False,False,False
CD4,CD4.c03.Tn.ADSL,CD4_Tn.Naive,regex_mask,12,TNFSF8,False,False,False,False
CD4,CD4.c03.Tn.ADSL,CD4_Tn.Naive,regex_mask,13,CNN2,False,False,False,False
CD4,CD4.c03.Tn.ADSL,CD4_Tn.Naive,regex_mask,14,SLC25A6,False,False,False,False
CD4,CD4.c03.Tn.ADSL,CD4_Tn.Naive,regex_mask,15,FKBP5,False,False,False,False
CD4,CD4.c03.Tn.ADSL,CD4_Tn.Naive,regex_mask,16,FYB,False,False,False,False
CD4,CD4.c03.Tn.ADSL,CD4_Tn.Naive,regex_mask,17,ADD3,False,False,False,False
CD4,CD4.c03.Tn.ADSL,CD4_Tn.Naive,regex_mask,18,SCML4,False,False,False,False
CD4,CD4.c03.Tn.ADSL,CD4_Tn.Naive,regex_mask,19,TRAT1,False,False,False,False
CD4,CD4.c03.Tn.ADSL,CD4_Tn.Naive,regex_mask,20,NOSIP,False,False,False,False
CD4,CD4.c03.Tn.ADSL,CD4_Tn.Naive,regex_mask,21,LIMD2,False,False,False,False
CD4,CD4.c03.Tn.ADSL,CD4_Tn.Naive,regex_mask,22,LIME1,False,False,False,False
CD4,CD4.c03.Tn.ADSL,CD4_Tn.Naive,regex_mask,23,ABLIM1,False,False,False,False
CD4,CD4.c03.Tn.ADSL,CD4_Tn.Naive,regex_mask,24,MYL12A,False,False,False,False
CD4,CD4.c03.Tn.ADSL,CD4_Tn.Naive,regex_mask,25,GIMAP4,False,False,False,False
CD4,CD4.c03.Tn.ADSL,CD4_Tn.Naive,regex_mask,26,NDUFV2,False,False,False,False
CD4,CD4.c03.Tn.ADSL,CD4_Tn.Naive,regex_mask,27,ARHGAP15,False,False,False,False
CD4,CD4.c03.Tn.ADSL,CD4_Tn.Naive,regex_mask,28,HMGA1,False,False,False,False
CD4,CD4.c03.Tn.ADSL,CD4_Tn.Naive,regex_mask,29,TMEM256-PLSCR3,False,False,False,False
CD4,CD4.c03.Tn.ADSL,CD4_Tn.Naive,regex_mask,30,ABRACL,False,False,False,False
CD4,CD4.c03.Tn.ADSL,CD4_Tn.Naive,regex_mask,31,AP3M2,False,False,False,False
CD4,CD4.c03.Tn.ADSL,CD4_Tn.Naive,regex_mask,32,PLAC8,False,False,False,False
CD4,CD4.c03.Tn.ADSL,CD4_Tn.Naive,regex_mask,33,MBP,False,False,False,False
CD4,CD4.c03.Tn.ADSL,CD4_Tn.Naive,regex_mask,34,RILPL2,False,False,False,False
CD4,CD4.c03.Tn.ADSL,CD4_Tn.Naive,regex_mask,35,PIK3R1,False,False,False,False
CD4,CD4.c03.Tn.ADSL,CD4_Tn.Naive,regex_mask,36,FLT3LG,False,False,False,False
CD4,CD4.c03.Tn.ADSL,CD4_Tn.Naive,regex_mask,37,RASGRP2,False,False,False,False
CD4,CD4.c03.Tn.ADSL,CD4_Tn.Naive,regex_mask,38,UBA52,False,True,True,False
CD4,CD4.c03.Tn.ADSL,CD4_Tn.Naive,regex_mask,39,ADSL,False,False,False,False
CD4,CD4.c03.Tn.ADSL,CD4_Tn.Naive,regex_mask,40,IL7R,False,False,False,True
CD4,CD4.c03.Tn.ADSL,CD4_Tn.Naive,regex_mask,41,PCBP2,False,False,False,False
CD4,CD4.c03.Tn.ADSL,CD4_Tn.Naive,regex_mask,42,TMEM243,False,False,False,False
CD4,CD4.c03.Tn.ADSL,CD4_Tn.Naive,regex_mask,43,SESN3,False,False,False,False
CD4,CD4.c03.Tn.ADSL,CD4_Tn.Naive,regex_mask,44,C1orf162,False,False,False,False
CD4,CD4.c03.Tn.ADSL,CD4_Tn.Naive,regex_mask,45,PNISR,False,False,False,False
CD4,CD4.c03.Tn.ADSL,CD4_Tn.Naive,regex_mask,46,ICAM2,False,False,False,False
CD4,CD4.c03.Tn.ADSL,CD4_Tn.Naive,regex_mask,47,C10orf54,False,False,False,False
CD4,CD4.c03.Tn.ADSL,CD4_Tn.Naive,regex_mask,48,CD40LG,False,False,False,False
CD4,CD4.c03.Tn.ADSL,CD4_Tn.Naive,regex_mask,49,DCTN3,False,False,False,False
CD4,CD4.c03.Tn.ADSL,CD4_Tn.Naive,regex_mask,50,ANXA1,False,False,False,False
CD4,CD4.c03.Tn.ADSL,CD4_Tn.Naive,full_core,1,TCF7,False,False,False,True
CD4,CD4.c03.Tn.ADSL,CD4_Tn.Naive,full_core,2,CCR7,False,False,False,True
CD4,CD4.c03.Tn.ADSL,CD4_Tn.Naive,full_core,3,KLF2,False,False,False,True
CD4,CD4.c03.Tn.ADSL,CD4_Tn.Naive,full_core,4,LDHB,False,False,False,False
CD4,CD4.c03.Tn.ADSL,CD4_Tn.Naive,full_core,5,S1PR1,False,False,False,False
CD4,CD4.c03.Tn.ADSL,CD4_Tn.Naive,full_core,6,LTB,False,False,False,True
CD4,CD4.c03.Tn.ADSL,CD4_Tn.Naive,full_core,7,CNN2,False,False,False,False
CD4,CD4.c03.Tn.ADSL,CD4_Tn.Naive,full_core,8,NDUFV2,False,False,False,False
CD4,CD4.c03.Tn.ADSL,CD4_Tn.Naive,full_core,9,HMGA1,False,False,False,False
CD4,CD4.c03.Tn.ADSL,CD4_Tn.Naive,full_core,10,ABRACL,False,False,False,False
CD4,CD4.c03.Tn.ADSL,CD4_Tn.Naive,full_core,11,PLAC8,False,False,False,False
CD4,CD4.c03.Tn.ADSL,CD4_Tn.Naive,full_core,12,RASGRP2,False,False,False,False
CD4,CD4.c03.Tn.ADSL,CD4_Tn.Naive,full_core,13,ADSL,False,False,False,False
CD4,CD4.c03.Tn.ADSL,CD4_Tn.Naive,full_core,14,SESN3,False,False,False,False
CD4,CD4.c03.Tn.ADSL,CD4_Tn.Naive,full_core,15,ANXA1,False,False,False,False
CD4,CD4.c03.Tn.ADSL,CD4_Tn.Naive,full_core,16,CTSL,False,False,False,False
CD4,CD4.c03.Tn.ADSL,CD4_Tn.Naive,full_core,17,CD69,False,False,False,False
CD4,CD4.c03.Tn.ADSL,CD4_Tn.Naive,full_core,18,C1QBP,False,False,False,False
CD4,CD4.c03.Tn.ADSL,CD4_Tn.Naive,full_core,19,NME2,False,False,False,False
CD4,CD4.c03.Tn.ADSL,CD4_Tn.Naive,full_core,20,FAM107B,False,False,False,False
CD4,CD4.c03.Tn.ADSL,CD4_Tn.Naive,full_core,21,CORO1A,False,False,False,False
CD4,CD4.c03.Tn.ADSL,CD4_Tn.Naive,full_core,22,AREG,False,False,False,False
CD4,CD4.c03.Tn.ADSL,CD4_Tn.Naive,full_core,23,TIMP1,False,False,False,False
CD4,CD4.c03.Tn.ADSL,CD4_Tn.Naive,full_core,24,CD27,False,False,False,False
CD4,CD4.c03.Tn.ADSL,CD4_Tn.Naive,full_core,25,MRPL14,False,False,False,False
CD4,CD4.c03.Tn.ADSL,CD4_Tn.Naive,full_core,26,CD55,False,False,False,False
CD4,CD4.c03.Tn.ADSL,CD4_Tn.Naive,full_core,27,ANKRD55,False,False,False,False
CD4,CD4.c03.Tn.ADSL,CD4_Tn.Naive,full_core,28,GTF3A,False,False,False,False
CD4,CD4.c03.Tn.ADSL,CD4_Tn.Naive,full_core,29,PDAP1,False,False,False,False
CD4,CD4.c03.Tn.ADSL,CD4_Tn.Naive,full_core,30,PHB2,False,False,False,False
CD4,CD4.c03.Tn.ADSL,CD4_Tn.Naive,full_core,31,ARPC5,False,False,False,False
CD4,CD4.c03.Tn.ADSL,CD4_Tn.Naive,full_core,32,LIMS2,False,False,False,False
CD4,CD4.c03.Tn.ADSL,CD4_Tn.Naive,full_core,33,SGK1,False,False,False,False
CD4,CD4.c03.Tn.ADSL,CD4_Tn.Naive,full_core,34,MAL,False,False,False,True
CD4,CD4.c03.Tn.ADSL,CD4_Tn.Naive,full_core,35,C16orf13,False,False,False,False
CD4,CD4.c03.Tn.ADSL,CD4_Tn.Naive,full_core,36,DUSP5,False,False,False,False
CD4,CD4.c03.Tn.ADSL,CD4_Tn.Naive,full_core,37,KLF3,False,False,False,False
CD4,CD4.c03.Tn.ADSL,CD4_Tn.Naive,full_core,38,ARPC1B,False,False,False,False
CD4,CD4.c03.Tn.ADSL,CD4_Tn.Naive,full_core,39,NPM1,False,False,False,False
CD4,CD4.c03.Tn.ADSL,CD4_Tn.Naive,full_core,40,RBM3,False,False,False,False
CD4,CD4.c03.Tn.ADSL,CD4_Tn.Naive,full_core,41,AQP3,False,False,False,False
CD4,CD4.c03.Tn.ADSL,CD4_Tn.Naive,full_core,42,PASK,False,False,False,False
CD4,CD4.c03.Tn.ADSL,CD4_Tn.Naive,full_core,43,FAAH2,False,False,False,False
CD4,CD4.c03.Tn.ADSL,CD4_Tn.Naive,full_core,44,H2AFY,False,False,False,False
CD4,CD4.c03.Tn.ADSL,CD4_Tn.Naive,full_core,45,CORO1B,False,False,False,False
CD4,CD4.c03.Tn.ADSL,CD4_Tn.Naive,full_core,46,APEX1,False,False,False,False
CD4,CD4.c03.Tn.ADSL,CD4_Tn.Naive,full_core,47,SLC25A3,False,False,False,False
CD4,CD4.c03.Tn.ADSL,CD4_Tn.Naive,full_core,48,UQCRH,False,False,False,False
CD4,CD4.c03.Tn.ADSL,CD4_Tn.Naive,full_core,49,SOD2,False,False,False,False
CD4,CD4.c03.Tn.ADSL,CD4_Tn.Naive,full_core,50,IGFBP4,False,False,False,False
CD4,CD4.c04.Tn.il7r,CD4_Tn.Naive,standard,1,RPS8,True,True,False,False
CD4,CD4.c04.Tn.il7r,CD4_Tn.Naive,standard,2,RPS13,True,True,False,False
CD4,CD4.c04.Tn.il7r,CD4_Tn.Naive,standard,3,RPS2,True,True,False,False
CD4,CD4.c04.Tn.il7r,CD4_Tn.Naive,standard,4,LDHB,False,False,False,False
CD4,CD4.c04.Tn.il7r,CD4_Tn.Naive,standard,5,RPS17,True,True,False,False
CD4,CD4.c04.Tn.il7r,CD4_Tn.Naive,standard,6,RPS18,True,True,False,False
CD4,CD4.c04.Tn.il7r,CD4_Tn.Naive,standard,7,NPM1,False,False,False,False
CD4,CD4.c04.Tn.il7r,CD4_Tn.Naive,standard,8,RPL35,True,True,False,False
CD4,CD4.c04.Tn.il7r,CD4_Tn.Naive,standard,9,RPS23,True,True,False,False
CD4,CD4.c04.Tn.il7r,CD4_Tn.Naive,standard,10,RPL32,True,True,False,False
CD4,CD4.c04.Tn.il7r,CD4_Tn.Naive,standard,11,RPLP0,True,True,False,False
CD4,CD4.c04.Tn.il7r,CD4_Tn.Naive,standard,12,RPL22,True,True,False,False
CD4,CD4.c04.Tn.il7r,CD4_Tn.Naive,standard,13,RPS6,True,True,False,False
CD4,CD4.c04.Tn.il7r,CD4_Tn.Naive,standard,14,RPL27,True,True,False,False
CD4,CD4.c04.Tn.il7r,CD4_Tn.Naive,standard,15,EEF1B2,True,True,False,False
CD4,CD4.c04.Tn.il7r,CD4_Tn.Naive,standard,16,RPL8,True,True,False,False
CD4,CD4.c04.Tn.il7r,CD4_Tn.Naive,standard,17,RPLP2,True,True,False,False
CD4,CD4.c04.Tn.il7r,CD4_Tn.Naive,standard,18,RPSA,True,True,False,False
CD4,CD4.c04.Tn.il7r,CD4_Tn.Naive,standard,19,RPL36,True,True,False,False
CD4,CD4.c04.Tn.il7r,CD4_Tn.Naive,standard,20,RPL14,True,True,False,False
CD4,CD4.c04.Tn.il7r,CD4_Tn.Naive,standard,21,RPL5,True,True,False,False
CD4,CD4.c04.Tn.il7r,CD4_Tn.Naive,standard,22,RPL37A,True,True,False,False
CD4,CD4.c04.Tn.il7r,CD4_Tn.Naive,standard,23,RPL12,True,True,False,False
CD4,CD4.c04.Tn.il7r,CD4_Tn.Naive,standard,24,ZFAS1,False,False,False,False
CD4,CD4.c04.Tn.il7r,CD4_Tn.Naive,standard,25,RPS5,True,True,False,False
CD4,CD4.c04.Tn.il7r,CD4_Tn.Naive,standard,26,PTMA,False,True,True,False
CD4,CD4.c04.Tn.il7r,CD4_Tn.Naive,standard,27,RPL31,True,True,False,False
CD4,CD4.c04.Tn.il7r,CD4_Tn.Naive,standard,28,RPL36A,True,True,False,False
CD4,CD4.c04.Tn.il7r,CD4_Tn.Naive,standard,29,RPS15,True,True,False,False
CD4,CD4.c04.Tn.il7r,CD4_Tn.Naive,standard,30,HSP90AB1,True,True,False,False
CD4,CD4.c04.Tn.il7r,CD4_Tn.Naive,standard,31,TUBB,False,False,False,False
CD4,CD4.c04.Tn.il7r,CD4_Tn.Naive,standard,32,RPL41,True,True,False,False
CD4,CD4.c04.Tn.il7r,CD4_Tn.Naive,standard,33,RPL23A,True,True,False,False
CD4,CD4.c04.Tn.il7r,CD4_Tn.Naive,standard,34,TUBA1B,True,True,False,False
CD4,CD4.c04.Tn.il7r,CD4_Tn.Naive,standard,35,RPL7,True,True,False,False
CD4,CD4.c04.Tn.il7r,CD4_Tn.Naive,standard,36,HMGN2,False,False,False,False
CD4,CD4.c04.Tn.il7r,CD4_Tn.Naive,standard,37,HNRNPA1,False,False,False,False
CD4,CD4.c04.Tn.il7r,CD4_Tn.Naive,standard,38,C1QBP,False,False,False,False
CD4,CD4.c04.Tn.il7r,CD4_Tn.Naive,standard,39,RPL37,True,True,False,False
CD4,CD4.c04.Tn.il7r,CD4_Tn.Naive,standard,40,NME2,False,False,False,False
CD4,CD4.c04.Tn.il7r,CD4_Tn.Naive,standard,41,LSM5,False,False,False,False
CD4,CD4.c04.Tn.il7r,CD4_Tn.Naive,standard,42,RPL29,True,True,False,False
CD4,CD4.c04.Tn.il7r,CD4_Tn.Naive,standard,43,SNRPD2,False,False,False,False
CD4,CD4.c04.Tn.il7r,CD4_Tn.Naive,standard,44,RPL7A,True,True,False,False
CD4,CD4.c04.Tn.il7r,CD4_Tn.Naive,standard,45,RPL35A,True,True,False,False
CD4,CD4.c04.Tn.il7r,CD4_Tn.Naive,standard,46,PAICS,False,False,False,False
CD4,CD4.c04.Tn.il7r,CD4_Tn.Naive,standard,47,RPL11,True,True,False,False
CD4,CD4.c04.Tn.il7r,CD4_Tn.Naive,standard,48,RPS21,True,True,False,False
CD4,CD4.c04.Tn.il7r,CD4_Tn.Naive,standard,49,LYAR,False,False,False,False
CD4,CD4.c04.Tn.il7r,CD4_Tn.Naive,standard,50,STMN1,False,False,False,False
CD4,CD4.c04.Tn.il7r,CD4_Tn.Naive,filter_only,1,LDHB,False,False,False,False
CD4,CD4.c04.Tn.il7r,CD4_Tn.Naive,filter_only,2,RPS17,True,True,False,False
CD4,CD4.c04.Tn.il7r,CD4_Tn.Naive,filter_only,3,NPM1,False,False,False,False
CD4,CD4.c04.Tn.il7r,CD4_Tn.Naive,filter_only,4,RPL35,True,True,False,False
CD4,CD4.c04.Tn.il7r,CD4_Tn.Naive,filter_only,5,RPL22,True,True,False,False
CD4,CD4.c04.Tn.il7r,CD4_Tn.Naive,filter_only,6,RPL27,True,True,False,False
CD4,CD4.c04.Tn.il7r,CD4_Tn.Naive,filter_only,7,EEF1B2,True,True,False,False
CD4,CD4.c04.Tn.il7r,CD4_Tn.Naive,filter_only,8,RPL36,True,True,False,False
CD4,CD4.c04.Tn.il7r,CD4_Tn.Naive,filter_only,9,RPL37A,True,True,False,False
CD4,CD4.c04.Tn.il7r,CD4_Tn.Naive,filter_only,10,ZFAS1,False,False,False,False
CD4,CD4.c04.Tn.il7r,CD4_Tn.Naive,filter_only,11,RPL31,True,True,False,False
CD4,CD4.c04.Tn.il7r,CD4_Tn.Naive,filter_only,12,RPL36A,True,True,False,False
CD4,CD4.c04.Tn.il7r,CD4_Tn.Naive,filter_only,13,HSP90AB1,True,True,False,False
CD4,CD4.c04.Tn.il7r,CD4_Tn.Naive,filter_only,14,TUBB,False,False,False,False
CD4,CD4.c04.Tn.il7r,CD4_Tn.Naive,filter_only,15,RPL41,True,True,False,False
CD4,CD4.c04.Tn.il7r,CD4_Tn.Naive,filter_only,16,TUBA1B,True,True,False,False
CD4,CD4.c04.Tn.il7r,CD4_Tn.Naive,filter_only,17,HMGN2,False,False,False,False
CD4,CD4.c04.Tn.il7r,CD4_Tn.Naive,filter_only,18,HNRNPA1,False,False,False,False
CD4,CD4.c04.Tn.il7r,CD4_Tn.Naive,filter_only,19,C1QBP,False,False,False,False
CD4,CD4.c04.Tn.il7r,CD4_Tn.Naive,filter_only,20,RPL37,True,True,False,False
CD4,CD4.c04.Tn.il7r,CD4_Tn.Naive,filter_only,21,NME2,False,False,False,False
CD4,CD4.c04.Tn.il7r,CD4_Tn.Naive,filter_only,22,LSM5,False,False,False,False
CD4,CD4.c04.Tn.il7r,CD4_Tn.Naive,filter_only,23,SNRPD2,False,False,False,False
CD4,CD4.c04.Tn.il7r,CD4_Tn.Naive,filter_only,24,PAICS,False,False,False,False
CD4,CD4.c04.Tn.il7r,CD4_Tn.Naive,filter_only,25,RPS21,True,True,False,False
CD4,CD4.c04.Tn.il7r,CD4_Tn.Naive,filter_only,26,LYAR,False,False,False,False
CD4,CD4.c04.Tn.il7r,CD4_Tn.Naive,filter_only,27,STMN1,False,False,False,False
CD4,CD4.c04.Tn.il7r,CD4_Tn.Naive,filter_only,28,NME1,False,False,False,False
CD4,CD4.c04.Tn.il7r,CD4_Tn.Naive,filter_only,29,DHFR,True,True,False,False
CD4,CD4.c04.Tn.il7r,CD4_Tn.Naive,filter_only,30,SNRPF,False,False,False,False
CD4,CD4.c04.Tn.il7r,CD4_Tn.Naive,filter_only,31,PPA1,False,False,False,False
CD4,CD4.c04.Tn.il7r,CD4_Tn.Naive,filter_only,32,ABRACL,False,False,False,False
CD4,CD4.c04.Tn.il7r,CD4_Tn.Naive,filter_only,33,TRAP1,False,False,False,False
CD4,CD4.c04.Tn.il7r,CD4_Tn.Naive,filter_only,34,SNRPE,False,False,False,False
CD4,CD4.c04.Tn.il7r,CD4_Tn.Naive,filter_only,35,RFC5,True,True,False,False
CD4,CD4.c04.Tn.il7r,CD4_Tn.Naive,filter_only,36,RPL22L1,True,True,False,False
CD4,CD4.c04.Tn.il7r,CD4_Tn.Naive,filter_only,37,RPL4,True,True,False,False
CD4,CD4.c04.Tn.il7r,CD4_Tn.Naive,filter_only,38,MRPL4,False,False,False,False
CD4,CD4.c04.Tn.il7r,CD4_Tn.Naive,filter_only,39,MT-ND3,True,True,False,False
CD4,CD4.c04.Tn.il7r,CD4_Tn.Naive,filter_only,40,BOP1,False,False,False,False
CD4,CD4.c04.Tn.il7r,CD4_Tn.Naive,filter_only,41,TOMM40,False,False,False,False
CD4,CD4.c04.Tn.il7r,CD4_Tn.Naive,filter_only,42,SRM,False,False,False,False
CD4,CD4.c04.Tn.il7r,CD4_Tn.Naive,filter_only,43,MIF,False,False,False,False
CD4,CD4.c04.Tn.il7r,CD4_Tn.Naive,filter_only,44,MYBL2,False,False,False,False
CD4,CD4.c04.Tn.il7r,CD4_Tn.Naive,filter_only,45,C19orf48,False,False,False,False
CD4,CD4.c04.Tn.il7r,CD4_Tn.Naive,filter_only,46,NHP2,False,False,False,False
CD4,CD4.c04.Tn.il7r,CD4_Tn.Naive,filter_only,47,CCT8,False,False,False,False
CD4,CD4.c04.Tn.il7r,CD4_Tn.Naive,filter_only,48,PHB2,False,False,False,False
CD4,CD4.c04.Tn.il7r,CD4_Tn.Naive,filter_only,49,GINS2,True,True,False,False
CD4,CD4.c04.Tn.il7r,CD4_Tn.Naive,filter_only,50,UBE2S,False,False,False,False
CD4,CD4.c04.Tn.il7r,CD4_Tn.Naive,regex_mask,1,LDHB,False,False,False,False
CD4,CD4.c04.Tn.il7r,CD4_Tn.Naive,regex_mask,2,NPM1,False,False,False,False
CD4,CD4.c04.Tn.il7r,CD4_Tn.Naive,regex_mask,3,ZFAS1,False,False,False,False
CD4,CD4.c04.Tn.il7r,CD4_Tn.Naive,regex_mask,4,TUBB,False,False,False,False
CD4,CD4.c04.Tn.il7r,CD4_Tn.Naive,regex_mask,5,HMGN2,False,False,False,False
CD4,CD4.c04.Tn.il7r,CD4_Tn.Naive,regex_mask,6,HNRNPA1,False,False,False,False
CD4,CD4.c04.Tn.il7r,CD4_Tn.Naive,regex_mask,7,C1QBP,False,False,False,False
CD4,CD4.c04.Tn.il7r,CD4_Tn.Naive,regex_mask,8,NME2,False,False,False,False
CD4,CD4.c04.Tn.il7r,CD4_Tn.Naive,regex_mask,9,LSM5,False,False,False,False
CD4,CD4.c04.Tn.il7r,CD4_Tn.Naive,regex_mask,10,SNRPD2,False,False,False,False
CD4,CD4.c04.Tn.il7r,CD4_Tn.Naive,regex_mask,11,PAICS,False,False,False,False
CD4,CD4.c04.Tn.il7r,CD4_Tn.Naive,regex_mask,12,LYAR,False,False,False,False
CD4,CD4.c04.Tn.il7r,CD4_Tn.Naive,regex_mask,13,STMN1,False,False,False,False
CD4,CD4.c04.Tn.il7r,CD4_Tn.Naive,regex_mask,14,NME1,False,False,False,False
CD4,CD4.c04.Tn.il7r,CD4_Tn.Naive,regex_mask,15,SNRPF,False,False,False,False
CD4,CD4.c04.Tn.il7r,CD4_Tn.Naive,regex_mask,16,PPA1,False,False,False,False
CD4,CD4.c04.Tn.il7r,CD4_Tn.Naive,regex_mask,17,ABRACL,False,False,False,False
CD4,CD4.c04.Tn.il7r,CD4_Tn.Naive,regex_mask,18,TRAP1,False,False,False,False
CD4,CD4.c04.Tn.il7r,CD4_Tn.Naive,regex_mask,19,SNRPE,False,False,False,False
CD4,CD4.c04.Tn.il7r,CD4_Tn.Naive,regex_mask,20,MRPL4,False,False,False,False
CD4,CD4.c04.Tn.il7r,CD4_Tn.Naive,regex_mask,21,BOP1,False,False,False,False
CD4,CD4.c04.Tn.il7r,CD4_Tn.Naive,regex_mask,22,TOMM40,False,False,False,False
CD4,CD4.c04.Tn.il7r,CD4_Tn.Naive,regex_mask,23,SRM,False,False,False,False
CD4,CD4.c04.Tn.il7r,CD4_Tn.Naive,regex_mask,24,MIF,False,False,False,False
CD4,CD4.c04.Tn.il7r,CD4_Tn.Naive,regex_mask,25,MYBL2,False,False,False,False
CD4,CD4.c04.Tn.il7r,CD4_Tn.Naive,regex_mask,26,C19orf48,False,False,False,False
CD4,CD4.c04.Tn.il7r,CD4_Tn.Naive,regex_mask,27,NHP2,False,False,False,False
CD4,CD4.c04.Tn.il7r,CD4_Tn.Naive,regex_mask,28,CCT8,False,False,False,False
CD4,CD4.c04.Tn.il7r,CD4_Tn.Naive,regex_mask,29,PHB2,False,False,False,False
CD4,CD4.c04.Tn.il7r,CD4_Tn.Naive,regex_mask,30,UBE2S,False,False,False,False
CD4,CD4.c04.Tn.il7r,CD4_Tn.Naive,regex_mask,31,AK2,False,False,False,False
CD4,CD4.c04.Tn.il7r,CD4_Tn.Naive,regex_mask,32,TIMM13,False,False,False,False
CD4,CD4.c04.Tn.il7r,CD4_Tn.Naive,regex_mask,33,CCNB2,False,False,False,False
CD4,CD4.c04.Tn.il7r,CD4_Tn.Naive,regex_mask,34,CCT5,False,False,False,False
CD4,CD4.c04.Tn.il7r,CD4_Tn.Naive,regex_mask,35,MKI67,False,False,False,False
CD4,CD4.c04.Tn.il7r,CD4_Tn.Naive,regex_mask,36,SNRPD3,False,False,False,False
CD4,CD4.c04.Tn.il7r,CD4_Tn.Naive,regex_mask,37,PRDX1,False,False,False,False
CD4,CD4.c04.Tn.il7r,CD4_Tn.Naive,regex_mask,38,EXOSC5,False,False,False,False
CD4,CD4.c04.Tn.il7r,CD4_Tn.Naive,regex_mask,39,TIMM9,False,False,False,False
CD4,CD4.c04.Tn.il7r,CD4_Tn.Naive,regex_mask,40,ME2,False,False,False,False
CD4,CD4.c04.Tn.il7r,CD4_Tn.Naive,regex_mask,41,POLD2,False,False,False,False
CD4,CD4.c04.Tn.il7r,CD4_Tn.Naive,regex_mask,42,NUCKS1,False,False,False,False
CD4,CD4.c04.Tn.il7r,CD4_Tn.Naive,regex_mask,43,BCAT2,False,False,False,False
CD4,CD4.c04.Tn.il7r,CD4_Tn.Naive,regex_mask,44,NIT2,False,False,False,False
CD4,CD4.c04.Tn.il7r,CD4_Tn.Naive,regex_mask,45,MRPS2,False,False,False,False
CD4,CD4.c04.Tn.il7r,CD4_Tn.Naive,regex_mask,46,HNRNPAB,False,False,False,False
CD4,CD4.c04.Tn.il7r,CD4_Tn.Naive,regex_mask,47,IMPDH2,False,False,False,False
CD4,CD4.c04.Tn.il7r,CD4_Tn.Naive,regex_mask,48,SRSF3,False,False,False,False
CD4,CD4.c04.Tn.il7r,CD4_Tn.Naive,regex_mask,49,TBCA,False,False,False,False
CD4,CD4.c04.Tn.il7r,CD4_Tn.Naive,regex_mask,50,MRPS28,False,False,False,False
CD4,CD4.c04.Tn.il7r,CD4_Tn.Naive,full_core,1,LDHB,False,False,False,False
CD4,CD4.c04.Tn.il7r,CD4_Tn.Naive,full_core,2,NPM1,False,False,False,False
CD4,CD4.c04.Tn.il7r,CD4_Tn.Naive,full_core,3,TUBB,False,False,False,False
CD4,CD4.c04.Tn.il7r,CD4_Tn.Naive,full_core,4,HMGN2,False,False,False,False
CD4,CD4.c04.Tn.il7r,CD4_Tn.Naive,full_core,5,HNRNPA1,False,False,False,False
CD4,CD4.c04.Tn.il7r,CD4_Tn.Naive,full_core,6,C1QBP,False,False,False,False
CD4,CD4.c04.Tn.il7r,CD4_Tn.Naive,full_core,7,NME2,False,False,False,False
CD4,CD4.c04.Tn.il7r,CD4_Tn.Naive,full_core,8,LSM5,False,False,False,False
CD4,CD4.c04.Tn.il7r,CD4_Tn.Naive,full_core,9,PAICS,False,False,False,False
CD4,CD4.c04.Tn.il7r,CD4_Tn.Naive,full_core,10,LYAR,False,False,False,False
CD4,CD4.c04.Tn.il7r,CD4_Tn.Naive,full_core,11,STMN1,False,False,False,False
CD4,CD4.c04.Tn.il7r,CD4_Tn.Naive,full_core,12,NME1,False,False,False,False
CD4,CD4.c04.Tn.il7r,CD4_Tn.Naive,full_core,13,SNRPF,False,False,False,False
CD4,CD4.c04.Tn.il7r,CD4_Tn.Naive,full_core,14,PPA1,False,False,False,False
CD4,CD4.c04.Tn.il7r,CD4_Tn.Naive,full_core,15,ABRACL,False,False,False,False
CD4,CD4.c04.Tn.il7r,CD4_Tn.Naive,full_core,16,TRAP1,False,False,False,False
CD4,CD4.c04.Tn.il7r,CD4_Tn.Naive,full_core,17,SNRPE,False,False,False,False
CD4,CD4.c04.Tn.il7r,CD4_Tn.Naive,full_core,18,MRPL4,False,False,False,False
CD4,CD4.c04.Tn.il7r,CD4_Tn.Naive,full_core,19,BOP1,False,False,False,False
CD4,CD4.c04.Tn.il7r,CD4_Tn.Naive,full_core,20,TOMM40,False,False,False,False
CD4,CD4.c04.Tn.il7r,CD4_Tn.Naive,full_core,21,SRM,False,False,False,False
CD4,CD4.c04.Tn.il7r,CD4_Tn.Naive,full_core,22,MIF,False,False,False,False
CD4,CD4.c04.Tn.il7r,CD4_Tn.Naive,full_core,23,MYBL2,False,False,False,False
CD4,CD4.c04.Tn.il7r,CD4_Tn.Naive,full_core,24,C19orf48,False,False,False,False
CD4,CD4.c04.Tn.il7r,CD4_Tn.Naive,full_core,25,NHP2,False,False,False,False
CD4,CD4.c04.Tn.il7r,CD4_Tn.Naive,full_core,26,CCT8,False,False,False,False
CD4,CD4.c04.Tn.il7r,CD4_Tn.Naive,full_core,27,PHB2,False,False,False,False
CD4,CD4.c04.Tn.il7r,CD4_Tn.Naive,full_core,28,UBE2S,False,False,False,False
CD4,CD4.c04.Tn.il7r,CD4_Tn.Naive,full_core,29,AK2,False,False,False,False
CD4,CD4.c04.Tn.il7r,CD4_Tn.Naive,full_core,30,TIMM13,False,False,False,False
CD4,CD4.c04.Tn.il7r,CD4_Tn.Naive,full_core,31,CCNB2,False,False,False,False
CD4,CD4.c04.Tn.il7r,CD4_Tn.Naive,full_core,32,CCT5,False,False,False,False
CD4,CD4.c04.Tn.il7r,CD4_Tn.Naive,full_core,33,MKI67,False,False,False,False
CD4,CD4.c04.Tn.il7r,CD4_Tn.Naive,full_core,34,SNRPD3,False,False,False,False
CD4,CD4.c04.Tn.il7r,CD4_Tn.Naive,full_core,35,PRDX1,False,False,False,False
CD4,CD4.c04.Tn.il7r,CD4_Tn.Naive,full_core,36,EXOSC5,False,False,False,False
CD4,CD4.c04.Tn.il7r,CD4_Tn.Naive,full_core,37,POLD2,False,False,False,False
CD4,CD4.c04.Tn.il7r,CD4_Tn.Naive,full_core,38,NUCKS1,False,False,False,False
CD4,CD4.c04.Tn.il7r,CD4_Tn.Naive,full_core,39,HNRNPAB,False,False,False,False
CD4,CD4.c04.Tn.il7r,CD4_Tn.Naive,full_core,40,IMPDH2,False,False,False,False
CD4,CD4.c04.Tn.il7r,CD4_Tn.Naive,full_core,41,SRSF3,False,False,False,False
CD4,CD4.c04.Tn.il7r,CD4_Tn.Naive,full_core,42,CENPH,False,False,False,False
CD4,CD4.c04.Tn.il7r,CD4_Tn.Naive,full_core,43,BOLA3,False,False,False,False
CD4,CD4.c04.Tn.il7r,CD4_Tn.Naive,full_core,44,CHEK1,False,False,False,False
CD4,CD4.c04.Tn.il7r,CD4_Tn.Naive,full_core,45,PAM16,False,False,False,False
CD4,CD4.c04.Tn.il7r,CD4_Tn.Naive,full_core,46,MRPS35,False,False,False,False
CD4,CD4.c04.Tn.il7r,CD4_Tn.Naive,full_core,47,H2AFX,False,False,False,False
CD4,CD4.c04.Tn.il7r,CD4_Tn.Naive,full_core,48,HMGA1,False,False,False,False
CD4,CD4.c04.Tn.il7r,CD4_Tn.Naive,full_core,49,FAM207A,False,False,False,False
CD4,CD4.c04.Tn.il7r,CD4_Tn.Naive,full_core,50,TUFM,False,False,False,False
CD4,CD4.c05.Tm.TNF,CD4_Tm.EffMem,standard,1,MT-ND2,True,True,False,False
CD4,CD4.c05.Tm.TNF,CD4_Tm.EffMem,standard,2,CCL5,False,False,False,False
CD4,CD4.c05.Tm.TNF,CD4_Tm.EffMem,standard,3,GZMA,False,False,False,False
CD4,CD4.c05.Tm.TNF,CD4_Tm.EffMem,standard,4,MT-CYB,True,True,False,False
CD4,CD4.c05.Tm.TNF,CD4_Tm.EffMem,standard,5,CD52,False,False,False,False
CD4,CD4.c05.Tm.TNF,CD4_Tm.EffMem,standard,6,MYL12A,False,False,False,False
CD4,CD4.c05.Tm.TNF,CD4_Tm.EffMem,standard,7,CD40LG,False,False,False,False
CD4,CD4.c05.Tm.TNF,CD4_Tm.EffMem,standard,8,MT-CO1,True,True,False,False
CD4,CD4.c05.Tm.TNF,CD4_Tm.EffMem,standard,9,SH3BGRL3,False,True,True,False
CD4,CD4.c05.Tm.TNF,CD4_Tm.EffMem,standard,10,MT-ND5,True,True,False,False
CD4,CD4.c05.Tm.TNF,CD4_Tm.EffMem,standard,11,TXNIP,False,False,False,False
CD4,CD4.c05.Tm.TNF,CD4_Tm.EffMem,standard,12,MALAT1,False,True,True,False
CD4,CD4.c05.Tm.TNF,CD4_Tm.EffMem,standard,13,CD69,False,False,False,False
CD4,CD4.c05.Tm.TNF,CD4_Tm.EffMem,standard,14,MT-ATP6,True,True,False,False
CD4,CD4.c05.Tm.TNF,CD4_Tm.EffMem,standard,15,MT-CO2,True,True,False,False
CD4,CD4.c05.Tm.TNF,CD4_Tm.EffMem,standard,16,MT-CO3,True,True,False,False
CD4,CD4.c05.Tm.TNF,CD4_Tm.EffMem,standard,17,MT-ND4L,True,True,False,False
CD4,CD4.c05.Tm.TNF,CD4_Tm.EffMem,standard,18,CD99,False,False,False,False
CD4,CD4.c05.Tm.TNF,CD4_Tm.EffMem,standard,19,MT-ND1,True,True,False,False
CD4,CD4.c05.Tm.TNF,CD4_Tm.EffMem,standard,20,C9orf142,False,False,False,False
CD4,CD4.c05.Tm.TNF,CD4_Tm.EffMem,standard,21,CAPG,False,False,False,False
CD4,CD4.c05.Tm.TNF,CD4_Tm.EffMem,standard,22,HCST,False,False,False,False
CD4,CD4.c05.Tm.TNF,CD4_Tm.EffMem,standard,23,CD2,False,False,False,False
CD4,CD4.c05.Tm.TNF,CD4_Tm.EffMem,standard,24,TRAF3IP3,False,False,False,False
CD4,CD4.c05.Tm.TNF,CD4_Tm.EffMem,standard,25,CLIC1,False,False,False,False
CD4,CD4.c05.Tm.TNF,CD4_Tm.EffMem,standard,26,RAC2,False,False,False,False
CD4,CD4.c05.Tm.TNF,CD4_Tm.EffMem,standard,27,MT-ND4,True,True,False,False
CD4,CD4.c05.Tm.TNF,CD4_Tm.EffMem,standard,28,PTPRCAP,False,False,False,False
CD4,CD4.c05.Tm.TNF,CD4_Tm.EffMem,standard,29,RARRES3,False,False,False,False
CD4,CD4.c05.Tm.TNF,CD4_Tm.EffMem,standard,30,CD3E,False,True,True,False
CD4,CD4.c05.Tm.TNF,CD4_Tm.EffMem,standard,31,CKLF,False,False,False,False
CD4,CD4.c05.Tm.TNF,CD4_Tm.EffMem,standard,32,CD3G,False,False,False,False
CD4,CD4.c05.Tm.TNF,CD4_Tm.EffMem,standard,33,GSTK1,False,False,False,False
CD4,CD4.c05.Tm.TNF,CD4_Tm.EffMem,standard,34,SCML4,False,False,False,False
CD4,CD4.c05.Tm.TNF,CD4_Tm.EffMem,standard,35,EMP3,False,False,False,False
CD4,CD4.c05.Tm.TNF,CD4_Tm.EffMem,standard,36,LCP1,False,False,False,False
CD4,CD4.c05.Tm.TNF,CD4_Tm.EffMem,standard,37,ZYX,False,False,False,False
CD4,CD4.c05.Tm.TNF,CD4_Tm.EffMem,standard,38,S100A4,False,False,False,False
CD4,CD4.c05.Tm.TNF,CD4_Tm.EffMem,standard,39,SIT1,False,False,False,False
CD4,CD4.c05.Tm.TNF,CD4_Tm.EffMem,standard,40,IFITM1,False,False,False,False
CD4,CD4.c05.Tm.TNF,CD4_Tm.EffMem,standard,41,CD3D,False,False,False,False
CD4,CD4.c05.Tm.TNF,CD4_Tm.EffMem,standard,42,RGS19,False,False,False,False
CD4,CD4.c05.Tm.TNF,CD4_Tm.EffMem,standard,43,CORO1A,False,False,False,False
CD4,CD4.c05.Tm.TNF,CD4_Tm.EffMem,standard,44,S100A6,False,False,False,False
CD4,CD4.c05.Tm.TNF,CD4_Tm.EffMem,standard,45,CNN2,False,False,False,False
CD4,CD4.c05.Tm.TNF,CD4_Tm.EffMem,standard,46,DENND2D,False,False,False,False
CD4,CD4.c05.Tm.TNF,CD4_Tm.EffMem,standard,47,ACTG1,False,False,False,False
CD4,CD4.c05.Tm.TNF,CD4_Tm.EffMem,standard,48,HLA-F,True,True,False,False
CD4,CD4.c05.Tm.TNF,CD4_Tm.EffMem,standard,49,MT-ATP8,True,True,False,False
CD4,CD4.c05.Tm.TNF,CD4_Tm.EffMem,standard,50,TBC1D10C,False,False,False,False
CD4,CD4.c05.Tm.TNF,CD4_Tm.EffMem,filter_only,1,MT-ND2,True,True,False,False
CD4,CD4.c05.Tm.TNF,CD4_Tm.EffMem,filter_only,2,CCL5,False,False,False,False
CD4,CD4.c05.Tm.TNF,CD4_Tm.EffMem,filter_only,3,GZMA,False,False,False,False
CD4,CD4.c05.Tm.TNF,CD4_Tm.EffMem,filter_only,4,CD52,False,False,False,False
CD4,CD4.c05.Tm.TNF,CD4_Tm.EffMem,filter_only,5,CD40LG,False,False,False,False
CD4,CD4.c05.Tm.TNF,CD4_Tm.EffMem,filter_only,6,MT-ND5,True,True,False,False
CD4,CD4.c05.Tm.TNF,CD4_Tm.EffMem,filter_only,7,TXNIP,False,False,False,False
CD4,CD4.c05.Tm.TNF,CD4_Tm.EffMem,filter_only,8,CD69,False,False,False,False
CD4,CD4.c05.Tm.TNF,CD4_Tm.EffMem,filter_only,9,MT-ATP6,True,True,False,False
CD4,CD4.c05.Tm.TNF,CD4_Tm.EffMem,filter_only,10,CD99,False,False,False,False
CD4,CD4.c05.Tm.TNF,CD4_Tm.EffMem,filter_only,11,C9orf142,False,False,False,False
CD4,CD4.c05.Tm.TNF,CD4_Tm.EffMem,filter_only,12,CAPG,False,False,False,False
CD4,CD4.c05.Tm.TNF,CD4_Tm.EffMem,filter_only,13,HCST,False,False,False,False
CD4,CD4.c05.Tm.TNF,CD4_Tm.EffMem,filter_only,14,TRAF3IP3,False,False,False,False
CD4,CD4.c05.Tm.TNF,CD4_Tm.EffMem,filter_only,15,RARRES3,False,False,False,False
CD4,CD4.c05.Tm.TNF,CD4_Tm.EffMem,filter_only,16,CKLF,False,False,False,False
CD4,CD4.c05.Tm.TNF,CD4_Tm.EffMem,filter_only,17,SCML4,False,False,False,False
CD4,CD4.c05.Tm.TNF,CD4_Tm.EffMem,filter_only,18,EMP3,False,False,False,False
CD4,CD4.c05.Tm.TNF,CD4_Tm.EffMem,filter_only,19,LCP1,False,False,False,False
CD4,CD4.c05.Tm.TNF,CD4_Tm.EffMem,filter_only,20,ZYX,False,False,False,False
CD4,CD4.c05.Tm.TNF,CD4_Tm.EffMem,filter_only,21,S100A4,False,False,False,False
CD4,CD4.c05.Tm.TNF,CD4_Tm.EffMem,filter_only,22,SIT1,False,False,False,False
CD4,CD4.c05.Tm.TNF,CD4_Tm.EffMem,filter_only,23,IFITM1,False,False,False,False
CD4,CD4.c05.Tm.TNF,CD4_Tm.EffMem,filter_only,24,RGS19,False,False,False,False
CD4,CD4.c05.Tm.TNF,CD4_Tm.EffMem,filter_only,25,CNN2,False,False,False,False
CD4,CD4.c05.Tm.TNF,CD4_Tm.EffMem,filter_only,26,DENND2D,False,False,False,False
CD4,CD4.c05.Tm.TNF,CD4_Tm.EffMem,filter_only,27,HLA-F,True,True,False,False
CD4,CD4.c05.Tm.TNF,CD4_Tm.EffMem,filter_only,28,TBC1D10C,False,False,False,False
CD4,CD4.c05.Tm.TNF,CD4_Tm.EffMem,filter_only,29,ALOX5AP,False,False,False,False
CD4,CD4.c05.Tm.TNF,CD4_Tm.EffMem,filter_only,30,IFITM2,False,False,False,False
CD4,CD4.c05.Tm.TNF,CD4_Tm.EffMem,filter_only,31,FOS,True,True,False,False
CD4,CD4.c05.Tm.TNF,CD4_Tm.EffMem,filter_only,32,GIMAP7,False,False,False,True
CD4,CD4.c05.Tm.TNF,CD4_Tm.EffMem,filter_only,33,CD96,False,False,False,False
CD4,CD4.c05.Tm.TNF,CD4_Tm.EffMem,filter_only,34,LCP2,False,False,False,False
CD4,CD4.c05.Tm.TNF,CD4_Tm.EffMem,filter_only,35,SASH3,False,False,False,False
CD4,CD4.c05.Tm.TNF,CD4_Tm.EffMem,filter_only,36,APOBEC3G,False,False,False,False
CD4,CD4.c05.Tm.TNF,CD4_Tm.EffMem,filter_only,37,STOM,False,False,False,False
CD4,CD4.c05.Tm.TNF,CD4_Tm.EffMem,filter_only,38,CCL4,False,False,False,False
CD4,CD4.c05.Tm.TNF,CD4_Tm.EffMem,filter_only,39,RSRP1,False,False,False,False
CD4,CD4.c05.Tm.TNF,CD4_Tm.EffMem,filter_only,40,CCND3,False,False,False,False
CD4,CD4.c05.Tm.TNF,CD4_Tm.EffMem,filter_only,41,PPP1R18,False,False,False,False
CD4,CD4.c05.Tm.TNF,CD4_Tm.EffMem,filter_only,42,CTSD,False,False,False,False
CD4,CD4.c05.Tm.TNF,CD4_Tm.EffMem,filter_only,43,TAPBP,False,False,False,False
CD4,CD4.c05.Tm.TNF,CD4_Tm.EffMem,filter_only,44,KIAA1551,False,False,False,False
CD4,CD4.c05.Tm.TNF,CD4_Tm.EffMem,filter_only,45,OXNAD1,False,False,False,False
CD4,CD4.c05.Tm.TNF,CD4_Tm.EffMem,filter_only,46,PLP2,False,False,False,False
CD4,CD4.c05.Tm.TNF,CD4_Tm.EffMem,filter_only,47,LGALS1,False,False,False,False
CD4,CD4.c05.Tm.TNF,CD4_Tm.EffMem,filter_only,48,HOPX,False,False,False,False
CD4,CD4.c05.Tm.TNF,CD4_Tm.EffMem,filter_only,49,APBB1IP,False,False,False,False
CD4,CD4.c05.Tm.TNF,CD4_Tm.EffMem,filter_only,50,TC2N,False,False,False,False
CD4,CD4.c05.Tm.TNF,CD4_Tm.EffMem,regex_mask,1,CCL5,False,False,False,False
CD4,CD4.c05.Tm.TNF,CD4_Tm.EffMem,regex_mask,2,GZMA,False,False,False,False
CD4,CD4.c05.Tm.TNF,CD4_Tm.EffMem,regex_mask,3,CD52,False,False,False,False
CD4,CD4.c05.Tm.TNF,CD4_Tm.EffMem,regex_mask,4,CD40LG,False,False,False,False
CD4,CD4.c05.Tm.TNF,CD4_Tm.EffMem,regex_mask,5,TXNIP,False,False,False,False
CD4,CD4.c05.Tm.TNF,CD4_Tm.EffMem,regex_mask,6,CD69,False,False,False,False
CD4,CD4.c05.Tm.TNF,CD4_Tm.EffMem,regex_mask,7,CD99,False,False,False,False
CD4,CD4.c05.Tm.TNF,CD4_Tm.EffMem,regex_mask,8,C9orf142,False,False,False,False
CD4,CD4.c05.Tm.TNF,CD4_Tm.EffMem,regex_mask,9,CAPG,False,False,False,False
CD4,CD4.c05.Tm.TNF,CD4_Tm.EffMem,regex_mask,10,HCST,False,False,False,False
CD4,CD4.c05.Tm.TNF,CD4_Tm.EffMem,regex_mask,11,TRAF3IP3,False,False,False,False
CD4,CD4.c05.Tm.TNF,CD4_Tm.EffMem,regex_mask,12,RARRES3,False,False,False,False
CD4,CD4.c05.Tm.TNF,CD4_Tm.EffMem,regex_mask,13,CKLF,False,False,False,False
CD4,CD4.c05.Tm.TNF,CD4_Tm.EffMem,regex_mask,14,SCML4,False,False,False,False
CD4,CD4.c05.Tm.TNF,CD4_Tm.EffMem,regex_mask,15,EMP3,False,False,False,False
CD4,CD4.c05.Tm.TNF,CD4_Tm.EffMem,regex_mask,16,LCP1,False,False,False,False
CD4,CD4.c05.Tm.TNF,CD4_Tm.EffMem,regex_mask,17,ZYX,False,False,False,False
CD4,CD4.c05.Tm.TNF,CD4_Tm.EffMem,regex_mask,18,S100A4,False,False,False,False
CD4,CD4.c05.Tm.TNF,CD4_Tm.EffMem,regex_mask,19,SIT1,False,False,False,False
CD4,CD4.c05.Tm.TNF,CD4_Tm.EffMem,regex_mask,20,IFITM1,False,False,False,False
CD4,CD4.c05.Tm.TNF,CD4_Tm.EffMem,regex_mask,21,RGS19,False,False,False,False
CD4,CD4.c05.Tm.TNF,CD4_Tm.EffMem,regex_mask,22,CNN2,False,False,False,False
CD4,CD4.c05.Tm.TNF,CD4_Tm.EffMem,regex_mask,23,DENND2D,False,False,False,False
CD4,CD4.c05.Tm.TNF,CD4_Tm.EffMem,regex_mask,24,TBC1D10C,False,False,False,False
CD4,CD4.c05.Tm.TNF,CD4_Tm.EffMem,regex_mask,25,ALOX5AP,False,False,False,False
CD4,CD4.c05.Tm.TNF,CD4_Tm.EffMem,regex_mask,26,IFITM2,False,False,False,False
CD4,CD4.c05.Tm.TNF,CD4_Tm.EffMem,regex_mask,27,GIMAP7,False,False,False,True
CD4,CD4.c05.Tm.TNF,CD4_Tm.EffMem,regex_mask,28,CD96,False,False,False,False
CD4,CD4.c05.Tm.TNF,CD4_Tm.EffMem,regex_mask,29,LCP2,False,False,False,False
CD4,CD4.c05.Tm.TNF,CD4_Tm.EffMem,regex_mask,30,SASH3,False,False,False,False
CD4,CD4.c05.Tm.TNF,CD4_Tm.EffMem,regex_mask,31,APOBEC3G,False,False,False,False
CD4,CD4.c05.Tm.TNF,CD4_Tm.EffMem,regex_mask,32,STOM,False,False,False,False
CD4,CD4.c05.Tm.TNF,CD4_Tm.EffMem,regex_mask,33,CCL4,False,False,False,False
CD4,CD4.c05.Tm.TNF,CD4_Tm.EffMem,regex_mask,34,RSRP1,False,False,False,False
CD4,CD4.c05.Tm.TNF,CD4_Tm.EffMem,regex_mask,35,CCND3,False,False,False,False
CD4,CD4.c05.Tm.TNF,CD4_Tm.EffMem,regex_mask,36,PPP1R18,False,False,False,False
CD4,CD4.c05.Tm.TNF,CD4_Tm.EffMem,regex_mask,37,CTSD,False,False,False,False
CD4,CD4.c05.Tm.TNF,CD4_Tm.EffMem,regex_mask,38,TAPBP,False,False,False,False
CD4,CD4.c05.Tm.TNF,CD4_Tm.EffMem,regex_mask,39,KIAA1551,False,False,False,False
CD4,CD4.c05.Tm.TNF,CD4_Tm.EffMem,regex_mask,40,OXNAD1,False,False,False,False
CD4,CD4.c05.Tm.TNF,CD4_Tm.EffMem,regex_mask,41,PLP2,False,False,False,False
CD4,CD4.c05.Tm.TNF,CD4_Tm.EffMem,regex_mask,42,LGALS1,False,False,False,False
CD4,CD4.c05.Tm.TNF,CD4_Tm.EffMem,regex_mask,43,HOPX,False,False,False,False
CD4,CD4.c05.Tm.TNF,CD4_Tm.EffMem,regex_mask,44,APBB1IP,False,False,False,False
CD4,CD4.c05.Tm.TNF,CD4_Tm.EffMem,regex_mask,45,TC2N,False,False,False,False
CD4,CD4.c05.Tm.TNF,CD4_Tm.EffMem,regex_mask,46,PDLIM2,False,False,False,False
CD4,CD4.c05.Tm.TNF,CD4_Tm.EffMem,regex_mask,47,GIMAP4,False,False,False,False
CD4,CD4.c05.Tm.TNF,CD4_Tm.EffMem,regex_mask,48,INPP4B,False,False,False,False
CD4,CD4.c05.Tm.TNF,CD4_Tm.EffMem,regex_mask,49,GLIPR2,False,False,False,False
CD4,CD4.c05.Tm.TNF,CD4_Tm.EffMem,regex_mask,50,DDX17,False,False,False,False
CD4,CD4.c05.Tm.TNF,CD4_Tm.EffMem,full_core,1,CCL5,False,False,False,False
CD4,CD4.c05.Tm.TNF,CD4_Tm.EffMem,full_core,2,GZMA,False,False,False,False
CD4,CD4.c05.Tm.TNF,CD4_Tm.EffMem,full_core,3,CD69,False,False,False,False
CD4,CD4.c05.Tm.TNF,CD4_Tm.EffMem,full_core,4,CAPG,False,False,False,False
CD4,CD4.c05.Tm.TNF,CD4_Tm.EffMem,full_core,5,S100A4,False,False,False,False
CD4,CD4.c05.Tm.TNF,CD4_Tm.EffMem,full_core,6,CNN2,False,False,False,False
CD4,CD4.c05.Tm.TNF,CD4_Tm.EffMem,full_core,7,CCL4,False,False,False,False
CD4,CD4.c05.Tm.TNF,CD4_Tm.EffMem,full_core,8,LGALS1,False,False,False,False
CD4,CD4.c05.Tm.TNF,CD4_Tm.EffMem,full_core,9,HOPX,False,False,False,False
CD4,CD4.c05.Tm.TNF,CD4_Tm.EffMem,full_core,10,GZMH,False,False,False,False
CD4,CD4.c05.Tm.TNF,CD4_Tm.EffMem,full_core,11,ID2,False,False,False,False
CD4,CD4.c05.Tm.TNF,CD4_Tm.EffMem,full_core,12,CISH,False,False,False,False
CD4,CD4.c05.Tm.TNF,CD4_Tm.EffMem,full_core,13,IFNG,False,False,False,False
CD4,CD4.c05.Tm.TNF,CD4_Tm.EffMem,full_core,14,CXCR3,False,False,False,False
CD4,CD4.c05.Tm.TNF,CD4_Tm.EffMem,full_core,15,TNF,False,False,False,False
CD4,CD4.c05.Tm.TNF,CD4_Tm.EffMem,full_core,16,GZMK,False,False,False,False
CD4,CD4.c05.Tm.TNF,CD4_Tm.EffMem,full_core,17,SRSF1,False,False,False,False
CD4,CD4.c05.Tm.TNF,CD4_Tm.EffMem,full_core,18,KLRB1,False,False,False,False
CD4,CD4.c05.Tm.TNF,CD4_Tm.EffMem,full_core,19,XCL1,False,False,False,False
CD4,CD4.c05.Tm.TNF,CD4_Tm.EffMem,full_core,20,KLRG1,False,False,False,False
CD4,CD4.c05.Tm.TNF,CD4_Tm.EffMem,full_core,21,ANXA1,False,False,False,True
CD4,CD4.c05.Tm.TNF,CD4_Tm.EffMem,full_core,22,XCL2,False,False,False,False
CD4,CD4.c05.Tm.TNF,CD4_Tm.EffMem,full_core,23,TIMP1,False,False,False,False
CD4,CD4.c05.Tm.TNF,CD4_Tm.EffMem,full_core,24,S100A8,False,False,False,False
CD4,CD4.c05.Tm.TNF,CD4_Tm.EffMem,full_core,25,NKG7,False,False,False,False
CD4,CD4.c05.Tm.TNF,CD4_Tm.EffMem,full_core,26,AC092580.4,False,False,False,False
CD4,CD4.c05.Tm.TNF,CD4_Tm.EffMem,full_core,27,PRF1,False,False,False,False
CD4,CD4.c05.Tm.TNF,CD4_Tm.EffMem,full_core,28,CTSW,False,False,False,False
CD4,CD4.c05.Tm.TNF,CD4_Tm.EffMem,full_core,29,MS4A1,False,False,False,False
CD4,CD4.c05.Tm.TNF,CD4_Tm.EffMem,full_core,30,GPR25,False,False,False,False
CD4,CD4.c05.Tm.TNF,CD4_Tm.EffMem,full_core,31,CLU,False,False,False,False
CD4,CD4.c05.Tm.TNF,CD4_Tm.EffMem,full_core,32,BCL2A1,False,False,False,False
CD4,CD4.c05.Tm.TNF,CD4_Tm.EffMem,full_core,33,WDR77,False,False,False,False
CD4,CD4.c05.Tm.TNF,CD4_Tm.EffMem,full_core,34,EGR1,False,False,False,False
CD4,CD4.c05.Tm.TNF,CD4_Tm.EffMem,full_core,35,TESC,False,False,False,False
CD4,CD4.c05.Tm.TNF,CD4_Tm.EffMem,full_core,36,PLEK,False,False,False,False
CD4,CD4.c05.Tm.TNF,CD4_Tm.EffMem,full_core,37,NUCB2,False,False,False,False
CD4,CD4.c05.Tm.TNF,CD4_Tm.EffMem,full_core,38,IGFBP3,False,False,False,False
CD4,CD4.c05.Tm.TNF,CD4_Tm.EffMem,full_core,39,RP5-1028K7.2,False,False,False,False
CD4,CD4.c05.Tm.TNF,CD4_Tm.EffMem,full_core,40,LYZ,False,False,False,False
CD4,CD4.c05.Tm.TNF,CD4_Tm.EffMem,full_core,41,ZNF683,False,False,False,False
CD4,CD4.c05.Tm.TNF,CD4_Tm.EffMem,full_core,42,IL2,False,False,False,False
CD4,CD4.c05.Tm.TNF,CD4_Tm.EffMem,full_core,43,FASLG,False,False,False,False
CD4,CD4.c05.Tm.TNF,CD4_Tm.EffMem,full_core,44,GZMB,False,False,False,False
CD4,CD4.c05.Tm.TNF,CD4_Tm.EffMem,full_core,45,EOMES,False,False,False,False
CD4,CD4.c06.Tm.ANXA1,CD4_Tm.EffMem,standard,1,RPS12,True,True,False,False
CD4,CD4.c06.Tm.ANXA1,CD4_Tm.EffMem,standard,2,RPL10,True,True,False,False
CD4,CD4.c06.Tm.ANXA1,CD4_Tm.EffMem,standard,3,EEF1A1,True,True,False,False
CD4,CD4.c06.Tm.ANXA1,CD4_Tm.EffMem,standard,4,RPS27A,True,True,False,False
CD4,CD4.c06.Tm.ANXA1,CD4_Tm.EffMem,standard,5,RPL13,True,True,False,False
CD4,CD4.c06.Tm.ANXA1,CD4_Tm.EffMem,standard,6,RPS3,True,True,False,False
CD4,CD4.c06.Tm.ANXA1,CD4_Tm.EffMem,standard,7,RPL11,True,True,False,False
CD4,CD4.c06.Tm.ANXA1,CD4_Tm.EffMem,standard,8,RPL19,True,True,False,False
CD4,CD4.c06.Tm.ANXA1,CD4_Tm.EffMem,standard,9,TPT1,True,True,False,False
CD4,CD4.c06.Tm.ANXA1,CD4_Tm.EffMem,standard,10,RPL30,True,True,False,False
CD4,CD4.c06.Tm.ANXA1,CD4_Tm.EffMem,standard,11,RPS13,True,True,False,False
CD4,CD4.c06.Tm.ANXA1,CD4_Tm.EffMem,standard,12,RPL32,True,True,False,False
CD4,CD4.c06.Tm.ANXA1,CD4_Tm.EffMem,standard,13,RPL3,True,True,False,False
CD4,CD4.c06.Tm.ANXA1,CD4_Tm.EffMem,standard,14,PABPC1,False,False,False,False
CD4,CD4.c06.Tm.ANXA1,CD4_Tm.EffMem,standard,15,RPL14,True,True,False,False
CD4,CD4.c06.Tm.ANXA1,CD4_Tm.EffMem,standard,16,RPS3A,True,True,False,False
CD4,CD4.c06.Tm.ANXA1,CD4_Tm.EffMem,standard,17,RPS14,True,True,False,False
CD4,CD4.c06.Tm.ANXA1,CD4_Tm.EffMem,standard,18,RPS8,True,True,False,False
CD4,CD4.c06.Tm.ANXA1,CD4_Tm.EffMem,standard,19,RPL21,True,True,False,False
CD4,CD4.c06.Tm.ANXA1,CD4_Tm.EffMem,standard,20,RPS23,True,True,False,False
CD4,CD4.c06.Tm.ANXA1,CD4_Tm.EffMem,standard,21,IL7R,False,False,False,True
CD4,CD4.c06.Tm.ANXA1,CD4_Tm.EffMem,standard,22,RPS4X,True,True,False,False
CD4,CD4.c06.Tm.ANXA1,CD4_Tm.EffMem,standard,23,RPS6,True,True,False,False
CD4,CD4.c06.Tm.ANXA1,CD4_Tm.EffMem,standard,24,RPS18,True,True,False,False
CD4,CD4.c06.Tm.ANXA1,CD4_Tm.EffMem,standard,25,RPS5,True,True,False,False
CD4,CD4.c06.Tm.ANXA1,CD4_Tm.EffMem,standard,26,RPL5,True,True,False,False
CD4,CD4.c06.Tm.ANXA1,CD4_Tm.EffMem,standard,27,RPL18A,True,True,False,False
CD4,CD4.c06.Tm.ANXA1,CD4_Tm.EffMem,standard,28,RPS10,True,True,False,False
CD4,CD4.c06.Tm.ANXA1,CD4_Tm.EffMem,standard,29,RPL18,True,True,False,False
CD4,CD4.c06.Tm.ANXA1,CD4_Tm.EffMem,standard,30,RPLP1,True,True,False,False
CD4,CD4.c06.Tm.ANXA1,CD4_Tm.EffMem,standard,31,RPL9,True,True,False,False
CD4,CD4.c06.Tm.ANXA1,CD4_Tm.EffMem,standard,32,RPL8,True,True,False,False
CD4,CD4.c06.Tm.ANXA1,CD4_Tm.EffMem,standard,33,RPL29,True,True,False,False
CD4,CD4.c06.Tm.ANXA1,CD4_Tm.EffMem,standard,34,EEF1B2,True,True,False,False
CD4,CD4.c06.Tm.ANXA1,CD4_Tm.EffMem,standard,35,RPL34,True,True,False,False
CD4,CD4.c06.Tm.ANXA1,CD4_Tm.EffMem,standard,36,CCR7,False,False,False,False
CD4,CD4.c06.Tm.ANXA1,CD4_Tm.EffMem,standard,37,RPS25,True,True,False,False
CD4,CD4.c06.Tm.ANXA1,CD4_Tm.EffMem,standard,38,RPLP2,True,True,False,False
CD4,CD4.c06.Tm.ANXA1,CD4_Tm.EffMem,standard,39,RPL17,True,True,False,False
CD4,CD4.c06.Tm.ANXA1,CD4_Tm.EffMem,standard,40,CD55,False,False,False,False
CD4,CD4.c06.Tm.ANXA1,CD4_Tm.EffMem,standard,41,FTH1,False,True,True,False
CD4,CD4.c06.Tm.ANXA1,CD4_Tm.EffMem,standard,42,RPS2,True,True,False,False
CD4,CD4.c06.Tm.ANXA1,CD4_Tm.EffMem,standard,43,RPS9,True,True,False,False
CD4,CD4.c06.Tm.ANXA1,CD4_Tm.EffMem,standard,44,RPS15A,True,True,False,False
CD4,CD4.c06.Tm.ANXA1,CD4_Tm.EffMem,standard,45,RPL6,True,True,False,False
CD4,CD4.c06.Tm.ANXA1,CD4_Tm.EffMem,standard,46,KLF2,False,False,False,False
CD4,CD4.c06.Tm.ANXA1,CD4_Tm.EffMem,standard,47,RPL22,True,True,False,False
CD4,CD4.c06.Tm.ANXA1,CD4_Tm.EffMem,standard,48,RPS7,True,True,False,False
CD4,CD4.c06.Tm.ANXA1,CD4_Tm.EffMem,standard,49,RPL10A,True,True,False,False
CD4,CD4.c06.Tm.ANXA1,CD4_Tm.EffMem,standard,50,RPL12,True,True,False,False
CD4,CD4.c06.Tm.ANXA1,CD4_Tm.EffMem,filter_only,1,PABPC1,False,False,False,False
CD4,CD4.c06.Tm.ANXA1,CD4_Tm.EffMem,filter_only,2,IL7R,False,False,False,True
CD4,CD4.c06.Tm.ANXA1,CD4_Tm.EffMem,filter_only,3,EEF1B2,True,True,False,False
CD4,CD4.c06.Tm.ANXA1,CD4_Tm.EffMem,filter_only,4,CCR7,False,False,False,False
CD4,CD4.c06.Tm.ANXA1,CD4_Tm.EffMem,filter_only,5,CD55,False,False,False,False
CD4,CD4.c06.Tm.ANXA1,CD4_Tm.EffMem,filter_only,6,KLF2,False,False,False,False
CD4,CD4.c06.Tm.ANXA1,CD4_Tm.EffMem,filter_only,7,ANXA1,False,False,False,True
CD4,CD4.c06.Tm.ANXA1,CD4_Tm.EffMem,filter_only,8,EEF1G,True,True,False,False
CD4,CD4.c06.Tm.ANXA1,CD4_Tm.EffMem,filter_only,9,ZFP36L2,False,False,False,False
CD4,CD4.c06.Tm.ANXA1,CD4_Tm.EffMem,filter_only,10,ZFP36,False,False,False,False
CD4,CD4.c06.Tm.ANXA1,CD4_Tm.EffMem,filter_only,11,LMNA,False,False,False,False
CD4,CD4.c06.Tm.ANXA1,CD4_Tm.EffMem,filter_only,12,EEF2,True,True,False,False
CD4,CD4.c06.Tm.ANXA1,CD4_Tm.EffMem,filter_only,13,RPL4,True,True,False,False
CD4,CD4.c06.Tm.ANXA1,CD4_Tm.EffMem,filter_only,14,RGCC,False,False,False,False
CD4,CD4.c06.Tm.ANXA1,CD4_Tm.EffMem,filter_only,15,RPS21,True,True,False,False
CD4,CD4.c06.Tm.ANXA1,CD4_Tm.EffMem,filter_only,16,EZR,False,False,False,False
CD4,CD4.c06.Tm.ANXA1,CD4_Tm.EffMem,filter_only,17,JUNB,True,True,False,False
CD4,CD4.c06.Tm.ANXA1,CD4_Tm.EffMem,filter_only,18,SLC2A3,False,False,False,False
CD4,CD4.c06.Tm.ANXA1,CD4_Tm.EffMem,filter_only,19,GPR183,False,False,False,False
CD4,CD4.c06.Tm.ANXA1,CD4_Tm.EffMem,filter_only,20,ABLIM1,False,False,False,False
CD4,CD4.c06.Tm.ANXA1,CD4_Tm.EffMem,filter_only,21,PER1,False,False,False,False
CD4,CD4.c06.Tm.ANXA1,CD4_Tm.EffMem,filter_only,22,RPS20,True,True,False,False
CD4,CD4.c06.Tm.ANXA1,CD4_Tm.EffMem,filter_only,23,RPL38,True,True,False,False
CD4,CD4.c06.Tm.ANXA1,CD4_Tm.EffMem,filter_only,24,SC5D,False,False,False,False
CD4,CD4.c06.Tm.ANXA1,CD4_Tm.EffMem,filter_only,25,RPL37,True,True,False,False
CD4,CD4.c06.Tm.ANXA1,CD4_Tm.EffMem,filter_only,26,PFDN5,False,False,False,False
CD4,CD4.c06.Tm.ANXA1,CD4_Tm.EffMem,filter_only,27,RPL27,True,True,False,False
CD4,CD4.c06.Tm.ANXA1,CD4_Tm.EffMem,filter_only,28,CXCR4,False,False,False,False
CD4,CD4.c06.Tm.ANXA1,CD4_Tm.EffMem,filter_only,29,CDKN1A,False,False,False,False
CD4,CD4.c06.Tm.ANXA1,CD4_Tm.EffMem,filter_only,30,YPEL5,False,False,False,False
CD4,CD4.c06.Tm.ANXA1,CD4_Tm.EffMem,filter_only,31,GLTSCR2,False,False,False,False
CD4,CD4.c06.Tm.ANXA1,CD4_Tm.EffMem,filter_only,32,LEPROTL1,False,False,False,False
CD4,CD4.c06.Tm.ANXA1,CD4_Tm.EffMem,filter_only,33,CREM,False,False,False,False
CD4,CD4.c06.Tm.ANXA1,CD4_Tm.EffMem,filter_only,34,RPL36A,True,True,False,False
CD4,CD4.c06.Tm.ANXA1,CD4_Tm.EffMem,filter_only,35,AIM1,False,False,False,False
CD4,CD4.c06.Tm.ANXA1,CD4_Tm.EffMem,filter_only,36,KLF3,False,False,False,False
CD4,CD4.c06.Tm.ANXA1,CD4_Tm.EffMem,filter_only,37,PDCD4,False,False,False,False
CD4,CD4.c06.Tm.ANXA1,CD4_Tm.EffMem,filter_only,38,MGAT4A,False,False,False,False
CD4,CD4.c06.Tm.ANXA1,CD4_Tm.EffMem,filter_only,39,LTB,False,False,False,True
CD4,CD4.c06.Tm.ANXA1,CD4_Tm.EffMem,filter_only,40,RPL35,True,True,False,False
CD4,CD4.c06.Tm.ANXA1,CD4_Tm.EffMem,filter_only,41,CSRNP1,False,False,False,False
CD4,CD4.c06.Tm.ANXA1,CD4_Tm.EffMem,filter_only,42,PDE4B,False,False,False,False
CD4,CD4.c06.Tm.ANXA1,CD4_Tm.EffMem,filter_only,43,RPL27A,True,True,False,False
CD4,CD4.c06.Tm.ANXA1,CD4_Tm.EffMem,filter_only,44,FAM177A1,False,False,False,False
CD4,CD4.c06.Tm.ANXA1,CD4_Tm.EffMem,filter_only,45,MYADM,False,False,False,False
CD4,CD4.c06.Tm.ANXA1,CD4_Tm.EffMem,filter_only,46,LDHB,False,False,False,False
CD4,CD4.c06.Tm.ANXA1,CD4_Tm.EffMem,filter_only,47,RPL23,True,True,False,False
CD4,CD4.c06.Tm.ANXA1,CD4_Tm.EffMem,filter_only,48,RPS29,True,True,False,False
CD4,CD4.c06.Tm.ANXA1,CD4_Tm.EffMem,filter_only,49,EIF3E,True,True,False,False
CD4,CD4.c06.Tm.ANXA1,CD4_Tm.EffMem,filter_only,50,FOS,True,True,False,False
CD4,CD4.c06.Tm.ANXA1,CD4_Tm.EffMem,regex_mask,1,PABPC1,False,False,False,False
CD4,CD4.c06.Tm.ANXA1,CD4_Tm.EffMem,regex_mask,2,IL7R,False,False,False,True
CD4,CD4.c06.Tm.ANXA1,CD4_Tm.EffMem,regex_mask,3,CCR7,False,False,False,False
CD4,CD4.c06.Tm.ANXA1,CD4_Tm.EffMem,regex_mask,4,CD55,False,False,False,False
CD4,CD4.c06.Tm.ANXA1,CD4_Tm.EffMem,regex_mask,5,KLF2,False,False,False,False
CD4,CD4.c06.Tm.ANXA1,CD4_Tm.EffMem,regex_mask,6,ANXA1,False,False,False,True
CD4,CD4.c06.Tm.ANXA1,CD4_Tm.EffMem,regex_mask,7,ZFP36L2,False,False,False,False
CD4,CD4.c06.Tm.ANXA1,CD4_Tm.EffMem,regex_mask,8,ZFP36,False,False,False,False
CD4,CD4.c06.Tm.ANXA1,CD4_Tm.EffMem,regex_mask,9,LMNA,False,False,False,False
CD4,CD4.c06.Tm.ANXA1,CD4_Tm.EffMem,regex_mask,10,RGCC,False,False,False,False
CD4,CD4.c06.Tm.ANXA1,CD4_Tm.EffMem,regex_mask,11,EZR,False,False,False,False
CD4,CD4.c06.Tm.ANXA1,CD4_Tm.EffMem,regex_mask,12,SLC2A3,False,False,False,False
CD4,CD4.c06.Tm.ANXA1,CD4_Tm.EffMem,regex_mask,13,GPR183,False,False,False,False
CD4,CD4.c06.Tm.ANXA1,CD4_Tm.EffMem,regex_mask,14,ABLIM1,False,False,False,False
CD4,CD4.c06.Tm.ANXA1,CD4_Tm.EffMem,regex_mask,15,PER1,False,False,False,False
CD4,CD4.c06.Tm.ANXA1,CD4_Tm.EffMem,regex_mask,16,SC5D,False,False,False,False
CD4,CD4.c06.Tm.ANXA1,CD4_Tm.EffMem,regex_mask,17,PFDN5,False,False,False,False
CD4,CD4.c06.Tm.ANXA1,CD4_Tm.EffMem,regex_mask,18,CXCR4,False,False,False,False
CD4,CD4.c06.Tm.ANXA1,CD4_Tm.EffMem,regex_mask,19,CDKN1A,False,False,False,False
CD4,CD4.c06.Tm.ANXA1,CD4_Tm.EffMem,regex_mask,20,YPEL5,False,False,False,False
CD4,CD4.c06.Tm.ANXA1,CD4_Tm.EffMem,regex_mask,21,GLTSCR2,False,False,False,False
CD4,CD4.c06.Tm.ANXA1,CD4_Tm.EffMem,regex_mask,22,LEPROTL1,False,False,False,False
CD4,CD4.c06.Tm.ANXA1,CD4_Tm.EffMem,regex_mask,23,CREM,False,False,False,False
CD4,CD4.c06.Tm.ANXA1,CD4_Tm.EffMem,regex_mask,24,AIM1,False,False,False,False
CD4,CD4.c06.Tm.ANXA1,CD4_Tm.EffMem,regex_mask,25,KLF3,False,False,False,False
CD4,CD4.c06.Tm.ANXA1,CD4_Tm.EffMem,regex_mask,26,PDCD4,False,False,False,False
CD4,CD4.c06.Tm.ANXA1,CD4_Tm.EffMem,regex_mask,27,MGAT4A,False,False,False,False
CD4,CD4.c06.Tm.ANXA1,CD4_Tm.EffMem,regex_mask,28,LTB,False,False,False,True
CD4,CD4.c06.Tm.ANXA1,CD4_Tm.EffMem,regex_mask,29,CSRNP1,False,False,False,False
CD4,CD4.c06.Tm.ANXA1,CD4_Tm.EffMem,regex_mask,30,PDE4B,False,False,False,False
CD4,CD4.c06.Tm.ANXA1,CD4_Tm.EffMem,regex_mask,31,FAM177A1,False,False,False,False
CD4,CD4.c06.Tm.ANXA1,CD4_Tm.EffMem,regex_mask,32,MYADM,False,False,False,False
CD4,CD4.c06.Tm.ANXA1,CD4_Tm.EffMem,regex_mask,33,LDHB,False,False,False,False
CD4,CD4.c06.Tm.ANXA1,CD4_Tm.EffMem,regex_mask,34,ZNF331,False,False,False,False
CD4,CD4.c06.Tm.ANXA1,CD4_Tm.EffMem,regex_mask,35,AREG,False,False,False,False
CD4,CD4.c06.Tm.ANXA1,CD4_Tm.EffMem,regex_mask,36,SKIL,False,False,False,False
CD4,CD4.c06.Tm.ANXA1,CD4_Tm.EffMem,regex_mask,37,ICAM2,False,False,False,False
CD4,CD4.c06.Tm.ANXA1,CD4_Tm.EffMem,regex_mask,38,MCL1,False,False,False,False
CD4,CD4.c06.Tm.ANXA1,CD4_Tm.EffMem,regex_mask,39,SERP1,False,False,False,False
CD4,CD4.c06.Tm.ANXA1,CD4_Tm.EffMem,regex_mask,40,LITAF,False,False,False,False
CD4,CD4.c06.Tm.ANXA1,CD4_Tm.EffMem,regex_mask,41,S1PR1,False,False,False,False
CD4,CD4.c06.Tm.ANXA1,CD4_Tm.EffMem,regex_mask,42,SOD2,False,False,False,False
CD4,CD4.c06.Tm.ANXA1,CD4_Tm.EffMem,regex_mask,43,TC2N,False,False,False,False
CD4,CD4.c06.Tm.ANXA1,CD4_Tm.EffMem,regex_mask,44,TOB1,False,False,False,False
CD4,CD4.c06.Tm.ANXA1,CD4_Tm.EffMem,regex_mask,45,NR4A2,False,False,False,False
CD4,CD4.c06.Tm.ANXA1,CD4_Tm.EffMem,regex_mask,46,RNF125,False,False,False,False
CD4,CD4.c06.Tm.ANXA1,CD4_Tm.EffMem,regex_mask,47,TOMM7,False,False,False,False
CD4,CD4.c06.Tm.ANXA1,CD4_Tm.EffMem,regex_mask,48,PNRC1,False,False,False,False
CD4,CD4.c06.Tm.ANXA1,CD4_Tm.EffMem,regex_mask,49,CCR6,False,False,False,False
CD4,CD4.c06.Tm.ANXA1,CD4_Tm.EffMem,regex_mask,50,P2RY8,False,False,False,False
CD4,CD4.c06.Tm.ANXA1,CD4_Tm.EffMem,full_core,1,CCR7,False,False,False,False
CD4,CD4.c06.Tm.ANXA1,CD4_Tm.EffMem,full_core,2,CD55,False,False,False,False
CD4,CD4.c06.Tm.ANXA1,CD4_Tm.EffMem,full_core,3,KLF2,False,False,False,False
CD4,CD4.c06.Tm.ANXA1,CD4_Tm.EffMem,full_core,4,ANXA1,False,False,False,True
CD4,CD4.c06.Tm.ANXA1,CD4_Tm.EffMem,full_core,5,LMNA,False,False,False,False
CD4,CD4.c06.Tm.ANXA1,CD4_Tm.EffMem,full_core,6,CDKN1A,False,False,False,False
CD4,CD4.c06.Tm.ANXA1,CD4_Tm.EffMem,full_core,7,KLF3,False,False,False,False
CD4,CD4.c06.Tm.ANXA1,CD4_Tm.EffMem,full_core,8,LTB,False,False,False,True
CD4,CD4.c06.Tm.ANXA1,CD4_Tm.EffMem,full_core,9,LDHB,False,False,False,False
CD4,CD4.c06.Tm.ANXA1,CD4_Tm.EffMem,full_core,10,ZNF331,False,False,False,False
CD4,CD4.c06.Tm.ANXA1,CD4_Tm.EffMem,full_core,11,AREG,False,False,False,False
CD4,CD4.c06.Tm.ANXA1,CD4_Tm.EffMem,full_core,12,S1PR1,False,False,False,False
CD4,CD4.c06.Tm.ANXA1,CD4_Tm.EffMem,full_core,13,SOD2,False,False,False,False
CD4,CD4.c06.Tm.ANXA1,CD4_Tm.EffMem,full_core,14,NR4A2,False,False,False,False
CD4,CD4.c06.Tm.ANXA1,CD4_Tm.EffMem,full_core,15,CCR6,False,False,False,False
CD4,CD4.c06.Tm.ANXA1,CD4_Tm.EffMem,full_core,16,VIM,False,False,False,False
CD4,CD4.c06.Tm.ANXA1,CD4_Tm.EffMem,full_core,17,TCF7,False,False,False,False
CD4,CD4.c06.Tm.ANXA1,CD4_Tm.EffMem,full_core,18,MARCKSL1,False,False,False,False
CD4,CD4.c06.Tm.ANXA1,CD4_Tm.EffMem,full_core,19,NPM1,False,False,False,False
CD4,CD4.c06.Tm.ANXA1,CD4_Tm.EffMem,full_core,20,CITED2,False,False,False,False
CD4,CD4.c06.Tm.ANXA1,CD4_Tm.EffMem,full_core,21,DDX21,False,False,False,False
CD4,CD4.c06.Tm.ANXA1,CD4_Tm.EffMem,full_core,22,SATB1,False,False,False,False
CD4,CD4.c06.Tm.ANXA1,CD4_Tm.EffMem,full_core,23,PTGER2,False,False,False,False
CD4,CD4.c06.Tm.ANXA1,CD4_Tm.EffMem,full_core,24,PLAC8,False,False,False,False
CD4,CD4.c06.Tm.ANXA1,CD4_Tm.EffMem,full_core,25,RASGRP2,False,False,False,False
CD4,CD4.c06.Tm.ANXA1,CD4_Tm.EffMem,full_core,26,MYC,False,False,False,False
CD4,CD4.c06.Tm.ANXA1,CD4_Tm.EffMem,full_core,27,AQP3,False,False,False,True
CD4,CD4.c06.Tm.ANXA1,CD4_Tm.EffMem,full_core,28,PLAUR,False,False,False,False
CD4,CD4.c06.Tm.ANXA1,CD4_Tm.EffMem,full_core,29,ODC1,False,False,False,False
CD4,CD4.c06.Tm.ANXA1,CD4_Tm.EffMem,full_core,30,DUSP1,False,False,False,False
CD4,CD4.c06.Tm.ANXA1,CD4_Tm.EffMem,full_core,31,DUSP5,False,False,False,False
CD4,CD4.c06.Tm.ANXA1,CD4_Tm.EffMem,full_core,32,MAL,False,False,False,True
CD4,CD4.c06.Tm.ANXA1,CD4_Tm.EffMem,full_core,33,CD69,False,False,False,False
CD4,CD4.c06.Tm.ANXA1,CD4_Tm.EffMem,full_core,34,HNRNPA1,False,False,False,False
CD4,CD4.c06.Tm.ANXA1,CD4_Tm.EffMem,full_core,35,TAF4B,False,False,False,False
CD4,CD4.c06.Tm.ANXA1,CD4_Tm.EffMem,full_core,36,GLUL,False,False,False,False
CD4,CD4.c06.Tm.ANXA1,CD4_Tm.EffMem,full_core,37,INSIG1,False,False,False,False
CD4,CD4.c06.Tm.ANXA1,CD4_Tm.EffMem,full_core,38,ANKRD37,False,False,False,False
CD4,CD4.c06.Tm.ANXA1,CD4_Tm.EffMem,full_core,39,GRASP,False,False,False,False
CD4,CD4.c06.Tm.ANXA1,CD4_Tm.EffMem,full_core,40,FXYD7,False,False,False,False
CD4,CD4.c06.Tm.ANXA1,CD4_Tm.EffMem,full_core,41,NLRP3,False,False,False,False
CD4,CD4.c06.Tm.ANXA1,CD4_Tm.EffMem,full_core,42,FAAH2,False,False,False,False
CD4,CD4.c06.Tm.ANXA1,CD4_Tm.EffMem,full_core,43,NR4A3,False,False,False,False
CD4,CD4.c06.Tm.ANXA1,CD4_Tm.EffMem,full_core,44,CRIP2,False,False,False,False
CD4,CD4.c06.Tm.ANXA1,CD4_Tm.EffMem,full_core,45,KLRB1,False,False,False,False
CD4,CD4.c06.Tm.ANXA1,CD4_Tm.EffMem,full_core,46,GADD45B,False,False,False,False
CD4,CD4.c06.Tm.ANXA1,CD4_Tm.EffMem,full_core,47,KLF5,False,False,False,False
CD4,CD4.c06.Tm.ANXA1,CD4_Tm.EffMem,full_core,48,LYPD3,False,False,False,False
CD4,CD4.c06.Tm.ANXA1,CD4_Tm.EffMem,full_core,49,CTSL,False,False,False,False
CD4,CD4.c06.Tm.ANXA1,CD4_Tm.EffMem,full_core,50,MID1IP1,False,False,False,False
CD4,CD4.c07.Tm.ANXA2,CD4_Tm.EffMem,standard,1,S100A11,False,False,False,False
CD4,CD4.c07.Tm.ANXA2,CD4_Tm.EffMem,standard,2,S100A4,False,False,False,False
CD4,CD4.c07.Tm.ANXA2,CD4_Tm.EffMem,standard,3,PFN1,False,True,True,False
CD4,CD4.c07.Tm.ANXA2,CD4_Tm.EffMem,standard,4,SH3BGRL3,False,True,True,False
CD4,CD4.c07.Tm.ANXA2,CD4_Tm.EffMem,standard,5,EMP3,False,False,False,False
CD4,CD4.c07.Tm.ANXA2,CD4_Tm.EffMem,standard,6,S100A10,False,False,False,False
CD4,CD4.c07.Tm.ANXA2,CD4_Tm.EffMem,standard,7,S100A6,False,False,False,False
CD4,CD4.c07.Tm.ANXA2,CD4_Tm.EffMem,standard,8,LGALS1,False,False,False,False
CD4,CD4.c07.Tm.ANXA2,CD4_Tm.EffMem,standard,9,ACTB,False,True,True,False
CD4,CD4.c07.Tm.ANXA2,CD4_Tm.EffMem,standard,10,COTL1,False,False,False,False
CD4,CD4.c07.Tm.ANXA2,CD4_Tm.EffMem,standard,11,TMSB4X,False,True,True,False
CD4,CD4.c07.Tm.ANXA2,CD4_Tm.EffMem,standard,12,MYL6,False,True,True,False
CD4,CD4.c07.Tm.ANXA2,CD4_Tm.EffMem,standard,13,TMSB10,False,True,True,False
CD4,CD4.c07.Tm.ANXA2,CD4_Tm.EffMem,standard,14,VIM,False,False,False,False
CD4,CD4.c07.Tm.ANXA2,CD4_Tm.EffMem,standard,15,ACTG1,False,False,False,False
CD4,CD4.c07.Tm.ANXA2,CD4_Tm.EffMem,standard,16,KLF2,False,False,False,False
CD4,CD4.c07.Tm.ANXA2,CD4_Tm.EffMem,standard,17,ANXA2,False,False,False,False
CD4,CD4.c07.Tm.ANXA2,CD4_Tm.EffMem,standard,18,CFL1,False,True,True,False
CD4,CD4.c07.Tm.ANXA2,CD4_Tm.EffMem,standard,19,TIMP1,False,False,False,False
CD4,CD4.c07.Tm.ANXA2,CD4_Tm.EffMem,standard,20,FLT3LG,False,False,False,False
CD4,CD4.c07.Tm.ANXA2,CD4_Tm.EffMem,standard,21,CD52,False,False,False,False
CD4,CD4.c07.Tm.ANXA2,CD4_Tm.EffMem,standard,22,MYL12A,False,False,False,False
CD4,CD4.c07.Tm.ANXA2,CD4_Tm.EffMem,standard,23,ARPC3,False,False,False,False
CD4,CD4.c07.Tm.ANXA2,CD4_Tm.EffMem,standard,24,CAPZB,False,False,False,False
CD4,CD4.c07.Tm.ANXA2,CD4_Tm.EffMem,standard,25,CAPG,False,False,False,False
CD4,CD4.c07.Tm.ANXA2,CD4_Tm.EffMem,standard,26,ARHGDIB,False,True,True,False
CD4,CD4.c07.Tm.ANXA2,CD4_Tm.EffMem,standard,27,IFITM2,False,False,False,False
CD4,CD4.c07.Tm.ANXA2,CD4_Tm.EffMem,standard,28,MYL12B,False,False,False,False
CD4,CD4.c07.Tm.ANXA2,CD4_Tm.EffMem,standard,29,CD99,False,False,False,False
CD4,CD4.c07.Tm.ANXA2,CD4_Tm.EffMem,standard,30,PPIA,False,True,True,False
CD4,CD4.c07.Tm.ANXA2,CD4_Tm.EffMem,standard,31,CRIP1,False,False,False,False
CD4,CD4.c07.Tm.ANXA2,CD4_Tm.EffMem,standard,32,LDHB,False,False,False,False
CD4,CD4.c07.Tm.ANXA2,CD4_Tm.EffMem,standard,33,CORO1A,False,False,False,False
CD4,CD4.c07.Tm.ANXA2,CD4_Tm.EffMem,standard,34,CNN2,False,False,False,False
CD4,CD4.c07.Tm.ANXA2,CD4_Tm.EffMem,standard,35,ANXA1,False,False,False,True
CD4,CD4.c07.Tm.ANXA2,CD4_Tm.EffMem,standard,36,GAPDH,False,True,True,False
CD4,CD4.c07.Tm.ANXA2,CD4_Tm.EffMem,standard,37,NME2,False,False,False,False
CD4,CD4.c07.Tm.ANXA2,CD4_Tm.EffMem,standard,38,PLP2,False,False,False,False
CD4,CD4.c07.Tm.ANXA2,CD4_Tm.EffMem,standard,39,AES,False,False,False,False
CD4,CD4.c07.Tm.ANXA2,CD4_Tm.EffMem,standard,40,SLC25A5,False,False,False,False
CD4,CD4.c07.Tm.ANXA2,CD4_Tm.EffMem,standard,41,ARPC2,False,False,False,False
CD4,CD4.c07.Tm.ANXA2,CD4_Tm.EffMem,standard,42,IFITM1,False,False,False,False
CD4,CD4.c07.Tm.ANXA2,CD4_Tm.EffMem,standard,43,PSME1,False,False,False,False
CD4,CD4.c07.Tm.ANXA2,CD4_Tm.EffMem,standard,44,ARPC1B,False,False,False,False
CD4,CD4.c07.Tm.ANXA2,CD4_Tm.EffMem,standard,45,FLNA,False,False,False,False
CD4,CD4.c07.Tm.ANXA2,CD4_Tm.EffMem,standard,46,FXYD5,False,False,False,False
CD4,CD4.c07.Tm.ANXA2,CD4_Tm.EffMem,standard,47,TXN,False,False,False,False
CD4,CD4.c07.Tm.ANXA2,CD4_Tm.EffMem,standard,48,CTSH,False,False,False,False
CD4,CD4.c07.Tm.ANXA2,CD4_Tm.EffMem,standard,49,ITGB7,False,False,False,False
CD4,CD4.c07.Tm.ANXA2,CD4_Tm.EffMem,standard,50,ANXA5,False,False,False,False
CD4,CD4.c07.Tm.ANXA2,CD4_Tm.EffMem,filter_only,1,S100A11,False,False,False,False
CD4,CD4.c07.Tm.ANXA2,CD4_Tm.EffMem,filter_only,2,S100A4,False,False,False,False
CD4,CD4.c07.Tm.ANXA2,CD4_Tm.EffMem,filter_only,3,EMP3,False,False,False,False
CD4,CD4.c07.Tm.ANXA2,CD4_Tm.EffMem,filter_only,4,S100A10,False,False,False,False
CD4,CD4.c07.Tm.ANXA2,CD4_Tm.EffMem,filter_only,5,S100A6,False,False,False,False
CD4,CD4.c07.Tm.ANXA2,CD4_Tm.EffMem,filter_only,6,LGALS1,False,False,False,False
CD4,CD4.c07.Tm.ANXA2,CD4_Tm.EffMem,filter_only,7,COTL1,False,False,False,False
CD4,CD4.c07.Tm.ANXA2,CD4_Tm.EffMem,filter_only,8,MYL6,False,True,True,False
CD4,CD4.c07.Tm.ANXA2,CD4_Tm.EffMem,filter_only,9,VIM,False,False,False,False
CD4,CD4.c07.Tm.ANXA2,CD4_Tm.EffMem,filter_only,10,KLF2,False,False,False,False
CD4,CD4.c07.Tm.ANXA2,CD4_Tm.EffMem,filter_only,11,ANXA2,False,False,False,False
CD4,CD4.c07.Tm.ANXA2,CD4_Tm.EffMem,filter_only,12,CFL1,False,True,True,False
CD4,CD4.c07.Tm.ANXA2,CD4_Tm.EffMem,filter_only,13,TIMP1,False,False,False,False
CD4,CD4.c07.Tm.ANXA2,CD4_Tm.EffMem,filter_only,14,FLT3LG,False,False,False,False
CD4,CD4.c07.Tm.ANXA2,CD4_Tm.EffMem,filter_only,15,CD52,False,False,False,False
CD4,CD4.c07.Tm.ANXA2,CD4_Tm.EffMem,filter_only,16,MYL12A,False,False,False,False
CD4,CD4.c07.Tm.ANXA2,CD4_Tm.EffMem,filter_only,17,ARPC3,False,False,False,False
CD4,CD4.c07.Tm.ANXA2,CD4_Tm.EffMem,filter_only,18,CAPZB,False,False,False,False
CD4,CD4.c07.Tm.ANXA2,CD4_Tm.EffMem,filter_only,19,CAPG,False,False,False,False
CD4,CD4.c07.Tm.ANXA2,CD4_Tm.EffMem,filter_only,20,IFITM2,False,False,False,False
CD4,CD4.c07.Tm.ANXA2,CD4_Tm.EffMem,filter_only,21,MYL12B,False,False,False,False
CD4,CD4.c07.Tm.ANXA2,CD4_Tm.EffMem,filter_only,22,CD99,False,False,False,False
CD4,CD4.c07.Tm.ANXA2,CD4_Tm.EffMem,filter_only,23,CRIP1,False,False,False,False
CD4,CD4.c07.Tm.ANXA2,CD4_Tm.EffMem,filter_only,24,LDHB,False,False,False,False
CD4,CD4.c07.Tm.ANXA2,CD4_Tm.EffMem,filter_only,25,CORO1A,False,False,False,False
CD4,CD4.c07.Tm.ANXA2,CD4_Tm.EffMem,filter_only,26,CNN2,False,False,False,False
CD4,CD4.c07.Tm.ANXA2,CD4_Tm.EffMem,filter_only,27,ANXA1,False,False,False,True
CD4,CD4.c07.Tm.ANXA2,CD4_Tm.EffMem,filter_only,28,NME2,False,False,False,False
CD4,CD4.c07.Tm.ANXA2,CD4_Tm.EffMem,filter_only,29,PLP2,False,False,False,False
CD4,CD4.c07.Tm.ANXA2,CD4_Tm.EffMem,filter_only,30,AES,False,False,False,False
CD4,CD4.c07.Tm.ANXA2,CD4_Tm.EffMem,filter_only,31,SLC25A5,False,False,False,False
CD4,CD4.c07.Tm.ANXA2,CD4_Tm.EffMem,filter_only,32,ARPC2,False,False,False,False
CD4,CD4.c07.Tm.ANXA2,CD4_Tm.EffMem,filter_only,33,IFITM1,False,False,False,False
CD4,CD4.c07.Tm.ANXA2,CD4_Tm.EffMem,filter_only,34,PSME1,False,False,False,False
CD4,CD4.c07.Tm.ANXA2,CD4_Tm.EffMem,filter_only,35,ARPC1B,False,False,False,False
CD4,CD4.c07.Tm.ANXA2,CD4_Tm.EffMem,filter_only,36,FLNA,False,False,False,False
CD4,CD4.c07.Tm.ANXA2,CD4_Tm.EffMem,filter_only,37,FXYD5,False,False,False,False
CD4,CD4.c07.Tm.ANXA2,CD4_Tm.EffMem,filter_only,38,TXN,False,False,False,False
CD4,CD4.c07.Tm.ANXA2,CD4_Tm.EffMem,filter_only,39,CTSH,False,False,False,False
CD4,CD4.c07.Tm.ANXA2,CD4_Tm.EffMem,filter_only,40,ITGB7,False,False,False,False
CD4,CD4.c07.Tm.ANXA2,CD4_Tm.EffMem,filter_only,41,ANXA5,False,False,False,False
CD4,CD4.c07.Tm.ANXA2,CD4_Tm.EffMem,filter_only,42,C12orf75,False,False,False,False
CD4,CD4.c07.Tm.ANXA2,CD4_Tm.EffMem,filter_only,43,PSME2,False,False,False,False
CD4,CD4.c07.Tm.ANXA2,CD4_Tm.EffMem,filter_only,44,ARPC5,False,False,False,False
CD4,CD4.c07.Tm.ANXA2,CD4_Tm.EffMem,filter_only,45,ALOX5AP,False,False,False,False
CD4,CD4.c07.Tm.ANXA2,CD4_Tm.EffMem,filter_only,46,CLIC1,False,False,False,False
CD4,CD4.c07.Tm.ANXA2,CD4_Tm.EffMem,filter_only,47,LIME1,False,False,False,False
CD4,CD4.c07.Tm.ANXA2,CD4_Tm.EffMem,filter_only,48,MZT2A,False,False,False,False
CD4,CD4.c07.Tm.ANXA2,CD4_Tm.EffMem,filter_only,49,PPIB,False,False,False,False
CD4,CD4.c07.Tm.ANXA2,CD4_Tm.EffMem,filter_only,50,LSP1,False,False,False,False
CD4,CD4.c07.Tm.ANXA2,CD4_Tm.EffMem,regex_mask,1,S100A11,False,False,False,False
CD4,CD4.c07.Tm.ANXA2,CD4_Tm.EffMem,regex_mask,2,S100A4,False,False,False,False
CD4,CD4.c07.Tm.ANXA2,CD4_Tm.EffMem,regex_mask,3,EMP3,False,False,False,False
CD4,CD4.c07.Tm.ANXA2,CD4_Tm.EffMem,regex_mask,4,S100A10,False,False,False,False
CD4,CD4.c07.Tm.ANXA2,CD4_Tm.EffMem,regex_mask,5,S100A6,False,False,False,False
CD4,CD4.c07.Tm.ANXA2,CD4_Tm.EffMem,regex_mask,6,LGALS1,False,False,False,False
CD4,CD4.c07.Tm.ANXA2,CD4_Tm.EffMem,regex_mask,7,COTL1,False,False,False,False
CD4,CD4.c07.Tm.ANXA2,CD4_Tm.EffMem,regex_mask,8,MYL6,False,True,True,False
CD4,CD4.c07.Tm.ANXA2,CD4_Tm.EffMem,regex_mask,9,VIM,False,False,False,False
CD4,CD4.c07.Tm.ANXA2,CD4_Tm.EffMem,regex_mask,10,KLF2,False,False,False,False
CD4,CD4.c07.Tm.ANXA2,CD4_Tm.EffMem,regex_mask,11,ANXA2,False,False,False,False
CD4,CD4.c07.Tm.ANXA2,CD4_Tm.EffMem,regex_mask,12,CFL1,False,True,True,False
CD4,CD4.c07.Tm.ANXA2,CD4_Tm.EffMem,regex_mask,13,TIMP1,False,False,False,False
CD4,CD4.c07.Tm.ANXA2,CD4_Tm.EffMem,regex_mask,14,FLT3LG,False,False,False,False
CD4,CD4.c07.Tm.ANXA2,CD4_Tm.EffMem,regex_mask,15,CD52,False,False,False,False
CD4,CD4.c07.Tm.ANXA2,CD4_Tm.EffMem,regex_mask,16,MYL12A,False,False,False,False
CD4,CD4.c07.Tm.ANXA2,CD4_Tm.EffMem,regex_mask,17,ARPC3,False,False,False,False
CD4,CD4.c07.Tm.ANXA2,CD4_Tm.EffMem,regex_mask,18,CAPZB,False,False,False,False
CD4,CD4.c07.Tm.ANXA2,CD4_Tm.EffMem,regex_mask,19,CAPG,False,False,False,False
CD4,CD4.c07.Tm.ANXA2,CD4_Tm.EffMem,regex_mask,20,IFITM2,False,False,False,False
CD4,CD4.c07.Tm.ANXA2,CD4_Tm.EffMem,regex_mask,21,MYL12B,False,False,False,False
CD4,CD4.c07.Tm.ANXA2,CD4_Tm.EffMem,regex_mask,22,CD99,False,False,False,False
CD4,CD4.c07.Tm.ANXA2,CD4_Tm.EffMem,regex_mask,23,CRIP1,False,False,False,False
CD4,CD4.c07.Tm.ANXA2,CD4_Tm.EffMem,regex_mask,24,LDHB,False,False,False,False
CD4,CD4.c07.Tm.ANXA2,CD4_Tm.EffMem,regex_mask,25,CORO1A,False,False,False,False
CD4,CD4.c07.Tm.ANXA2,CD4_Tm.EffMem,regex_mask,26,CNN2,False,False,False,False
CD4,CD4.c07.Tm.ANXA2,CD4_Tm.EffMem,regex_mask,27,ANXA1,False,False,False,True
CD4,CD4.c07.Tm.ANXA2,CD4_Tm.EffMem,regex_mask,28,NME2,False,False,False,False
CD4,CD4.c07.Tm.ANXA2,CD4_Tm.EffMem,regex_mask,29,PLP2,False,False,False,False
CD4,CD4.c07.Tm.ANXA2,CD4_Tm.EffMem,regex_mask,30,AES,False,False,False,False
CD4,CD4.c07.Tm.ANXA2,CD4_Tm.EffMem,regex_mask,31,SLC25A5,False,False,False,False
CD4,CD4.c07.Tm.ANXA2,CD4_Tm.EffMem,regex_mask,32,ARPC2,False,False,False,False
CD4,CD4.c07.Tm.ANXA2,CD4_Tm.EffMem,regex_mask,33,IFITM1,False,False,False,False
CD4,CD4.c07.Tm.ANXA2,CD4_Tm.EffMem,regex_mask,34,PSME1,False,False,False,False
CD4,CD4.c07.Tm.ANXA2,CD4_Tm.EffMem,regex_mask,35,ARPC1B,False,False,False,False
CD4,CD4.c07.Tm.ANXA2,CD4_Tm.EffMem,regex_mask,36,FLNA,False,False,False,False
CD4,CD4.c07.Tm.ANXA2,CD4_Tm.EffMem,regex_mask,37,FXYD5,False,False,False,False
CD4,CD4.c07.Tm.ANXA2,CD4_Tm.EffMem,regex_mask,38,TXN,False,False,False,False
CD4,CD4.c07.Tm.ANXA2,CD4_Tm.EffMem,regex_mask,39,CTSH,False,False,False,False
CD4,CD4.c07.Tm.ANXA2,CD4_Tm.EffMem,regex_mask,40,ITGB7,False,False,False,False
CD4,CD4.c07.Tm.ANXA2,CD4_Tm.EffMem,regex_mask,41,ANXA5,False,False,False,False
CD4,CD4.c07.Tm.ANXA2,CD4_Tm.EffMem,regex_mask,42,C12orf75,False,False,False,False
CD4,CD4.c07.Tm.ANXA2,CD4_Tm.EffMem,regex_mask,43,PSME2,False,False,False,False
CD4,CD4.c07.Tm.ANXA2,CD4_Tm.EffMem,regex_mask,44,ARPC5,False,False,False,False
CD4,CD4.c07.Tm.ANXA2,CD4_Tm.EffMem,regex_mask,45,ALOX5AP,False,False,False,False
CD4,CD4.c07.Tm.ANXA2,CD4_Tm.EffMem,regex_mask,46,CLIC1,False,False,False,False
CD4,CD4.c07.Tm.ANXA2,CD4_Tm.EffMem,regex_mask,47,LIME1,False,False,False,False
CD4,CD4.c07.Tm.ANXA2,CD4_Tm.EffMem,regex_mask,48,MZT2A,False,False,False,False
CD4,CD4.c07.Tm.ANXA2,CD4_Tm.EffMem,regex_mask,49,PPIB,False,False,False,False
CD4,CD4.c07.Tm.ANXA2,CD4_Tm.EffMem,regex_mask,50,LSP1,False,False,False,False
CD4,CD4.c07.Tm.ANXA2,CD4_Tm.EffMem,full_core,1,S100A4,False,False,False,False
CD4,CD4.c07.Tm.ANXA2,CD4_Tm.EffMem,full_core,2,S100A6,False,False,False,False
CD4,CD4.c07.Tm.ANXA2,CD4_Tm.EffMem,full_core,3,LGALS1,False,False,False,False
CD4,CD4.c07.Tm.ANXA2,CD4_Tm.EffMem,full_core,4,COTL1,False,False,False,False
CD4,CD4.c07.Tm.ANXA2,CD4_Tm.EffMem,full_core,5,VIM,False,False,False,False
CD4,CD4.c07.Tm.ANXA2,CD4_Tm.EffMem,full_core,6,KLF2,False,False,False,False
CD4,CD4.c07.Tm.ANXA2,CD4_Tm.EffMem,full_core,7,ANXA2,False,False,False,False
CD4,CD4.c07.Tm.ANXA2,CD4_Tm.EffMem,full_core,8,TIMP1,False,False,False,False
CD4,CD4.c07.Tm.ANXA2,CD4_Tm.EffMem,full_core,9,CAPG,False,False,False,False
CD4,CD4.c07.Tm.ANXA2,CD4_Tm.EffMem,full_core,10,CRIP1,False,False,False,False
CD4,CD4.c07.Tm.ANXA2,CD4_Tm.EffMem,full_core,11,LDHB,False,False,False,False
CD4,CD4.c07.Tm.ANXA2,CD4_Tm.EffMem,full_core,12,CORO1A,False,False,False,False
CD4,CD4.c07.Tm.ANXA2,CD4_Tm.EffMem,full_core,13,CNN2,False,False,False,False
CD4,CD4.c07.Tm.ANXA2,CD4_Tm.EffMem,full_core,14,ANXA1,False,False,False,True
CD4,CD4.c07.Tm.ANXA2,CD4_Tm.EffMem,full_core,15,NME2,False,False,False,False
CD4,CD4.c07.Tm.ANXA2,CD4_Tm.EffMem,full_core,16,SLC25A5,False,False,False,False
CD4,CD4.c07.Tm.ANXA2,CD4_Tm.EffMem,full_core,17,ARPC2,False,False,False,False
CD4,CD4.c07.Tm.ANXA2,CD4_Tm.EffMem,full_core,18,ARPC1B,False,False,False,False
CD4,CD4.c07.Tm.ANXA2,CD4_Tm.EffMem,full_core,19,FLNA,False,False,False,False
CD4,CD4.c07.Tm.ANXA2,CD4_Tm.EffMem,full_core,20,TXN,False,False,False,False
CD4,CD4.c07.Tm.ANXA2,CD4_Tm.EffMem,full_core,21,CTSH,False,False,False,False
CD4,CD4.c07.Tm.ANXA2,CD4_Tm.EffMem,full_core,22,ANXA5,False,False,False,False
CD4,CD4.c07.Tm.ANXA2,CD4_Tm.EffMem,full_core,23,C12orf75,False,False,False,False
CD4,CD4.c07.Tm.ANXA2,CD4_Tm.EffMem,full_core,24,PSME2,False,False,False,False
CD4,CD4.c07.Tm.ANXA2,CD4_Tm.EffMem,full_core,25,ARPC5,False,False,False,False
CD4,CD4.c07.Tm.ANXA2,CD4_Tm.EffMem,full_core,26,PPIB,False,False,False,False
CD4,CD4.c07.Tm.ANXA2,CD4_Tm.EffMem,full_core,27,S1PR1,False,False,False,False
CD4,CD4.c07.Tm.ANXA2,CD4_Tm.EffMem,full_core,28,GSTP1,False,False,False,False
CD4,CD4.c07.Tm.ANXA2,CD4_Tm.EffMem,full_core,29,NDUFB3,False,False,False,False
CD4,CD4.c07.Tm.ANXA2,CD4_Tm.EffMem,full_core,30,YBX1,False,False,False,False
CD4,CD4.c07.Tm.ANXA2,CD4_Tm.EffMem,full_core,31,PPP1CA,False,False,False,False
CD4,CD4.c07.Tm.ANXA2,CD4_Tm.EffMem,full_core,32,CHCHD2,False,False,False,False
CD4,CD4.c07.Tm.ANXA2,CD4_Tm.EffMem,full_core,33,ABRACL,False,False,False,False
CD4,CD4.c07.Tm.ANXA2,CD4_Tm.EffMem,full_core,34,DBI,False,False,False,False
CD4,CD4.c07.Tm.ANXA2,CD4_Tm.EffMem,full_core,35,RBM3,False,False,False,False
CD4,CD4.c07.Tm.ANXA2,CD4_Tm.EffMem,full_core,36,CARHSP1,False,False,False,False
CD4,CD4.c07.Tm.ANXA2,CD4_Tm.EffMem,full_core,37,ATP5J2,False,False,False,False
CD4,CD4.c07.Tm.ANXA2,CD4_Tm.EffMem,full_core,38,POMP,False,False,False,False
CD4,CD4.c07.Tm.ANXA2,CD4_Tm.EffMem,full_core,39,C11orf31,False,False,False,False
CD4,CD4.c07.Tm.ANXA2,CD4_Tm.EffMem,full_core,40,CTSL,False,False,False,False
CD4,CD4.c07.Tm.ANXA2,CD4_Tm.EffMem,full_core,41,TPM4,False,False,False,False
CD4,CD4.c07.Tm.ANXA2,CD4_Tm.EffMem,full_core,42,CD74,False,False,False,False
CD4,CD4.c07.Tm.ANXA2,CD4_Tm.EffMem,full_core,43,AP2S1,False,False,False,False
CD4,CD4.c07.Tm.ANXA2,CD4_Tm.EffMem,full_core,44,DUT,False,False,False,False
CD4,CD4.c07.Tm.ANXA2,CD4_Tm.EffMem,full_core,45,H2AFV,False,False,False,False
CD4,CD4.c07.Tm.ANXA2,CD4_Tm.EffMem,full_core,46,PDCD5,False,False,False,False
CD4,CD4.c07.Tm.ANXA2,CD4_Tm.EffMem,full_core,47,STRA13,False,False,False,False
CD4,CD4.c07.Tm.ANXA2,CD4_Tm.EffMem,full_core,48,TFDP1,False,False,False,False
CD4,CD4.c07.Tm.ANXA2,CD4_Tm.EffMem,full_core,49,NDUFS6,False,False,False,False
CD4,CD4.c07.Tm.ANXA2,CD4_Tm.EffMem,full_core,50,CDC25B,False,False,False,False
CD4,CD4.c08.Tm.CREM,CD4_Tm.EffMem,standard,1,ZFP36,False,False,False,False
CD4,CD4.c08.Tm.CREM,CD4_Tm.EffMem,standard,2,ZFP36L2,False,False,False,False
CD4,CD4.c08.Tm.CREM,CD4_Tm.EffMem,standard,3,CXCR4,False,False,False,False
CD4,CD4.c08.Tm.CREM,CD4_Tm.EffMem,standard,4,MCL1,False,False,False,False
CD4,CD4.c08.Tm.CREM,CD4_Tm.EffMem,standard,5,SRGN,False,True,True,False
CD4,CD4.c08.Tm.CREM,CD4_Tm.EffMem,standard,6,TSC22D3,False,False,False,False
CD4,CD4.c08.Tm.CREM,CD4_Tm.EffMem,standard,7,ANXA1,False,False,False,True
CD4,CD4.c08.Tm.CREM,CD4_Tm.EffMem,standard,8,RGCC,False,False,False,False
CD4,CD4.c08.Tm.CREM,CD4_Tm.EffMem,standard,9,MYADM,False,False,False,False
CD4,CD4.c08.Tm.CREM,CD4_Tm.EffMem,standard,10,SARAF,False,False,False,False
CD4,CD4.c08.Tm.CREM,CD4_Tm.EffMem,standard,11,BTG1,False,True,True,False
CD4,CD4.c08.Tm.CREM,CD4_Tm.EffMem,standard,12,DUSP2,False,False,False,False
CD4,CD4.c08.Tm.CREM,CD4_Tm.EffMem,standard,13,SYTL3,False,False,False,False
CD4,CD4.c08.Tm.CREM,CD4_Tm.EffMem,standard,14,FTH1,False,True,True,False
CD4,CD4.c08.Tm.CREM,CD4_Tm.EffMem,standard,15,PFKFB3,False,False,False,False
CD4,CD4.c08.Tm.CREM,CD4_Tm.EffMem,standard,16,PARP8,False,False,False,False
CD4,CD4.c08.Tm.CREM,CD4_Tm.EffMem,standard,17,SAMSN1,False,False,False,False
CD4,CD4.c08.Tm.CREM,CD4_Tm.EffMem,standard,18,LEPROTL1,False,False,False,False
CD4,CD4.c08.Tm.CREM,CD4_Tm.EffMem,standard,19,PDE4B,False,False,False,False
CD4,CD4.c08.Tm.CREM,CD4_Tm.EffMem,standard,20,YPEL5,False,False,False,False
CD4,CD4.c08.Tm.CREM,CD4_Tm.EffMem,standard,21,LMNA,False,False,False,False
CD4,CD4.c08.Tm.CREM,CD4_Tm.EffMem,standard,22,FAM177A1,False,False,False,False
CD4,CD4.c08.Tm.CREM,CD4_Tm.EffMem,standard,23,PER1,False,False,False,False
CD4,CD4.c08.Tm.CREM,CD4_Tm.EffMem,standard,24,IL7R,False,False,False,True
CD4,CD4.c08.Tm.CREM,CD4_Tm.EffMem,standard,25,TNFAIP3,False,False,False,False
CD4,CD4.c08.Tm.CREM,CD4_Tm.EffMem,standard,26,LINC-PINT,False,False,False,False
CD4,CD4.c08.Tm.CREM,CD4_Tm.EffMem,standard,27,CDKN1A,False,False,False,False
CD4,CD4.c08.Tm.CREM,CD4_Tm.EffMem,standard,28,AIM1,False,False,False,False
CD4,CD4.c08.Tm.CREM,CD4_Tm.EffMem,standard,29,ADGRE5,False,False,False,False
CD4,CD4.c08.Tm.CREM,CD4_Tm.EffMem,standard,30,MT-ND3,True,True,False,False
CD4,CD4.c08.Tm.CREM,CD4_Tm.EffMem,standard,31,JUNB,True,True,False,False
CD4,CD4.c08.Tm.CREM,CD4_Tm.EffMem,standard,32,PTGER4,False,False,False,False
CD4,CD4.c08.Tm.CREM,CD4_Tm.EffMem,standard,33,CSRNP1,False,False,False,False
CD4,CD4.c08.Tm.CREM,CD4_Tm.EffMem,standard,34,EIF1,True,True,False,False
CD4,CD4.c08.Tm.CREM,CD4_Tm.EffMem,standard,35,FAM46C,False,False,False,False
CD4,CD4.c08.Tm.CREM,CD4_Tm.EffMem,standard,36,NR4A2,False,False,False,False
CD4,CD4.c08.Tm.CREM,CD4_Tm.EffMem,standard,37,CCL5,False,False,False,False
CD4,CD4.c08.Tm.CREM,CD4_Tm.EffMem,standard,38,PBX4,False,False,False,False
CD4,CD4.c08.Tm.CREM,CD4_Tm.EffMem,standard,39,BRD2,False,False,False,False
CD4,CD4.c08.Tm.CREM,CD4_Tm.EffMem,standard,40,PNRC1,False,False,False,False
CD4,CD4.c08.Tm.CREM,CD4_Tm.EffMem,standard,41,CCNH,False,False,False,False
CD4,CD4.c08.Tm.CREM,CD4_Tm.EffMem,standard,42,MT-CO1,True,True,False,False
CD4,CD4.c08.Tm.CREM,CD4_Tm.EffMem,standard,43,EZR,False,False,False,False
CD4,CD4.c08.Tm.CREM,CD4_Tm.EffMem,standard,44,AHNAK,False,False,False,False
CD4,CD4.c08.Tm.CREM,CD4_Tm.EffMem,standard,45,SELK,False,False,False,False
CD4,CD4.c08.Tm.CREM,CD4_Tm.EffMem,standard,46,MT-CO3,True,True,False,False
CD4,CD4.c08.Tm.CREM,CD4_Tm.EffMem,standard,47,ZNF331,False,False,False,False
CD4,CD4.c08.Tm.CREM,CD4_Tm.EffMem,standard,48,IFNGR1,False,False,False,False
CD4,CD4.c08.Tm.CREM,CD4_Tm.EffMem,standard,49,TUBB4B,True,True,False,False
CD4,CD4.c08.Tm.CREM,CD4_Tm.EffMem,standard,50,CREM,False,False,False,False
CD4,CD4.c08.Tm.CREM,CD4_Tm.EffMem,filter_only,1,ZFP36,False,False,False,False
CD4,CD4.c08.Tm.CREM,CD4_Tm.EffMem,filter_only,2,ZFP36L2,False,False,False,False
CD4,CD4.c08.Tm.CREM,CD4_Tm.EffMem,filter_only,3,CXCR4,False,False,False,False
CD4,CD4.c08.Tm.CREM,CD4_Tm.EffMem,filter_only,4,MCL1,False,False,False,False
CD4,CD4.c08.Tm.CREM,CD4_Tm.EffMem,filter_only,5,TSC22D3,False,False,False,False
CD4,CD4.c08.Tm.CREM,CD4_Tm.EffMem,filter_only,6,ANXA1,False,False,False,True
CD4,CD4.c08.Tm.CREM,CD4_Tm.EffMem,filter_only,7,RGCC,False,False,False,False
CD4,CD4.c08.Tm.CREM,CD4_Tm.EffMem,filter_only,8,MYADM,False,False,False,False
CD4,CD4.c08.Tm.CREM,CD4_Tm.EffMem,filter_only,9,DUSP2,False,False,False,False
CD4,CD4.c08.Tm.CREM,CD4_Tm.EffMem,filter_only,10,SYTL3,False,False,False,False
CD4,CD4.c08.Tm.CREM,CD4_Tm.EffMem,filter_only,11,PFKFB3,False,False,False,False
CD4,CD4.c08.Tm.CREM,CD4_Tm.EffMem,filter_only,12,PARP8,False,False,False,False
CD4,CD4.c08.Tm.CREM,CD4_Tm.EffMem,filter_only,13,SAMSN1,False,False,False,False
CD4,CD4.c08.Tm.CREM,CD4_Tm.EffMem,filter_only,14,LEPROTL1,False,False,False,False
CD4,CD4.c08.Tm.CREM,CD4_Tm.EffMem,filter_only,15,PDE4B,False,False,False,False
CD4,CD4.c08.Tm.CREM,CD4_Tm.EffMem,filter_only,16,YPEL5,False,False,False,False
CD4,CD4.c08.Tm.CREM,CD4_Tm.EffMem,filter_only,17,LMNA,False,False,False,False
CD4,CD4.c08.Tm.CREM,CD4_Tm.EffMem,filter_only,18,FAM177A1,False,False,False,False
CD4,CD4.c08.Tm.CREM,CD4_Tm.EffMem,filter_only,19,PER1,False,False,False,False
CD4,CD4.c08.Tm.CREM,CD4_Tm.EffMem,filter_only,20,IL7R,False,False,False,True
CD4,CD4.c08.Tm.CREM,CD4_Tm.EffMem,filter_only,21,TNFAIP3,False,False,False,False
CD4,CD4.c08.Tm.CREM,CD4_Tm.EffMem,filter_only,22,LINC-PINT,False,False,False,False
CD4,CD4.c08.Tm.CREM,CD4_Tm.EffMem,filter_only,23,CDKN1A,False,False,False,False
CD4,CD4.c08.Tm.CREM,CD4_Tm.EffMem,filter_only,24,AIM1,False,False,False,False
CD4,CD4.c08.Tm.CREM,CD4_Tm.EffMem,filter_only,25,ADGRE5,False,False,False,False
CD4,CD4.c08.Tm.CREM,CD4_Tm.EffMem,filter_only,26,MT-ND3,True,True,False,False
CD4,CD4.c08.Tm.CREM,CD4_Tm.EffMem,filter_only,27,JUNB,True,True,False,False
CD4,CD4.c08.Tm.CREM,CD4_Tm.EffMem,filter_only,28,PTGER4,False,False,False,False
CD4,CD4.c08.Tm.CREM,CD4_Tm.EffMem,filter_only,29,CSRNP1,False,False,False,False
CD4,CD4.c08.Tm.CREM,CD4_Tm.EffMem,filter_only,30,FAM46C,False,False,False,False
CD4,CD4.c08.Tm.CREM,CD4_Tm.EffMem,filter_only,31,NR4A2,False,False,False,False
CD4,CD4.c08.Tm.CREM,CD4_Tm.EffMem,filter_only,32,CCL5,False,False,False,False
CD4,CD4.c08.Tm.CREM,CD4_Tm.EffMem,filter_only,33,PBX4,False,False,False,False
CD4,CD4.c08.Tm.CREM,CD4_Tm.EffMem,filter_only,34,BRD2,False,False,False,False
CD4,CD4.c08.Tm.CREM,CD4_Tm.EffMem,filter_only,35,PNRC1,False,False,False,False
CD4,CD4.c08.Tm.CREM,CD4_Tm.EffMem,filter_only,36,CCNH,False,False,False,False
CD4,CD4.c08.Tm.CREM,CD4_Tm.EffMem,filter_only,37,EZR,False,False,False,False
CD4,CD4.c08.Tm.CREM,CD4_Tm.EffMem,filter_only,38,AHNAK,False,False,False,False
CD4,CD4.c08.Tm.CREM,CD4_Tm.EffMem,filter_only,39,SELK,False,False,False,False
CD4,CD4.c08.Tm.CREM,CD4_Tm.EffMem,filter_only,40,MT-CO3,True,True,False,False
CD4,CD4.c08.Tm.CREM,CD4_Tm.EffMem,filter_only,41,ZNF331,False,False,False,False
CD4,CD4.c08.Tm.CREM,CD4_Tm.EffMem,filter_only,42,IFNGR1,False,False,False,False
CD4,CD4.c08.Tm.CREM,CD4_Tm.EffMem,filter_only,43,TUBB4B,True,True,False,False
CD4,CD4.c08.Tm.CREM,CD4_Tm.EffMem,filter_only,44,CREM,False,False,False,False
CD4,CD4.c08.Tm.CREM,CD4_Tm.EffMem,filter_only,45,SLC2A3,False,False,False,False
CD4,CD4.c08.Tm.CREM,CD4_Tm.EffMem,filter_only,46,KLF6,False,False,False,False
CD4,CD4.c08.Tm.CREM,CD4_Tm.EffMem,filter_only,47,RGS1,False,False,False,False
CD4,CD4.c08.Tm.CREM,CD4_Tm.EffMem,filter_only,48,MT-ATP6,True,True,False,False
CD4,CD4.c08.Tm.CREM,CD4_Tm.EffMem,filter_only,49,MT-CYB,True,True,False,False
CD4,CD4.c08.Tm.CREM,CD4_Tm.EffMem,filter_only,50,FOSB,True,True,False,False
CD4,CD4.c08.Tm.CREM,CD4_Tm.EffMem,regex_mask,1,ZFP36,False,False,False,False
CD4,CD4.c08.Tm.CREM,CD4_Tm.EffMem,regex_mask,2,ZFP36L2,False,False,False,False
CD4,CD4.c08.Tm.CREM,CD4_Tm.EffMem,regex_mask,3,CXCR4,False,False,False,False
CD4,CD4.c08.Tm.CREM,CD4_Tm.EffMem,regex_mask,4,MCL1,False,False,False,False
CD4,CD4.c08.Tm.CREM,CD4_Tm.EffMem,regex_mask,5,TSC22D3,False,False,False,False
CD4,CD4.c08.Tm.CREM,CD4_Tm.EffMem,regex_mask,6,ANXA1,False,False,False,True
CD4,CD4.c08.Tm.CREM,CD4_Tm.EffMem,regex_mask,7,RGCC,False,False,False,False
CD4,CD4.c08.Tm.CREM,CD4_Tm.EffMem,regex_mask,8,MYADM,False,False,False,False
CD4,CD4.c08.Tm.CREM,CD4_Tm.EffMem,regex_mask,9,DUSP2,False,False,False,False
CD4,CD4.c08.Tm.CREM,CD4_Tm.EffMem,regex_mask,10,SYTL3,False,False,False,False
CD4,CD4.c08.Tm.CREM,CD4_Tm.EffMem,regex_mask,11,PFKFB3,False,False,False,False
CD4,CD4.c08.Tm.CREM,CD4_Tm.EffMem,regex_mask,12,PARP8,False,False,False,False
CD4,CD4.c08.Tm.CREM,CD4_Tm.EffMem,regex_mask,13,SAMSN1,False,False,False,False
CD4,CD4.c08.Tm.CREM,CD4_Tm.EffMem,regex_mask,14,LEPROTL1,False,False,False,False
CD4,CD4.c08.Tm.CREM,CD4_Tm.EffMem,regex_mask,15,PDE4B,False,False,False,False
CD4,CD4.c08.Tm.CREM,CD4_Tm.EffMem,regex_mask,16,YPEL5,False,False,False,False
CD4,CD4.c08.Tm.CREM,CD4_Tm.EffMem,regex_mask,17,LMNA,False,False,False,False
CD4,CD4.c08.Tm.CREM,CD4_Tm.EffMem,regex_mask,18,FAM177A1,False,False,False,False
CD4,CD4.c08.Tm.CREM,CD4_Tm.EffMem,regex_mask,19,PER1,False,False,False,False
CD4,CD4.c08.Tm.CREM,CD4_Tm.EffMem,regex_mask,20,IL7R,False,False,False,True
CD4,CD4.c08.Tm.CREM,CD4_Tm.EffMem,regex_mask,21,TNFAIP3,False,False,False,False
CD4,CD4.c08.Tm.CREM,CD4_Tm.EffMem,regex_mask,22,LINC-PINT,False,False,False,False
CD4,CD4.c08.Tm.CREM,CD4_Tm.EffMem,regex_mask,23,CDKN1A,False,False,False,False
CD4,CD4.c08.Tm.CREM,CD4_Tm.EffMem,regex_mask,24,AIM1,False,False,False,False
CD4,CD4.c08.Tm.CREM,CD4_Tm.EffMem,regex_mask,25,ADGRE5,False,False,False,False
CD4,CD4.c08.Tm.CREM,CD4_Tm.EffMem,regex_mask,26,PTGER4,False,False,False,False
CD4,CD4.c08.Tm.CREM,CD4_Tm.EffMem,regex_mask,27,CSRNP1,False,False,False,False
CD4,CD4.c08.Tm.CREM,CD4_Tm.EffMem,regex_mask,28,FAM46C,False,False,False,False
CD4,CD4.c08.Tm.CREM,CD4_Tm.EffMem,regex_mask,29,NR4A2,False,False,False,False
CD4,CD4.c08.Tm.CREM,CD4_Tm.EffMem,regex_mask,30,CCL5,False,False,False,False
CD4,CD4.c08.Tm.CREM,CD4_Tm.EffMem,regex_mask,31,PBX4,False,False,False,False
CD4,CD4.c08.Tm.CREM,CD4_Tm.EffMem,regex_mask,32,BRD2,False,False,False,False
CD4,CD4.c08.Tm.CREM,CD4_Tm.EffMem,regex_mask,33,PNRC1,False,False,False,False
CD4,CD4.c08.Tm.CREM,CD4_Tm.EffMem,regex_mask,34,CCNH,False,False,False,False
CD4,CD4.c08.Tm.CREM,CD4_Tm.EffMem,regex_mask,35,EZR,False,False,False,False
CD4,CD4.c08.Tm.CREM,CD4_Tm.EffMem,regex_mask,36,AHNAK,False,False,False,False
CD4,CD4.c08.Tm.CREM,CD4_Tm.EffMem,regex_mask,37,SELK,False,False,False,False
CD4,CD4.c08.Tm.CREM,CD4_Tm.EffMem,regex_mask,38,ZNF331,False,False,False,False
CD4,CD4.c08.Tm.CREM,CD4_Tm.EffMem,regex_mask,39,IFNGR1,False,False,False,False
CD4,CD4.c08.Tm.CREM,CD4_Tm.EffMem,regex_mask,40,CREM,False,False,False,False
CD4,CD4.c08.Tm.CREM,CD4_Tm.EffMem,regex_mask,41,SLC2A3,False,False,False,False
CD4,CD4.c08.Tm.CREM,CD4_Tm.EffMem,regex_mask,42,KLF6,False,False,False,False
CD4,CD4.c08.Tm.CREM,CD4_Tm.EffMem,regex_mask,43,RGS1,False,False,False,False
CD4,CD4.c08.Tm.CREM,CD4_Tm.EffMem,regex_mask,44,KLRB1,False,False,False,False
CD4,CD4.c08.Tm.CREM,CD4_Tm.EffMem,regex_mask,45,BTG2,False,False,False,False
CD4,CD4.c08.Tm.CREM,CD4_Tm.EffMem,regex_mask,46,SDCBP,False,False,False,False
CD4,CD4.c08.Tm.CREM,CD4_Tm.EffMem,regex_mask,47,GPR183,False,False,False,False
CD4,CD4.c08.Tm.CREM,CD4_Tm.EffMem,regex_mask,48,GTF2B,False,False,False,False
CD4,CD4.c08.Tm.CREM,CD4_Tm.EffMem,regex_mask,49,ELF1,False,False,False,False
CD4,CD4.c08.Tm.CREM,CD4_Tm.EffMem,regex_mask,50,CD55,False,False,False,False
CD4,CD4.c08.Tm.CREM,CD4_Tm.EffMem,full_core,1,ANXA1,False,False,False,True
CD4,CD4.c08.Tm.CREM,CD4_Tm.EffMem,full_core,2,LMNA,False,False,False,False
CD4,CD4.c08.Tm.CREM,CD4_Tm.EffMem,full_core,3,CDKN1A,False,False,False,False
CD4,CD4.c08.Tm.CREM,CD4_Tm.EffMem,full_core,4,NR4A2,False,False,False,False
CD4,CD4.c08.Tm.CREM,CD4_Tm.EffMem,full_core,5,CCL5,False,False,False,False
CD4,CD4.c08.Tm.CREM,CD4_Tm.EffMem,full_core,6,ZNF331,False,False,False,False
CD4,CD4.c08.Tm.CREM,CD4_Tm.EffMem,full_core,7,KLRB1,False,False,False,False
CD4,CD4.c08.Tm.CREM,CD4_Tm.EffMem,full_core,8,CD55,False,False,False,False
CD4,CD4.c08.Tm.CREM,CD4_Tm.EffMem,full_core,9,VIM,False,False,False,False
CD4,CD4.c08.Tm.CREM,CD4_Tm.EffMem,full_core,10,NR4A3,False,False,False,False
CD4,CD4.c08.Tm.CREM,CD4_Tm.EffMem,full_core,11,ANKRD28,False,False,False,False
CD4,CD4.c08.Tm.CREM,CD4_Tm.EffMem,full_core,12,ODC1,False,False,False,False
CD4,CD4.c08.Tm.CREM,CD4_Tm.EffMem,full_core,13,CXCR6,False,False,False,False
CD4,CD4.c08.Tm.CREM,CD4_Tm.EffMem,full_core,14,CD69,False,False,False,False
CD4,CD4.c08.Tm.CREM,CD4_Tm.EffMem,full_core,15,CRIP1,False,False,False,False
CD4,CD4.c08.Tm.CREM,CD4_Tm.EffMem,full_core,16,DUSP5,False,False,False,False
CD4,CD4.c08.Tm.CREM,CD4_Tm.EffMem,full_core,17,SMIM3,False,False,False,False
CD4,CD4.c08.Tm.CREM,CD4_Tm.EffMem,full_core,18,GZMA,False,False,False,False
CD4,CD4.c08.Tm.CREM,CD4_Tm.EffMem,full_core,19,CCL4,False,False,False,False
CD4,CD4.c08.Tm.CREM,CD4_Tm.EffMem,full_core,20,LDHA,False,False,False,False
CD4,CD4.c08.Tm.CREM,CD4_Tm.EffMem,full_core,21,AREG,False,False,False,False
CD4,CD4.c08.Tm.CREM,CD4_Tm.EffMem,full_core,22,CLEC2B,False,False,False,False
CD4,CD4.c08.Tm.CREM,CD4_Tm.EffMem,full_core,23,NCL,False,False,False,False
CD4,CD4.c08.Tm.CREM,CD4_Tm.EffMem,full_core,24,INSIG1,False,False,False,False
CD4,CD4.c08.Tm.CREM,CD4_Tm.EffMem,full_core,25,GLUL,False,False,False,False
CD4,CD4.c08.Tm.CREM,CD4_Tm.EffMem,full_core,26,GZMH,False,False,False,False
CD4,CD4.c08.Tm.CREM,CD4_Tm.EffMem,full_core,27,CITED2,False,False,False,False
CD4,CD4.c08.Tm.CREM,CD4_Tm.EffMem,full_core,28,CCR6,False,False,False,False
CD4,CD4.c08.Tm.CREM,CD4_Tm.EffMem,full_core,29,CXCR3,False,False,False,False
CD4,CD4.c08.Tm.CREM,CD4_Tm.EffMem,full_core,30,GZMK,False,False,False,False
CD4,CD4.c08.Tm.CREM,CD4_Tm.EffMem,full_core,31,ANKRD37,False,False,False,False
CD4,CD4.c08.Tm.CREM,CD4_Tm.EffMem,full_core,32,ERRFI1,False,False,False,False
CD4,CD4.c08.Tm.CREM,CD4_Tm.EffMem,full_core,33,CTSW,False,False,False,False
CD4,CD4.c08.Tm.CREM,CD4_Tm.EffMem,full_core,34,LDLRAD4,False,False,False,False
CD4,CD4.c08.Tm.CREM,CD4_Tm.EffMem,full_core,35,AC092580.4,False,False,False,False
CD4,CD4.c08.Tm.CREM,CD4_Tm.EffMem,full_core,36,DUSP4,False,False,False,False
CD4,CD4.c08.Tm.CREM,CD4_Tm.EffMem,full_core,37,PLIN2,False,False,False,False
CD4,CD4.c08.Tm.CREM,CD4_Tm.EffMem,full_core,38,PPP1R15A,False,False,False,False
CD4,CD4.c08.Tm.CREM,CD4_Tm.EffMem,full_core,39,FRMD4B,False,False,False,False
CD4,CD4.c08.Tm.CREM,CD4_Tm.EffMem,full_core,40,ANXA2,False,False,False,False
CD4,CD4.c08.Tm.CREM,CD4_Tm.EffMem,full_core,41,GZMB,False,False,False,False
CD4,CD4.c08.Tm.CREM,CD4_Tm.EffMem,full_core,42,SFPQ,False,False,False,False
CD4,CD4.c08.Tm.CREM,CD4_Tm.EffMem,full_core,43,NLRP3,False,False,False,False
CD4,CD4.c08.Tm.CREM,CD4_Tm.EffMem,full_core,44,PHLDA1,False,False,False,False
CD4,CD4.c08.Tm.CREM,CD4_Tm.EffMem,full_core,45,KLF3,False,False,False,False
CD4,CD4.c08.Tm.CREM,CD4_Tm.EffMem,full_core,46,NR4A1,False,False,False,False
CD4,CD4.c08.Tm.CREM,CD4_Tm.EffMem,full_core,47,SOD2,False,False,False,False
CD4,CD4.c08.Tm.CREM,CD4_Tm.EffMem,full_core,48,CAPG,False,False,False,False
CD4,CD4.c08.Tm.CREM,CD4_Tm.EffMem,full_core,49,MARCKSL1,False,False,False,False
CD4,CD4.c08.Tm.CREM,CD4_Tm.EffMem,full_core,50,HOPX,False,False,False,False
CD4,CD4.c09.Tm.CCL5,CD4_Tm.EffMem,standard,1,CCL5,False,False,False,False
CD4,CD4.c09.Tm.CCL5,CD4_Tm.EffMem,standard,2,RPS27,True,True,False,False
CD4,CD4.c09.Tm.CCL5,CD4_Tm.EffMem,standard,3,CD40LG,False,False,False,False
CD4,CD4.c09.Tm.CCL5,CD4_Tm.EffMem,standard,4,ANXA1,False,False,False,True
CD4,CD4.c09.Tm.CCL5,CD4_Tm.EffMem,standard,5,ZFP36L2,False,False,False,False
CD4,CD4.c09.Tm.CCL5,CD4_Tm.EffMem,standard,6,GZMA,False,False,False,False
CD4,CD4.c09.Tm.CCL5,CD4_Tm.EffMem,standard,7,RPS29,True,True,False,False
CD4,CD4.c09.Tm.CCL5,CD4_Tm.EffMem,standard,8,AC090498.1,False,True,True,False
CD4,CD4.c09.Tm.CCL5,CD4_Tm.EffMem,standard,9,ZFP36,False,False,False,False
CD4,CD4.c09.Tm.CCL5,CD4_Tm.EffMem,standard,10,BTG1,False,True,True,False
CD4,CD4.c09.Tm.CCL5,CD4_Tm.EffMem,standard,11,RPL30,True,True,False,False
CD4,CD4.c09.Tm.CCL5,CD4_Tm.EffMem,standard,12,CD69,False,False,False,False
CD4,CD4.c09.Tm.CCL5,CD4_Tm.EffMem,standard,13,CXCR4,False,False,False,False
CD4,CD4.c09.Tm.CCL5,CD4_Tm.EffMem,standard,14,FAU,False,True,True,False
CD4,CD4.c09.Tm.CCL5,CD4_Tm.EffMem,standard,15,CCL4,False,False,False,False
CD4,CD4.c09.Tm.CCL5,CD4_Tm.EffMem,standard,16,RPL35A,True,True,False,False
CD4,CD4.c09.Tm.CCL5,CD4_Tm.EffMem,standard,17,IL7R,False,False,False,True
CD4,CD4.c09.Tm.CCL5,CD4_Tm.EffMem,standard,18,RPS21,True,True,False,False
CD4,CD4.c09.Tm.CCL5,CD4_Tm.EffMem,standard,19,RPL39,True,True,False,False
CD4,CD4.c09.Tm.CCL5,CD4_Tm.EffMem,standard,20,PARP8,False,False,False,False
CD4,CD4.c09.Tm.CCL5,CD4_Tm.EffMem,standard,21,TSC22D3,False,False,False,False
CD4,CD4.c09.Tm.CCL5,CD4_Tm.EffMem,standard,22,RPS28,True,True,False,False
CD4,CD4.c09.Tm.CCL5,CD4_Tm.EffMem,standard,23,PNRC1,False,False,False,False
CD4,CD4.c09.Tm.CCL5,CD4_Tm.EffMem,standard,24,CST7,False,False,False,False
CD4,CD4.c09.Tm.CCL5,CD4_Tm.EffMem,standard,25,RPL34,True,True,False,False
CD4,CD4.c09.Tm.CCL5,CD4_Tm.EffMem,standard,26,S100A10,False,False,False,False
CD4,CD4.c09.Tm.CCL5,CD4_Tm.EffMem,standard,27,RPL38,True,True,False,False
CD4,CD4.c09.Tm.CCL5,CD4_Tm.EffMem,standard,28,ALOX5AP,False,False,False,False
CD4,CD4.c09.Tm.CCL5,CD4_Tm.EffMem,standard,29,RPS14,True,True,False,False
CD4,CD4.c09.Tm.CCL5,CD4_Tm.EffMem,standard,30,TOMM7,False,False,False,False
CD4,CD4.c09.Tm.CCL5,CD4_Tm.EffMem,standard,31,CD99,False,False,False,False
CD4,CD4.c09.Tm.CCL5,CD4_Tm.EffMem,standard,32,RPLP2,True,True,False,False
CD4,CD4.c09.Tm.CCL5,CD4_Tm.EffMem,standard,33,AHNAK,False,False,False,False
CD4,CD4.c09.Tm.CCL5,CD4_Tm.EffMem,standard,34,RPL28,True,True,False,False
CD4,CD4.c09.Tm.CCL5,CD4_Tm.EffMem,standard,35,RPL37A,True,True,False,False
CD4,CD4.c09.Tm.CCL5,CD4_Tm.EffMem,standard,36,KLF6,False,False,False,False
CD4,CD4.c09.Tm.CCL5,CD4_Tm.EffMem,standard,37,TNFAIP3,False,False,False,False
CD4,CD4.c09.Tm.CCL5,CD4_Tm.EffMem,standard,38,RPS19,True,True,False,False
CD4,CD4.c09.Tm.CCL5,CD4_Tm.EffMem,standard,39,MT-ND3,True,True,False,False
CD4,CD4.c09.Tm.CCL5,CD4_Tm.EffMem,standard,40,PTGER4,False,False,False,False
CD4,CD4.c09.Tm.CCL5,CD4_Tm.EffMem,standard,41,SAMSN1,False,False,False,False
CD4,CD4.c09.Tm.CCL5,CD4_Tm.EffMem,standard,42,MCL1,False,False,False,False
CD4,CD4.c09.Tm.CCL5,CD4_Tm.EffMem,standard,43,RPS25,True,True,False,False
CD4,CD4.c09.Tm.CCL5,CD4_Tm.EffMem,standard,44,IFNGR1,False,False,False,False
CD4,CD4.c09.Tm.CCL5,CD4_Tm.EffMem,standard,45,RPL21,True,True,False,False
CD4,CD4.c09.Tm.CCL5,CD4_Tm.EffMem,standard,46,GLUL,False,False,False,False
CD4,CD4.c09.Tm.CCL5,CD4_Tm.EffMem,standard,47,RPS15A,True,True,False,False
CD4,CD4.c09.Tm.CCL5,CD4_Tm.EffMem,standard,48,DUSP2,False,False,False,False
CD4,CD4.c09.Tm.CCL5,CD4_Tm.EffMem,standard,49,CD96,False,False,False,False
CD4,CD4.c09.Tm.CCL5,CD4_Tm.EffMem,standard,50,RPS12,True,True,False,False
CD4,CD4.c09.Tm.CCL5,CD4_Tm.EffMem,filter_only,1,CCL5,False,False,False,False
CD4,CD4.c09.Tm.CCL5,CD4_Tm.EffMem,filter_only,2,CD40LG,False,False,False,False
CD4,CD4.c09.Tm.CCL5,CD4_Tm.EffMem,filter_only,3,ANXA1,False,False,False,True
CD4,CD4.c09.Tm.CCL5,CD4_Tm.EffMem,filter_only,4,ZFP36L2,False,False,False,False
CD4,CD4.c09.Tm.CCL5,CD4_Tm.EffMem,filter_only,5,GZMA,False,False,False,False
CD4,CD4.c09.Tm.CCL5,CD4_Tm.EffMem,filter_only,6,RPS29,True,True,False,False
CD4,CD4.c09.Tm.CCL5,CD4_Tm.EffMem,filter_only,7,ZFP36,False,False,False,False
CD4,CD4.c09.Tm.CCL5,CD4_Tm.EffMem,filter_only,8,CD69,False,False,False,False
CD4,CD4.c09.Tm.CCL5,CD4_Tm.EffMem,filter_only,9,CXCR4,False,False,False,False
CD4,CD4.c09.Tm.CCL5,CD4_Tm.EffMem,filter_only,10,CCL4,False,False,False,False
CD4,CD4.c09.Tm.CCL5,CD4_Tm.EffMem,filter_only,11,IL7R,False,False,False,True
CD4,CD4.c09.Tm.CCL5,CD4_Tm.EffMem,filter_only,12,PARP8,False,False,False,False
CD4,CD4.c09.Tm.CCL5,CD4_Tm.EffMem,filter_only,13,TSC22D3,False,False,False,False
CD4,CD4.c09.Tm.CCL5,CD4_Tm.EffMem,filter_only,14,PNRC1,False,False,False,False
CD4,CD4.c09.Tm.CCL5,CD4_Tm.EffMem,filter_only,15,CST7,False,False,False,False
CD4,CD4.c09.Tm.CCL5,CD4_Tm.EffMem,filter_only,16,S100A10,False,False,False,False
CD4,CD4.c09.Tm.CCL5,CD4_Tm.EffMem,filter_only,17,RPL38,True,True,False,False
CD4,CD4.c09.Tm.CCL5,CD4_Tm.EffMem,filter_only,18,ALOX5AP,False,False,False,False
CD4,CD4.c09.Tm.CCL5,CD4_Tm.EffMem,filter_only,19,TOMM7,False,False,False,False
CD4,CD4.c09.Tm.CCL5,CD4_Tm.EffMem,filter_only,20,CD99,False,False,False,False
CD4,CD4.c09.Tm.CCL5,CD4_Tm.EffMem,filter_only,21,AHNAK,False,False,False,False
CD4,CD4.c09.Tm.CCL5,CD4_Tm.EffMem,filter_only,22,RPL37A,True,True,False,False
CD4,CD4.c09.Tm.CCL5,CD4_Tm.EffMem,filter_only,23,KLF6,False,False,False,False
CD4,CD4.c09.Tm.CCL5,CD4_Tm.EffMem,filter_only,24,TNFAIP3,False,False,False,False
CD4,CD4.c09.Tm.CCL5,CD4_Tm.EffMem,filter_only,25,MT-ND3,True,True,False,False
CD4,CD4.c09.Tm.CCL5,CD4_Tm.EffMem,filter_only,26,PTGER4,False,False,False,False
CD4,CD4.c09.Tm.CCL5,CD4_Tm.EffMem,filter_only,27,SAMSN1,False,False,False,False
CD4,CD4.c09.Tm.CCL5,CD4_Tm.EffMem,filter_only,28,MCL1,False,False,False,False
CD4,CD4.c09.Tm.CCL5,CD4_Tm.EffMem,filter_only,29,IFNGR1,False,False,False,False
CD4,CD4.c09.Tm.CCL5,CD4_Tm.EffMem,filter_only,30,GLUL,False,False,False,False
CD4,CD4.c09.Tm.CCL5,CD4_Tm.EffMem,filter_only,31,DUSP2,False,False,False,False
CD4,CD4.c09.Tm.CCL5,CD4_Tm.EffMem,filter_only,32,CD96,False,False,False,False
CD4,CD4.c09.Tm.CCL5,CD4_Tm.EffMem,filter_only,33,LEPROTL1,False,False,False,False
CD4,CD4.c09.Tm.CCL5,CD4_Tm.EffMem,filter_only,34,SYTL3,False,False,False,False
CD4,CD4.c09.Tm.CCL5,CD4_Tm.EffMem,filter_only,35,CD44,False,False,False,False
CD4,CD4.c09.Tm.CCL5,CD4_Tm.EffMem,filter_only,36,DUSP1,False,False,False,False
CD4,CD4.c09.Tm.CCL5,CD4_Tm.EffMem,filter_only,37,RGCC,False,False,False,False
CD4,CD4.c09.Tm.CCL5,CD4_Tm.EffMem,filter_only,38,GZMK,False,False,False,False
CD4,CD4.c09.Tm.CCL5,CD4_Tm.EffMem,filter_only,39,RBMS1,False,False,False,False
CD4,CD4.c09.Tm.CCL5,CD4_Tm.EffMem,filter_only,40,BTG2,False,False,False,False
CD4,CD4.c09.Tm.CCL5,CD4_Tm.EffMem,filter_only,41,GZMH,False,False,False,False
CD4,CD4.c09.Tm.CCL5,CD4_Tm.EffMem,filter_only,42,CCNH,False,False,False,False
CD4,CD4.c09.Tm.CCL5,CD4_Tm.EffMem,filter_only,43,TXNIP,False,False,False,False
CD4,CD4.c09.Tm.CCL5,CD4_Tm.EffMem,filter_only,44,THEMIS,False,False,False,False
CD4,CD4.c09.Tm.CCL5,CD4_Tm.EffMem,filter_only,45,PIK3R1,False,False,False,False
CD4,CD4.c09.Tm.CCL5,CD4_Tm.EffMem,filter_only,46,ANKRD28,False,False,False,False
CD4,CD4.c09.Tm.CCL5,CD4_Tm.EffMem,filter_only,47,GZMM,False,False,False,False
CD4,CD4.c09.Tm.CCL5,CD4_Tm.EffMem,filter_only,48,CD52,False,False,False,False
CD4,CD4.c09.Tm.CCL5,CD4_Tm.EffMem,filter_only,49,FOSB,True,True,False,False
CD4,CD4.c09.Tm.CCL5,CD4_Tm.EffMem,filter_only,50,AKAP13,False,False,False,False
CD4,CD4.c09.Tm.CCL5,CD4_Tm.EffMem,regex_mask,1,CCL5,False,False,False,False
CD4,CD4.c09.Tm.CCL5,CD4_Tm.EffMem,regex_mask,2,CD40LG,False,False,False,False
CD4,CD4.c09.Tm.CCL5,CD4_Tm.EffMem,regex_mask,3,ANXA1,False,False,False,True
CD4,CD4.c09.Tm.CCL5,CD4_Tm.EffMem,regex_mask,4,ZFP36L2,False,False,False,False
CD4,CD4.c09.Tm.CCL5,CD4_Tm.EffMem,regex_mask,5,GZMA,False,False,False,False
CD4,CD4.c09.Tm.CCL5,CD4_Tm.EffMem,regex_mask,6,ZFP36,False,False,False,False
CD4,CD4.c09.Tm.CCL5,CD4_Tm.EffMem,regex_mask,7,CD69,False,False,False,False
CD4,CD4.c09.Tm.CCL5,CD4_Tm.EffMem,regex_mask,8,CXCR4,False,False,False,False
CD4,CD4.c09.Tm.CCL5,CD4_Tm.EffMem,regex_mask,9,CCL4,False,False,False,False
CD4,CD4.c09.Tm.CCL5,CD4_Tm.EffMem,regex_mask,10,IL7R,False,False,False,True
CD4,CD4.c09.Tm.CCL5,CD4_Tm.EffMem,regex_mask,11,PARP8,False,False,False,False
CD4,CD4.c09.Tm.CCL5,CD4_Tm.EffMem,regex_mask,12,TSC22D3,False,False,False,False
CD4,CD4.c09.Tm.CCL5,CD4_Tm.EffMem,regex_mask,13,PNRC1,False,False,False,False
CD4,CD4.c09.Tm.CCL5,CD4_Tm.EffMem,regex_mask,14,CST7,False,False,False,False
CD4,CD4.c09.Tm.CCL5,CD4_Tm.EffMem,regex_mask,15,S100A10,False,False,False,False
CD4,CD4.c09.Tm.CCL5,CD4_Tm.EffMem,regex_mask,16,ALOX5AP,False,False,False,False
CD4,CD4.c09.Tm.CCL5,CD4_Tm.EffMem,regex_mask,17,TOMM7,False,False,False,False
CD4,CD4.c09.Tm.CCL5,CD4_Tm.EffMem,regex_mask,18,CD99,False,False,False,False
CD4,CD4.c09.Tm.CCL5,CD4_Tm.EffMem,regex_mask,19,AHNAK,False,False,False,False
CD4,CD4.c09.Tm.CCL5,CD4_Tm.EffMem,regex_mask,20,KLF6,False,False,False,False
CD4,CD4.c09.Tm.CCL5,CD4_Tm.EffMem,regex_mask,21,TNFAIP3,False,False,False,False
CD4,CD4.c09.Tm.CCL5,CD4_Tm.EffMem,regex_mask,22,PTGER4,False,False,False,False
CD4,CD4.c09.Tm.CCL5,CD4_Tm.EffMem,regex_mask,23,SAMSN1,False,False,False,False
CD4,CD4.c09.Tm.CCL5,CD4_Tm.EffMem,regex_mask,24,MCL1,False,False,False,False
CD4,CD4.c09.Tm.CCL5,CD4_Tm.EffMem,regex_mask,25,IFNGR1,False,False,False,False
CD4,CD4.c09.Tm.CCL5,CD4_Tm.EffMem,regex_mask,26,GLUL,False,False,False,False
CD4,CD4.c09.Tm.CCL5,CD4_Tm.EffMem,regex_mask,27,DUSP2,False,False,False,False
CD4,CD4.c09.Tm.CCL5,CD4_Tm.EffMem,regex_mask,28,CD96,False,False,False,False
CD4,CD4.c09.Tm.CCL5,CD4_Tm.EffMem,regex_mask,29,LEPROTL1,False,False,False,False
CD4,CD4.c09.Tm.CCL5,CD4_Tm.EffMem,regex_mask,30,SYTL3,False,False,False,False
CD4,CD4.c09.Tm.CCL5,CD4_Tm.EffMem,regex_mask,31,CD44,False,False,False,False
CD4,CD4.c09.Tm.CCL5,CD4_Tm.EffMem,regex_mask,32,DUSP1,False,False,False,False
CD4,CD4.c09.Tm.CCL5,CD4_Tm.EffMem,regex_mask,33,RGCC,False,False,False,False
CD4,CD4.c09.Tm.CCL5,CD4_Tm.EffMem,regex_mask,34,GZMK,False,False,False,False
CD4,CD4.c09.Tm.CCL5,CD4_Tm.EffMem,regex_mask,35,RBMS1,False,False,False,False
CD4,CD4.c09.Tm.CCL5,CD4_Tm.EffMem,regex_mask,36,BTG2,False,False,False,False
CD4,CD4.c09.Tm.CCL5,CD4_Tm.EffMem,regex_mask,37,GZMH,False,False,False,False
CD4,CD4.c09.Tm.CCL5,CD4_Tm.EffMem,regex_mask,38,CCNH,False,False,False,False
CD4,CD4.c09.Tm.CCL5,CD4_Tm.EffMem,regex_mask,39,TXNIP,False,False,False,False
CD4,CD4.c09.Tm.CCL5,CD4_Tm.EffMem,regex_mask,40,THEMIS,False,False,False,False
CD4,CD4.c09.Tm.CCL5,CD4_Tm.EffMem,regex_mask,41,PIK3R1,False,False,False,False
CD4,CD4.c09.Tm.CCL5,CD4_Tm.EffMem,regex_mask,42,ANKRD28,False,False,False,False
CD4,CD4.c09.Tm.CCL5,CD4_Tm.EffMem,regex_mask,43,GZMM,False,False,False,False
CD4,CD4.c09.Tm.CCL5,CD4_Tm.EffMem,regex_mask,44,CD52,False,False,False,False
CD4,CD4.c09.Tm.CCL5,CD4_Tm.EffMem,regex_mask,45,AKAP13,False,False,False,False
CD4,CD4.c09.Tm.CCL5,CD4_Tm.EffMem,regex_mask,46,LINC-PINT,False,False,False,False
CD4,CD4.c09.Tm.CCL5,CD4_Tm.EffMem,regex_mask,47,TC2N,False,False,False,False
CD4,CD4.c09.Tm.CCL5,CD4_Tm.EffMem,regex_mask,48,HCST,False,False,False,False
CD4,CD4.c09.Tm.CCL5,CD4_Tm.EffMem,regex_mask,49,AC092580.4,False,False,False,False
CD4,CD4.c09.Tm.CCL5,CD4_Tm.EffMem,regex_mask,50,GLIPR1,False,False,False,False
CD4,CD4.c09.Tm.CCL5,CD4_Tm.EffMem,full_core,1,CCL5,False,False,False,False
CD4,CD4.c09.Tm.CCL5,CD4_Tm.EffMem,full_core,2,ANXA1,False,False,False,True
CD4,CD4.c09.Tm.CCL5,CD4_Tm.EffMem,full_core,3,GZMA,False,False,False,False
CD4,CD4.c09.Tm.CCL5,CD4_Tm.EffMem,full_core,4,CD69,False,False,False,False
CD4,CD4.c09.Tm.CCL5,CD4_Tm.EffMem,full_core,5,CCL4,False,False,False,False
CD4,CD4.c09.Tm.CCL5,CD4_Tm.EffMem,full_core,6,GLUL,False,False,False,False
CD4,CD4.c09.Tm.CCL5,CD4_Tm.EffMem,full_core,7,DUSP1,False,False,False,False
CD4,CD4.c09.Tm.CCL5,CD4_Tm.EffMem,full_core,8,GZMK,False,False,False,False
CD4,CD4.c09.Tm.CCL5,CD4_Tm.EffMem,full_core,9,GZMH,False,False,False,False
CD4,CD4.c09.Tm.CCL5,CD4_Tm.EffMem,full_core,10,ANKRD28,False,False,False,False
CD4,CD4.c09.Tm.CCL5,CD4_Tm.EffMem,full_core,11,AC092580.4,False,False,False,False
CD4,CD4.c09.Tm.CCL5,CD4_Tm.EffMem,full_core,12,NR4A2,False,False,False,False
CD4,CD4.c09.Tm.CCL5,CD4_Tm.EffMem,full_core,13,CRIP1,False,False,False,False
CD4,CD4.c09.Tm.CCL5,CD4_Tm.EffMem,full_core,14,HOPX,False,False,False,False
CD4,CD4.c09.Tm.CCL5,CD4_Tm.EffMem,full_core,15,ID2,False,False,False,False
CD4,CD4.c09.Tm.CCL5,CD4_Tm.EffMem,full_core,16,KLRB1,False,False,False,False
CD4,CD4.c09.Tm.CCL5,CD4_Tm.EffMem,full_core,17,XCL1,False,False,False,False
CD4,CD4.c09.Tm.CCL5,CD4_Tm.EffMem,full_core,18,DUSP5,False,False,False,False
CD4,CD4.c09.Tm.CCL5,CD4_Tm.EffMem,full_core,19,CAPG,False,False,False,False
CD4,CD4.c09.Tm.CCL5,CD4_Tm.EffMem,full_core,20,CXCR6,False,False,False,False
CD4,CD4.c09.Tm.CCL5,CD4_Tm.EffMem,full_core,21,HLA-DRB1,False,False,False,False
CD4,CD4.c09.Tm.CCL5,CD4_Tm.EffMem,full_core,22,IFNG,False,False,False,False
CD4,CD4.c09.Tm.CCL5,CD4_Tm.EffMem,full_core,23,VIM,False,False,False,False
CD4,CD4.c09.Tm.CCL5,CD4_Tm.EffMem,full_core,24,IL2,False,False,False,False
CD4,CD4.c09.Tm.CCL5,CD4_Tm.EffMem,full_core,25,PRF1,False,False,False,False
CD4,CD4.c09.Tm.CCL5,CD4_Tm.EffMem,full_core,26,GZMB,False,False,False,False
CD4,CD4.c09.Tm.CCL5,CD4_Tm.EffMem,full_core,27,CLU,False,False,False,False
CD4,CD4.c09.Tm.CCL5,CD4_Tm.EffMem,full_core,28,CCL4L2,False,False,False,False
CD4,CD4.c09.Tm.CCL5,CD4_Tm.EffMem,full_core,29,XCL2,False,False,False,False
CD4,CD4.c09.Tm.CCL5,CD4_Tm.EffMem,full_core,30,AREG,False,False,False,False
CD4,CD4.c09.Tm.CCL5,CD4_Tm.EffMem,full_core,31,GYG1,False,False,False,False
CD4,CD4.c09.Tm.CCL5,CD4_Tm.EffMem,full_core,32,NLRP3,False,False,False,False
CD4,CD4.c09.Tm.CCL5,CD4_Tm.EffMem,full_core,33,CTSW,False,False,False,False
CD4,CD4.c09.Tm.CCL5,CD4_Tm.EffMem,full_core,34,SPRY1,False,False,False,False
CD4,CD4.c09.Tm.CCL5,CD4_Tm.EffMem,full_core,35,CEBPD,False,False,False,False
CD4,CD4.c09.Tm.CCL5,CD4_Tm.EffMem,full_core,36,PTGER2,False,False,False,False
CD4,CD4.c09.Tm.CCL5,CD4_Tm.EffMem,full_core,37,EOMES,False,False,False,False
CD4,CD4.c09.Tm.CCL5,CD4_Tm.EffMem,full_core,38,S100A8,False,False,False,False
CD4,CD4.c09.Tm.CCL5,CD4_Tm.EffMem,full_core,39,IL4,False,False,False,False
CD4,CD4.c09.Tm.CCL5,CD4_Tm.EffMem,full_core,40,ACRC,False,False,False,False
CD4,CD4.c09.Tm.CCL5,CD4_Tm.EffMem,full_core,41,IGFBP3,False,False,False,False
CD4,CD4.c10.Tm.CAPG,CD4_Tm.EffMem,standard,1,SH3BGRL3,False,True,True,False
CD4,CD4.c10.Tm.CAPG,CD4_Tm.EffMem,standard,2,TMSB4X,False,True,True,False
CD4,CD4.c10.Tm.CAPG,CD4_Tm.EffMem,standard,3,PFN1,False,True,True,False
CD4,CD4.c10.Tm.CAPG,CD4_Tm.EffMem,standard,4,CAPG,False,False,False,False
CD4,CD4.c10.Tm.CAPG,CD4_Tm.EffMem,standard,5,MYL12B,False,False,False,False
CD4,CD4.c10.Tm.CAPG,CD4_Tm.EffMem,standard,6,MYL12A,False,False,False,False
CD4,CD4.c10.Tm.CAPG,CD4_Tm.EffMem,standard,7,ACTB,False,True,True,False
CD4,CD4.c10.Tm.CAPG,CD4_Tm.EffMem,standard,8,CFL1,False,True,True,False
CD4,CD4.c10.Tm.CAPG,CD4_Tm.EffMem,standard,9,LCP1,False,False,False,False
CD4,CD4.c10.Tm.CAPG,CD4_Tm.EffMem,standard,10,S100A11,False,False,False,False
CD4,CD4.c10.Tm.CAPG,CD4_Tm.EffMem,standard,11,LAPTM5,False,False,False,False
CD4,CD4.c10.Tm.CAPG,CD4_Tm.EffMem,standard,12,VIM,False,False,False,False
CD4,CD4.c10.Tm.CAPG,CD4_Tm.EffMem,standard,13,BHLHE40,False,False,False,False
CD4,CD4.c10.Tm.CAPG,CD4_Tm.EffMem,standard,14,MSN,False,False,False,False
CD4,CD4.c10.Tm.CAPG,CD4_Tm.EffMem,standard,15,MYL6,False,True,True,False
CD4,CD4.c10.Tm.CAPG,CD4_Tm.EffMem,standard,16,ANXA1,False,False,False,True
CD4,CD4.c10.Tm.CAPG,CD4_Tm.EffMem,standard,17,CD6,False,False,False,False
CD4,CD4.c10.Tm.CAPG,CD4_Tm.EffMem,standard,18,MCL1,False,False,False,False
CD4,CD4.c10.Tm.CAPG,CD4_Tm.EffMem,standard,19,CAPZB,False,False,False,False
CD4,CD4.c10.Tm.CAPG,CD4_Tm.EffMem,standard,20,CD99,False,False,False,False
CD4,CD4.c10.Tm.CAPG,CD4_Tm.EffMem,standard,21,CORO1A,False,False,False,False
CD4,CD4.c10.Tm.CAPG,CD4_Tm.EffMem,standard,22,MYH9,False,False,False,False
CD4,CD4.c10.Tm.CAPG,CD4_Tm.EffMem,standard,23,PSME1,False,False,False,False
CD4,CD4.c10.Tm.CAPG,CD4_Tm.EffMem,standard,24,GZMA,False,False,False,False
CD4,CD4.c10.Tm.CAPG,CD4_Tm.EffMem,standard,25,COTL1,False,False,False,False
CD4,CD4.c10.Tm.CAPG,CD4_Tm.EffMem,standard,26,CD52,False,False,False,False
CD4,CD4.c10.Tm.CAPG,CD4_Tm.EffMem,standard,27,ARPC3,False,False,False,False
CD4,CD4.c10.Tm.CAPG,CD4_Tm.EffMem,standard,28,ARPC2,False,False,False,False
CD4,CD4.c10.Tm.CAPG,CD4_Tm.EffMem,standard,29,CLIC1,False,False,False,False
CD4,CD4.c10.Tm.CAPG,CD4_Tm.EffMem,standard,30,HLA-C,True,True,False,False
CD4,CD4.c10.Tm.CAPG,CD4_Tm.EffMem,standard,31,ADGRE5,False,False,False,False
CD4,CD4.c10.Tm.CAPG,CD4_Tm.EffMem,standard,32,GUK1,False,False,False,False
CD4,CD4.c10.Tm.CAPG,CD4_Tm.EffMem,standard,33,RARRES3,False,False,False,False
CD4,CD4.c10.Tm.CAPG,CD4_Tm.EffMem,standard,34,TPM4,False,False,False,False
CD4,CD4.c10.Tm.CAPG,CD4_Tm.EffMem,standard,35,CAP1,False,False,False,False
CD4,CD4.c10.Tm.CAPG,CD4_Tm.EffMem,standard,36,CIB1,False,False,False,False
CD4,CD4.c10.Tm.CAPG,CD4_Tm.EffMem,standard,37,PSME2,False,False,False,False
CD4,CD4.c10.Tm.CAPG,CD4_Tm.EffMem,standard,38,GAPDH,False,True,True,False
CD4,CD4.c10.Tm.CAPG,CD4_Tm.EffMem,standard,39,IL2RG,False,False,False,False
CD4,CD4.c10.Tm.CAPG,CD4_Tm.EffMem,standard,40,FLT3LG,False,False,False,False
CD4,CD4.c10.Tm.CAPG,CD4_Tm.EffMem,standard,41,S100A4,False,False,False,False
CD4,CD4.c10.Tm.CAPG,CD4_Tm.EffMem,standard,42,CYBA,False,False,False,False
CD4,CD4.c10.Tm.CAPG,CD4_Tm.EffMem,standard,43,PGK1,False,False,False,False
CD4,CD4.c10.Tm.CAPG,CD4_Tm.EffMem,standard,44,RAC2,False,False,False,False
CD4,CD4.c10.Tm.CAPG,CD4_Tm.EffMem,standard,45,ZYX,False,False,False,False
CD4,CD4.c10.Tm.CAPG,CD4_Tm.EffMem,standard,46,ANXA2,False,False,False,False
CD4,CD4.c10.Tm.CAPG,CD4_Tm.EffMem,standard,47,ARPC1B,False,False,False,False
CD4,CD4.c10.Tm.CAPG,CD4_Tm.EffMem,standard,48,ITGB7,False,False,False,False
CD4,CD4.c10.Tm.CAPG,CD4_Tm.EffMem,standard,49,ENO1,False,False,False,False
CD4,CD4.c10.Tm.CAPG,CD4_Tm.EffMem,standard,50,OSTF1,False,False,False,False
CD4,CD4.c10.Tm.CAPG,CD4_Tm.EffMem,filter_only,1,CAPG,False,False,False,False
CD4,CD4.c10.Tm.CAPG,CD4_Tm.EffMem,filter_only,2,MYL12B,False,False,False,False
CD4,CD4.c10.Tm.CAPG,CD4_Tm.EffMem,filter_only,3,MYL12A,False,False,False,False
CD4,CD4.c10.Tm.CAPG,CD4_Tm.EffMem,filter_only,4,CFL1,False,True,True,False
CD4,CD4.c10.Tm.CAPG,CD4_Tm.EffMem,filter_only,5,LCP1,False,False,False,False
CD4,CD4.c10.Tm.CAPG,CD4_Tm.EffMem,filter_only,6,S100A11,False,False,False,False
CD4,CD4.c10.Tm.CAPG,CD4_Tm.EffMem,filter_only,7,LAPTM5,False,False,False,False
CD4,CD4.c10.Tm.CAPG,CD4_Tm.EffMem,filter_only,8,VIM,False,False,False,False
CD4,CD4.c10.Tm.CAPG,CD4_Tm.EffMem,filter_only,9,BHLHE40,False,False,False,False
CD4,CD4.c10.Tm.CAPG,CD4_Tm.EffMem,filter_only,10,MSN,False,False,False,False
CD4,CD4.c10.Tm.CAPG,CD4_Tm.EffMem,filter_only,11,MYL6,False,True,True,False
CD4,CD4.c10.Tm.CAPG,CD4_Tm.EffMem,filter_only,12,ANXA1,False,False,False,True
CD4,CD4.c10.Tm.CAPG,CD4_Tm.EffMem,filter_only,13,CD6,False,False,False,False
CD4,CD4.c10.Tm.CAPG,CD4_Tm.EffMem,filter_only,14,MCL1,False,False,False,False
CD4,CD4.c10.Tm.CAPG,CD4_Tm.EffMem,filter_only,15,CAPZB,False,False,False,False
CD4,CD4.c10.Tm.CAPG,CD4_Tm.EffMem,filter_only,16,CD99,False,False,False,False
CD4,CD4.c10.Tm.CAPG,CD4_Tm.EffMem,filter_only,17,CORO1A,False,False,False,False
CD4,CD4.c10.Tm.CAPG,CD4_Tm.EffMem,filter_only,18,MYH9,False,False,False,False
CD4,CD4.c10.Tm.CAPG,CD4_Tm.EffMem,filter_only,19,PSME1,False,False,False,False
CD4,CD4.c10.Tm.CAPG,CD4_Tm.EffMem,filter_only,20,GZMA,False,False,False,False
CD4,CD4.c10.Tm.CAPG,CD4_Tm.EffMem,filter_only,21,COTL1,False,False,False,False
CD4,CD4.c10.Tm.CAPG,CD4_Tm.EffMem,filter_only,22,CD52,False,False,False,False
CD4,CD4.c10.Tm.CAPG,CD4_Tm.EffMem,filter_only,23,ARPC3,False,False,False,False
CD4,CD4.c10.Tm.CAPG,CD4_Tm.EffMem,filter_only,24,ARPC2,False,False,False,False
CD4,CD4.c10.Tm.CAPG,CD4_Tm.EffMem,filter_only,25,CLIC1,False,False,False,False
CD4,CD4.c10.Tm.CAPG,CD4_Tm.EffMem,filter_only,26,ADGRE5,False,False,False,False
CD4,CD4.c10.Tm.CAPG,CD4_Tm.EffMem,filter_only,27,GUK1,False,False,False,False
CD4,CD4.c10.Tm.CAPG,CD4_Tm.EffMem,filter_only,28,RARRES3,False,False,False,False
CD4,CD4.c10.Tm.CAPG,CD4_Tm.EffMem,filter_only,29,TPM4,False,False,False,False
CD4,CD4.c10.Tm.CAPG,CD4_Tm.EffMem,filter_only,30,CAP1,False,False,False,False
CD4,CD4.c10.Tm.CAPG,CD4_Tm.EffMem,filter_only,31,CIB1,False,False,False,False
CD4,CD4.c10.Tm.CAPG,CD4_Tm.EffMem,filter_only,32,PSME2,False,False,False,False
CD4,CD4.c10.Tm.CAPG,CD4_Tm.EffMem,filter_only,33,IL2RG,False,False,False,False
CD4,CD4.c10.Tm.CAPG,CD4_Tm.EffMem,filter_only,34,FLT3LG,False,False,False,False
CD4,CD4.c10.Tm.CAPG,CD4_Tm.EffMem,filter_only,35,S100A4,False,False,False,False
CD4,CD4.c10.Tm.CAPG,CD4_Tm.EffMem,filter_only,36,CYBA,False,False,False,False
CD4,CD4.c10.Tm.CAPG,CD4_Tm.EffMem,filter_only,37,PGK1,False,False,False,False
CD4,CD4.c10.Tm.CAPG,CD4_Tm.EffMem,filter_only,38,RAC2,False,False,False,False
CD4,CD4.c10.Tm.CAPG,CD4_Tm.EffMem,filter_only,39,ZYX,False,False,False,False
CD4,CD4.c10.Tm.CAPG,CD4_Tm.EffMem,filter_only,40,ANXA2,False,False,False,False
CD4,CD4.c10.Tm.CAPG,CD4_Tm.EffMem,filter_only,41,ARPC1B,False,False,False,False
CD4,CD4.c10.Tm.CAPG,CD4_Tm.EffMem,filter_only,42,ITGB7,False,False,False,False
CD4,CD4.c10.Tm.CAPG,CD4_Tm.EffMem,filter_only,43,ENO1,False,False,False,False
CD4,CD4.c10.Tm.CAPG,CD4_Tm.EffMem,filter_only,44,OSTF1,False,False,False,False
CD4,CD4.c10.Tm.CAPG,CD4_Tm.EffMem,filter_only,45,ACTN4,False,False,False,False
CD4,CD4.c10.Tm.CAPG,CD4_Tm.EffMem,filter_only,46,PDE4D,False,False,False,False
CD4,CD4.c10.Tm.CAPG,CD4_Tm.EffMem,filter_only,47,ALOX5AP,False,False,False,False
CD4,CD4.c10.Tm.CAPG,CD4_Tm.EffMem,filter_only,48,IFITM2,False,False,False,False
CD4,CD4.c10.Tm.CAPG,CD4_Tm.EffMem,filter_only,49,CD82,False,False,False,False
CD4,CD4.c10.Tm.CAPG,CD4_Tm.EffMem,filter_only,50,COPE,False,False,False,False
CD4,CD4.c10.Tm.CAPG,CD4_Tm.EffMem,regex_mask,1,CAPG,False,False,False,False
CD4,CD4.c10.Tm.CAPG,CD4_Tm.EffMem,regex_mask,2,MYL12B,False,False,False,False
CD4,CD4.c10.Tm.CAPG,CD4_Tm.EffMem,regex_mask,3,MYL12A,False,False,False,False
CD4,CD4.c10.Tm.CAPG,CD4_Tm.EffMem,regex_mask,4,CFL1,False,True,True,False
CD4,CD4.c10.Tm.CAPG,CD4_Tm.EffMem,regex_mask,5,LCP1,False,False,False,False
CD4,CD4.c10.Tm.CAPG,CD4_Tm.EffMem,regex_mask,6,S100A11,False,False,False,False
CD4,CD4.c10.Tm.CAPG,CD4_Tm.EffMem,regex_mask,7,LAPTM5,False,False,False,False
CD4,CD4.c10.Tm.CAPG,CD4_Tm.EffMem,regex_mask,8,VIM,False,False,False,False
CD4,CD4.c10.Tm.CAPG,CD4_Tm.EffMem,regex_mask,9,BHLHE40,False,False,False,False
CD4,CD4.c10.Tm.CAPG,CD4_Tm.EffMem,regex_mask,10,MSN,False,False,False,False
CD4,CD4.c10.Tm.CAPG,CD4_Tm.EffMem,regex_mask,11,MYL6,False,True,True,False
CD4,CD4.c10.Tm.CAPG,CD4_Tm.EffMem,regex_mask,12,ANXA1,False,False,False,True
CD4,CD4.c10.Tm.CAPG,CD4_Tm.EffMem,regex_mask,13,CD6,False,False,False,False
CD4,CD4.c10.Tm.CAPG,CD4_Tm.EffMem,regex_mask,14,MCL1,False,False,False,False
CD4,CD4.c10.Tm.CAPG,CD4_Tm.EffMem,regex_mask,15,CAPZB,False,False,False,False
CD4,CD4.c10.Tm.CAPG,CD4_Tm.EffMem,regex_mask,16,CD99,False,False,False,False
CD4,CD4.c10.Tm.CAPG,CD4_Tm.EffMem,regex_mask,17,CORO1A,False,False,False,False
CD4,CD4.c10.Tm.CAPG,CD4_Tm.EffMem,regex_mask,18,MYH9,False,False,False,False
CD4,CD4.c10.Tm.CAPG,CD4_Tm.EffMem,regex_mask,19,PSME1,False,False,False,False
CD4,CD4.c10.Tm.CAPG,CD4_Tm.EffMem,regex_mask,20,GZMA,False,False,False,False
CD4,CD4.c10.Tm.CAPG,CD4_Tm.EffMem,regex_mask,21,COTL1,False,False,False,False
CD4,CD4.c10.Tm.CAPG,CD4_Tm.EffMem,regex_mask,22,CD52,False,False,False,False
CD4,CD4.c10.Tm.CAPG,CD4_Tm.EffMem,regex_mask,23,ARPC3,False,False,False,False
CD4,CD4.c10.Tm.CAPG,CD4_Tm.EffMem,regex_mask,24,ARPC2,False,False,False,False
CD4,CD4.c10.Tm.CAPG,CD4_Tm.EffMem,regex_mask,25,CLIC1,False,False,False,False
CD4,CD4.c10.Tm.CAPG,CD4_Tm.EffMem,regex_mask,26,ADGRE5,False,False,False,False
CD4,CD4.c10.Tm.CAPG,CD4_Tm.EffMem,regex_mask,27,GUK1,False,False,False,False
CD4,CD4.c10.Tm.CAPG,CD4_Tm.EffMem,regex_mask,28,RARRES3,False,False,False,False
CD4,CD4.c10.Tm.CAPG,CD4_Tm.EffMem,regex_mask,29,TPM4,False,False,False,False
CD4,CD4.c10.Tm.CAPG,CD4_Tm.EffMem,regex_mask,30,CAP1,False,False,False,False
CD4,CD4.c10.Tm.CAPG,CD4_Tm.EffMem,regex_mask,31,CIB1,False,False,False,False
CD4,CD4.c10.Tm.CAPG,CD4_Tm.EffMem,regex_mask,32,PSME2,False,False,False,False
CD4,CD4.c10.Tm.CAPG,CD4_Tm.EffMem,regex_mask,33,IL2RG,False,False,False,False
CD4,CD4.c10.Tm.CAPG,CD4_Tm.EffMem,regex_mask,34,FLT3LG,False,False,False,False
CD4,CD4.c10.Tm.CAPG,CD4_Tm.EffMem,regex_mask,35,S100A4,False,False,False,False
CD4,CD4.c10.Tm.CAPG,CD4_Tm.EffMem,regex_mask,36,CYBA,False,False,False,False
CD4,CD4.c10.Tm.CAPG,CD4_Tm.EffMem,regex_mask,37,PGK1,False,False,False,False
CD4,CD4.c10.Tm.CAPG,CD4_Tm.EffMem,regex_mask,38,RAC2,False,False,False,False
CD4,CD4.c10.Tm.CAPG,CD4_Tm.EffMem,regex_mask,39,ZYX,False,False,False,False
CD4,CD4.c10.Tm.CAPG,CD4_Tm.EffMem,regex_mask,40,ANXA2,False,False,False,False
CD4,CD4.c10.Tm.CAPG,CD4_Tm.EffMem,regex_mask,41,ARPC1B,False,False,False,False
CD4,CD4.c10.Tm.CAPG,CD4_Tm.EffMem,regex_mask,42,ITGB7,False,False,False,False
CD4,CD4.c10.Tm.CAPG,CD4_Tm.EffMem,regex_mask,43,ENO1,False,False,False,False
CD4,CD4.c10.Tm.CAPG,CD4_Tm.EffMem,regex_mask,44,OSTF1,False,False,False,False
CD4,CD4.c10.Tm.CAPG,CD4_Tm.EffMem,regex_mask,45,ACTN4,False,False,False,False
CD4,CD4.c10.Tm.CAPG,CD4_Tm.EffMem,regex_mask,46,PDE4D,False,False,False,False
CD4,CD4.c10.Tm.CAPG,CD4_Tm.EffMem,regex_mask,47,ALOX5AP,False,False,False,False
CD4,CD4.c10.Tm.CAPG,CD4_Tm.EffMem,regex_mask,48,IFITM2,False,False,False,False
CD4,CD4.c10.Tm.CAPG,CD4_Tm.EffMem,regex_mask,49,CD82,False,False,False,False
CD4,CD4.c10.Tm.CAPG,CD4_Tm.EffMem,regex_mask,50,COPE,False,False,False,False
CD4,CD4.c10.Tm.CAPG,CD4_Tm.EffMem,full_core,1,CAPG,False,False,False,False
CD4,CD4.c10.Tm.CAPG,CD4_Tm.EffMem,full_core,2,VIM,False,False,False,False
CD4,CD4.c10.Tm.CAPG,CD4_Tm.EffMem,full_core,3,ANXA1,False,False,False,True
CD4,CD4.c10.Tm.CAPG,CD4_Tm.EffMem,full_core,4,CORO1A,False,False,False,False
CD4,CD4.c10.Tm.CAPG,CD4_Tm.EffMem,full_core,5,GZMA,False,False,False,False
CD4,CD4.c10.Tm.CAPG,CD4_Tm.EffMem,full_core,6,COTL1,False,False,False,False
CD4,CD4.c10.Tm.CAPG,CD4_Tm.EffMem,full_core,7,ARPC2,False,False,False,False
CD4,CD4.c10.Tm.CAPG,CD4_Tm.EffMem,full_core,8,TPM4,False,False,False,False
CD4,CD4.c10.Tm.CAPG,CD4_Tm.EffMem,full_core,9,PSME2,False,False,False,False
CD4,CD4.c10.Tm.CAPG,CD4_Tm.EffMem,full_core,10,S100A4,False,False,False,False
CD4,CD4.c10.Tm.CAPG,CD4_Tm.EffMem,full_core,11,ANXA2,False,False,False,False
CD4,CD4.c10.Tm.CAPG,CD4_Tm.EffMem,full_core,12,ARPC1B,False,False,False,False
CD4,CD4.c10.Tm.CAPG,CD4_Tm.EffMem,full_core,13,ENO1,False,False,False,False
CD4,CD4.c10.Tm.CAPG,CD4_Tm.EffMem,full_core,14,CNN2,False,False,False,False
CD4,CD4.c10.Tm.CAPG,CD4_Tm.EffMem,full_core,15,WDR1,False,False,False,False
CD4,CD4.c10.Tm.CAPG,CD4_Tm.EffMem,full_core,16,S100A6,False,False,False,False
CD4,CD4.c10.Tm.CAPG,CD4_Tm.EffMem,full_core,17,STAT1,False,False,False,False
CD4,CD4.c10.Tm.CAPG,CD4_Tm.EffMem,full_core,18,ABRACL,False,False,False,False
CD4,CD4.c10.Tm.CAPG,CD4_Tm.EffMem,full_core,19,KLRB1,False,False,False,False
CD4,CD4.c10.Tm.CAPG,CD4_Tm.EffMem,full_core,20,YWHAQ,False,False,False,False
CD4,CD4.c10.Tm.CAPG,CD4_Tm.EffMem,full_core,21,CRIP1,False,False,False,False
CD4,CD4.c10.Tm.CAPG,CD4_Tm.EffMem,full_core,22,ARPC5,False,False,False,False
CD4,CD4.c10.Tm.CAPG,CD4_Tm.EffMem,full_core,23,HOPX,False,False,False,False
CD4,CD4.c10.Tm.CAPG,CD4_Tm.EffMem,full_core,24,LGALS3,False,False,False,False
CD4,CD4.c10.Tm.CAPG,CD4_Tm.EffMem,full_core,25,CD3D,False,False,False,False
CD4,CD4.c10.Tm.CAPG,CD4_Tm.EffMem,full_core,26,CLEC2B,False,False,False,False
CD4,CD4.c10.Tm.CAPG,CD4_Tm.EffMem,full_core,27,ATP5G3,False,False,False,False
CD4,CD4.c10.Tm.CAPG,CD4_Tm.EffMem,full_core,28,CTSH,False,False,False,False
CD4,CD4.c10.Tm.CAPG,CD4_Tm.EffMem,full_core,29,CCL5,False,False,False,False
CD4,CD4.c10.Tm.CAPG,CD4_Tm.EffMem,full_core,30,RBM3,False,False,False,False
CD4,CD4.c10.Tm.CAPG,CD4_Tm.EffMem,full_core,31,UBE2L3,False,False,False,False
CD4,CD4.c10.Tm.CAPG,CD4_Tm.EffMem,full_core,32,LDLRAD4,False,False,False,False
CD4,CD4.c10.Tm.CAPG,CD4_Tm.EffMem,full_core,33,CTSL,False,False,False,False
CD4,CD4.c10.Tm.CAPG,CD4_Tm.EffMem,full_core,34,PPP1CA,False,False,False,False
CD4,CD4.c10.Tm.CAPG,CD4_Tm.EffMem,full_core,35,AQP3,False,False,False,True
CD4,CD4.c10.Tm.CAPG,CD4_Tm.EffMem,full_core,36,FLNA,False,False,False,False
CD4,CD4.c10.Tm.CAPG,CD4_Tm.EffMem,full_core,37,ATP5C1,False,False,False,False
CD4,CD4.c10.Tm.CAPG,CD4_Tm.EffMem,full_core,38,GPI,False,False,False,False
CD4,CD4.c10.Tm.CAPG,CD4_Tm.EffMem,full_core,39,ID2,False,False,False,False
CD4,CD4.c10.Tm.CAPG,CD4_Tm.EffMem,full_core,40,LDHA,False,False,False,False
CD4,CD4.c10.Tm.CAPG,CD4_Tm.EffMem,full_core,41,CXCR6,False,False,False,False
CD4,CD4.c10.Tm.CAPG,CD4_Tm.EffMem,full_core,42,CD3G,False,False,False,False
CD4,CD4.c10.Tm.CAPG,CD4_Tm.EffMem,full_core,43,LMNA,False,False,False,False
CD4,CD4.c10.Tm.CAPG,CD4_Tm.EffMem,full_core,44,CXCR3,False,False,False,False
CD4,CD4.c10.Tm.CAPG,CD4_Tm.EffMem,full_core,45,TIMP1,False,False,False,False
CD4,CD4.c10.Tm.CAPG,CD4_Tm.EffMem,full_core,46,PGAM1,False,False,False,False
CD4,CD4.c10.Tm.CAPG,CD4_Tm.EffMem,full_core,47,PPIB,False,False,False,False
CD4,CD4.c10.Tm.CAPG,CD4_Tm.EffMem,full_core,48,KIAA0319L,False,False,False,False
CD4,CD4.c10.Tm.CAPG,CD4_Tm.EffMem,full_core,49,ANXA5,False,False,False,False
CD4,CD4.c10.Tm.CAPG,CD4_Tm.EffMem,full_core,50,C11orf31,False,False,False,False
CD4,CD4.c11.Tm.GZMA,CD4_Tm.EffMem,standard,1,CCL5,False,False,False,False
CD4,CD4.c11.Tm.GZMA,CD4_Tm.EffMem,standard,2,GZMA,False,False,False,False
CD4,CD4.c11.Tm.GZMA,CD4_Tm.EffMem,standard,3,SH3BGRL3,False,True,True,False
CD4,CD4.c11.Tm.GZMA,CD4_Tm.EffMem,standard,4,CCL4,False,False,False,False
CD4,CD4.c11.Tm.GZMA,CD4_Tm.EffMem,standard,5,CD52,False,False,False,False
CD4,CD4.c11.Tm.GZMA,CD4_Tm.EffMem,standard,6,TMSB4X,False,True,True,False
CD4,CD4.c11.Tm.GZMA,CD4_Tm.EffMem,standard,7,HCST,False,False,False,False
CD4,CD4.c11.Tm.GZMA,CD4_Tm.EffMem,standard,8,GZMH,False,False,False,False
CD4,CD4.c11.Tm.GZMA,CD4_Tm.EffMem,standard,9,CD99,False,False,False,False
CD4,CD4.c11.Tm.GZMA,CD4_Tm.EffMem,standard,10,CST7,False,False,False,False
CD4,CD4.c11.Tm.GZMA,CD4_Tm.EffMem,standard,11,ANXA1,False,False,False,True
CD4,CD4.c11.Tm.GZMA,CD4_Tm.EffMem,standard,12,HOPX,False,False,False,False
CD4,CD4.c11.Tm.GZMA,CD4_Tm.EffMem,standard,13,ALOX5AP,False,False,False,False
CD4,CD4.c11.Tm.GZMA,CD4_Tm.EffMem,standard,14,IFITM2,False,False,False,False
CD4,CD4.c11.Tm.GZMA,CD4_Tm.EffMem,standard,15,S100A4,False,False,False,False
CD4,CD4.c11.Tm.GZMA,CD4_Tm.EffMem,standard,16,CRIP1,False,False,False,False
CD4,CD4.c11.Tm.GZMA,CD4_Tm.EffMem,standard,17,CXCR6,False,False,False,False
CD4,CD4.c11.Tm.GZMA,CD4_Tm.EffMem,standard,18,CLIC1,False,False,False,False
CD4,CD4.c11.Tm.GZMA,CD4_Tm.EffMem,standard,19,LSP1,False,False,False,False
CD4,CD4.c11.Tm.GZMA,CD4_Tm.EffMem,standard,20,RARRES3,False,False,False,False
CD4,CD4.c11.Tm.GZMA,CD4_Tm.EffMem,standard,21,CD63,False,False,False,False
CD4,CD4.c11.Tm.GZMA,CD4_Tm.EffMem,standard,22,CTSD,False,False,False,False
CD4,CD4.c11.Tm.GZMA,CD4_Tm.EffMem,standard,23,CFL1,False,True,True,False
CD4,CD4.c11.Tm.GZMA,CD4_Tm.EffMem,standard,24,S100A10,False,False,False,False
CD4,CD4.c11.Tm.GZMA,CD4_Tm.EffMem,standard,25,MYL12A,False,False,False,False
CD4,CD4.c11.Tm.GZMA,CD4_Tm.EffMem,standard,26,CD6,False,False,False,False
CD4,CD4.c11.Tm.GZMA,CD4_Tm.EffMem,standard,27,CORO1A,False,False,False,False
CD4,CD4.c11.Tm.GZMA,CD4_Tm.EffMem,standard,28,CAPG,False,False,False,False
CD4,CD4.c11.Tm.GZMA,CD4_Tm.EffMem,standard,29,BHLHE40,False,False,False,False
CD4,CD4.c11.Tm.GZMA,CD4_Tm.EffMem,standard,30,CKLF,False,False,False,False
CD4,CD4.c11.Tm.GZMA,CD4_Tm.EffMem,standard,31,ACTB,False,True,True,False
CD4,CD4.c11.Tm.GZMA,CD4_Tm.EffMem,standard,32,GZMB,False,False,False,False
CD4,CD4.c11.Tm.GZMA,CD4_Tm.EffMem,standard,33,S100A6,False,False,False,False
CD4,CD4.c11.Tm.GZMA,CD4_Tm.EffMem,standard,34,APOBEC3G,False,False,False,False
CD4,CD4.c11.Tm.GZMA,CD4_Tm.EffMem,standard,35,GLUL,False,False,False,False
CD4,CD4.c11.Tm.GZMA,CD4_Tm.EffMem,standard,36,MYL12B,False,False,False,False
CD4,CD4.c11.Tm.GZMA,CD4_Tm.EffMem,standard,37,GLIPR2,False,False,False,False
CD4,CD4.c11.Tm.GZMA,CD4_Tm.EffMem,standard,38,ANXA2,False,False,False,False
CD4,CD4.c11.Tm.GZMA,CD4_Tm.EffMem,standard,39,SCML4,False,False,False,False
CD4,CD4.c11.Tm.GZMA,CD4_Tm.EffMem,standard,40,B2M,False,True,True,False
CD4,CD4.c11.Tm.GZMA,CD4_Tm.EffMem,standard,41,GZMK,False,False,False,False
CD4,CD4.c11.Tm.GZMA,CD4_Tm.EffMem,standard,42,ID2,False,False,False,False
CD4,CD4.c11.Tm.GZMA,CD4_Tm.EffMem,standard,43,VIM,False,False,False,False
CD4,CD4.c11.Tm.GZMA,CD4_Tm.EffMem,standard,44,PDCD1,False,False,False,False
CD4,CD4.c11.Tm.GZMA,CD4_Tm.EffMem,standard,45,ERN1,False,False,False,False
CD4,CD4.c11.Tm.GZMA,CD4_Tm.EffMem,standard,46,ARPC3,False,False,False,False
CD4,CD4.c11.Tm.GZMA,CD4_Tm.EffMem,standard,47,ITGB2,False,False,False,False
CD4,CD4.c11.Tm.GZMA,CD4_Tm.EffMem,standard,48,PRF1,False,False,False,False
CD4,CD4.c11.Tm.GZMA,CD4_Tm.EffMem,standard,49,S100A11,False,False,False,False
CD4,CD4.c11.Tm.GZMA,CD4_Tm.EffMem,standard,50,PSME1,False,False,False,False
CD4,CD4.c11.Tm.GZMA,CD4_Tm.EffMem,filter_only,1,CCL5,False,False,False,False
CD4,CD4.c11.Tm.GZMA,CD4_Tm.EffMem,filter_only,2,GZMA,False,False,False,False
CD4,CD4.c11.Tm.GZMA,CD4_Tm.EffMem,filter_only,3,CCL4,False,False,False,False
CD4,CD4.c11.Tm.GZMA,CD4_Tm.EffMem,filter_only,4,CD52,False,False,False,False
CD4,CD4.c11.Tm.GZMA,CD4_Tm.EffMem,filter_only,5,HCST,False,False,False,False
CD4,CD4.c11.Tm.GZMA,CD4_Tm.EffMem,filter_only,6,GZMH,False,False,False,False
CD4,CD4.c11.Tm.GZMA,CD4_Tm.EffMem,filter_only,7,CD99,False,False,False,False
CD4,CD4.c11.Tm.GZMA,CD4_Tm.EffMem,filter_only,8,CST7,False,False,False,False
CD4,CD4.c11.Tm.GZMA,CD4_Tm.EffMem,filter_only,9,ANXA1,False,False,False,True
CD4,CD4.c11.Tm.GZMA,CD4_Tm.EffMem,filter_only,10,HOPX,False,False,False,False
CD4,CD4.c11.Tm.GZMA,CD4_Tm.EffMem,filter_only,11,ALOX5AP,False,False,False,False
CD4,CD4.c11.Tm.GZMA,CD4_Tm.EffMem,filter_only,12,IFITM2,False,False,False,False
CD4,CD4.c11.Tm.GZMA,CD4_Tm.EffMem,filter_only,13,S100A4,False,False,False,False
CD4,CD4.c11.Tm.GZMA,CD4_Tm.EffMem,filter_only,14,CRIP1,False,False,False,False
CD4,CD4.c11.Tm.GZMA,CD4_Tm.EffMem,filter_only,15,CXCR6,False,False,False,False
CD4,CD4.c11.Tm.GZMA,CD4_Tm.EffMem,filter_only,16,CLIC1,False,False,False,False
CD4,CD4.c11.Tm.GZMA,CD4_Tm.EffMem,filter_only,17,LSP1,False,False,False,False
CD4,CD4.c11.Tm.GZMA,CD4_Tm.EffMem,filter_only,18,RARRES3,False,False,False,False
CD4,CD4.c11.Tm.GZMA,CD4_Tm.EffMem,filter_only,19,CD63,False,False,False,False
CD4,CD4.c11.Tm.GZMA,CD4_Tm.EffMem,filter_only,20,CTSD,False,False,False,False
CD4,CD4.c11.Tm.GZMA,CD4_Tm.EffMem,filter_only,21,S100A10,False,False,False,False
CD4,CD4.c11.Tm.GZMA,CD4_Tm.EffMem,filter_only,22,MYL12A,False,False,False,False
CD4,CD4.c11.Tm.GZMA,CD4_Tm.EffMem,filter_only,23,CD6,False,False,False,False
CD4,CD4.c11.Tm.GZMA,CD4_Tm.EffMem,filter_only,24,CORO1A,False,False,False,False
CD4,CD4.c11.Tm.GZMA,CD4_Tm.EffMem,filter_only,25,CAPG,False,False,False,False
CD4,CD4.c11.Tm.GZMA,CD4_Tm.EffMem,filter_only,26,BHLHE40,False,False,False,False
CD4,CD4.c11.Tm.GZMA,CD4_Tm.EffMem,filter_only,27,CKLF,False,False,False,False
CD4,CD4.c11.Tm.GZMA,CD4_Tm.EffMem,filter_only,28,GZMB,False,False,False,False
CD4,CD4.c11.Tm.GZMA,CD4_Tm.EffMem,filter_only,29,S100A6,False,False,False,False
CD4,CD4.c11.Tm.GZMA,CD4_Tm.EffMem,filter_only,30,APOBEC3G,False,False,False,False
CD4,CD4.c11.Tm.GZMA,CD4_Tm.EffMem,filter_only,31,GLUL,False,False,False,False
CD4,CD4.c11.Tm.GZMA,CD4_Tm.EffMem,filter_only,32,MYL12B,False,False,False,False
CD4,CD4.c11.Tm.GZMA,CD4_Tm.EffMem,filter_only,33,GLIPR2,False,False,False,False
CD4,CD4.c11.Tm.GZMA,CD4_Tm.EffMem,filter_only,34,ANXA2,False,False,False,False
CD4,CD4.c11.Tm.GZMA,CD4_Tm.EffMem,filter_only,35,SCML4,False,False,False,False
CD4,CD4.c11.Tm.GZMA,CD4_Tm.EffMem,filter_only,36,GZMK,False,False,False,False
CD4,CD4.c11.Tm.GZMA,CD4_Tm.EffMem,filter_only,37,ID2,False,False,False,False
CD4,CD4.c11.Tm.GZMA,CD4_Tm.EffMem,filter_only,38,VIM,False,False,False,False
CD4,CD4.c11.Tm.GZMA,CD4_Tm.EffMem,filter_only,39,PDCD1,False,False,False,False
CD4,CD4.c11.Tm.GZMA,CD4_Tm.EffMem,filter_only,40,ERN1,False,False,False,False
CD4,CD4.c11.Tm.GZMA,CD4_Tm.EffMem,filter_only,41,ARPC3,False,False,False,False
CD4,CD4.c11.Tm.GZMA,CD4_Tm.EffMem,filter_only,42,ITGB2,False,False,False,False
CD4,CD4.c11.Tm.GZMA,CD4_Tm.EffMem,filter_only,43,PRF1,False,False,False,False
CD4,CD4.c11.Tm.GZMA,CD4_Tm.EffMem,filter_only,44,S100A11,False,False,False,False
CD4,CD4.c11.Tm.GZMA,CD4_Tm.EffMem,filter_only,45,PSME1,False,False,False,False
CD4,CD4.c11.Tm.GZMA,CD4_Tm.EffMem,filter_only,46,LY6E,False,False,False,False
CD4,CD4.c11.Tm.GZMA,CD4_Tm.EffMem,filter_only,47,TSPO,False,False,False,False
CD4,CD4.c11.Tm.GZMA,CD4_Tm.EffMem,filter_only,48,EVL,False,False,False,False
CD4,CD4.c11.Tm.GZMA,CD4_Tm.EffMem,filter_only,49,TGFBR2,False,False,False,False
CD4,CD4.c11.Tm.GZMA,CD4_Tm.EffMem,filter_only,50,LGALS1,False,False,False,False
CD4,CD4.c11.Tm.GZMA,CD4_Tm.EffMem,regex_mask,1,CCL5,False,False,False,False
CD4,CD4.c11.Tm.GZMA,CD4_Tm.EffMem,regex_mask,2,GZMA,False,False,False,False
CD4,CD4.c11.Tm.GZMA,CD4_Tm.EffMem,regex_mask,3,CCL4,False,False,False,False
CD4,CD4.c11.Tm.GZMA,CD4_Tm.EffMem,regex_mask,4,CD52,False,False,False,False
CD4,CD4.c11.Tm.GZMA,CD4_Tm.EffMem,regex_mask,5,HCST,False,False,False,False
CD4,CD4.c11.Tm.GZMA,CD4_Tm.EffMem,regex_mask,6,GZMH,False,False,False,False
CD4,CD4.c11.Tm.GZMA,CD4_Tm.EffMem,regex_mask,7,CD99,False,False,False,False
CD4,CD4.c11.Tm.GZMA,CD4_Tm.EffMem,regex_mask,8,CST7,False,False,False,False
CD4,CD4.c11.Tm.GZMA,CD4_Tm.EffMem,regex_mask,9,ANXA1,False,False,False,True
CD4,CD4.c11.Tm.GZMA,CD4_Tm.EffMem,regex_mask,10,HOPX,False,False,False,False
CD4,CD4.c11.Tm.GZMA,CD4_Tm.EffMem,regex_mask,11,ALOX5AP,False,False,False,False
CD4,CD4.c11.Tm.GZMA,CD4_Tm.EffMem,regex_mask,12,IFITM2,False,False,False,False
CD4,CD4.c11.Tm.GZMA,CD4_Tm.EffMem,regex_mask,13,S100A4,False,False,False,False
CD4,CD4.c11.Tm.GZMA,CD4_Tm.EffMem,regex_mask,14,CRIP1,False,False,False,False
CD4,CD4.c11.Tm.GZMA,CD4_Tm.EffMem,regex_mask,15,CXCR6,False,False,False,False
CD4,CD4.c11.Tm.GZMA,CD4_Tm.EffMem,regex_mask,16,CLIC1,False,False,False,False
CD4,CD4.c11.Tm.GZMA,CD4_Tm.EffMem,regex_mask,17,LSP1,False,False,False,False
CD4,CD4.c11.Tm.GZMA,CD4_Tm.EffMem,regex_mask,18,RARRES3,False,False,False,False
CD4,CD4.c11.Tm.GZMA,CD4_Tm.EffMem,regex_mask,19,CD63,False,False,False,False
CD4,CD4.c11.Tm.GZMA,CD4_Tm.EffMem,regex_mask,20,CTSD,False,False,False,False
CD4,CD4.c11.Tm.GZMA,CD4_Tm.EffMem,regex_mask,21,S100A10,False,False,False,False
CD4,CD4.c11.Tm.GZMA,CD4_Tm.EffMem,regex_mask,22,MYL12A,False,False,False,False
CD4,CD4.c11.Tm.GZMA,CD4_Tm.EffMem,regex_mask,23,CD6,False,False,False,False
CD4,CD4.c11.Tm.GZMA,CD4_Tm.EffMem,regex_mask,24,CORO1A,False,False,False,False
CD4,CD4.c11.Tm.GZMA,CD4_Tm.EffMem,regex_mask,25,CAPG,False,False,False,False
CD4,CD4.c11.Tm.GZMA,CD4_Tm.EffMem,regex_mask,26,BHLHE40,False,False,False,False
CD4,CD4.c11.Tm.GZMA,CD4_Tm.EffMem,regex_mask,27,CKLF,False,False,False,False
CD4,CD4.c11.Tm.GZMA,CD4_Tm.EffMem,regex_mask,28,GZMB,False,False,False,False
CD4,CD4.c11.Tm.GZMA,CD4_Tm.EffMem,regex_mask,29,S100A6,False,False,False,False
CD4,CD4.c11.Tm.GZMA,CD4_Tm.EffMem,regex_mask,30,APOBEC3G,False,False,False,False
CD4,CD4.c11.Tm.GZMA,CD4_Tm.EffMem,regex_mask,31,GLUL,False,False,False,False
CD4,CD4.c11.Tm.GZMA,CD4_Tm.EffMem,regex_mask,32,MYL12B,False,False,False,False
CD4,CD4.c11.Tm.GZMA,CD4_Tm.EffMem,regex_mask,33,GLIPR2,False,False,False,False
CD4,CD4.c11.Tm.GZMA,CD4_Tm.EffMem,regex_mask,34,ANXA2,False,False,False,False
CD4,CD4.c11.Tm.GZMA,CD4_Tm.EffMem,regex_mask,35,SCML4,False,False,False,False
CD4,CD4.c11.Tm.GZMA,CD4_Tm.EffMem,regex_mask,36,GZMK,False,False,False,False
CD4,CD4.c11.Tm.GZMA,CD4_Tm.EffMem,regex_mask,37,ID2,False,False,False,False
CD4,CD4.c11.Tm.GZMA,CD4_Tm.EffMem,regex_mask,38,VIM,False,False,False,False
CD4,CD4.c11.Tm.GZMA,CD4_Tm.EffMem,regex_mask,39,PDCD1,False,False,False,False
CD4,CD4.c11.Tm.GZMA,CD4_Tm.EffMem,regex_mask,40,ERN1,False,False,False,False
CD4,CD4.c11.Tm.GZMA,CD4_Tm.EffMem,regex_mask,41,ARPC3,False,False,False,False
CD4,CD4.c11.Tm.GZMA,CD4_Tm.EffMem,regex_mask,42,ITGB2,False,False,False,False
CD4,CD4.c11.Tm.GZMA,CD4_Tm.EffMem,regex_mask,43,PRF1,False,False,False,False
CD4,CD4.c11.Tm.GZMA,CD4_Tm.EffMem,regex_mask,44,S100A11,False,False,False,False
CD4,CD4.c11.Tm.GZMA,CD4_Tm.EffMem,regex_mask,45,PSME1,False,False,False,False
CD4,CD4.c11.Tm.GZMA,CD4_Tm.EffMem,regex_mask,46,LY6E,False,False,False,False
CD4,CD4.c11.Tm.GZMA,CD4_Tm.EffMem,regex_mask,47,TSPO,False,False,False,False
CD4,CD4.c11.Tm.GZMA,CD4_Tm.EffMem,regex_mask,48,EVL,False,False,False,False
CD4,CD4.c11.Tm.GZMA,CD4_Tm.EffMem,regex_mask,49,TGFBR2,False,False,False,False
CD4,CD4.c11.Tm.GZMA,CD4_Tm.EffMem,regex_mask,50,LGALS1,False,False,False,False
CD4,CD4.c11.Tm.GZMA,CD4_Tm.EffMem,full_core,1,CCL5,False,False,False,False
CD4,CD4.c11.Tm.GZMA,CD4_Tm.EffMem,full_core,2,GZMA,False,False,False,False
CD4,CD4.c11.Tm.GZMA,CD4_Tm.EffMem,full_core,3,CCL4,False,False,False,False
CD4,CD4.c11.Tm.GZMA,CD4_Tm.EffMem,full_core,4,GZMH,False,False,False,False
CD4,CD4.c11.Tm.GZMA,CD4_Tm.EffMem,full_core,5,ANXA1,False,False,False,True
CD4,CD4.c11.Tm.GZMA,CD4_Tm.EffMem,full_core,6,HOPX,False,False,False,False
CD4,CD4.c11.Tm.GZMA,CD4_Tm.EffMem,full_core,7,S100A4,False,False,False,False
CD4,CD4.c11.Tm.GZMA,CD4_Tm.EffMem,full_core,8,CRIP1,False,False,False,False
CD4,CD4.c11.Tm.GZMA,CD4_Tm.EffMem,full_core,9,CXCR6,False,False,False,False
CD4,CD4.c11.Tm.GZMA,CD4_Tm.EffMem,full_core,10,CORO1A,False,False,False,False
CD4,CD4.c11.Tm.GZMA,CD4_Tm.EffMem,full_core,11,CAPG,False,False,False,False
CD4,CD4.c11.Tm.GZMA,CD4_Tm.EffMem,full_core,12,GZMB,False,False,False,False
CD4,CD4.c11.Tm.GZMA,CD4_Tm.EffMem,full_core,13,S100A6,False,False,False,False
CD4,CD4.c11.Tm.GZMA,CD4_Tm.EffMem,full_core,14,GLUL,False,False,False,False
CD4,CD4.c11.Tm.GZMA,CD4_Tm.EffMem,full_core,15,ANXA2,False,False,False,False
CD4,CD4.c11.Tm.GZMA,CD4_Tm.EffMem,full_core,16,GZMK,False,False,False,False
CD4,CD4.c11.Tm.GZMA,CD4_Tm.EffMem,full_core,17,ID2,False,False,False,False
CD4,CD4.c11.Tm.GZMA,CD4_Tm.EffMem,full_core,18,VIM,False,False,False,False
CD4,CD4.c11.Tm.GZMA,CD4_Tm.EffMem,full_core,19,PRF1,False,False,False,False
CD4,CD4.c11.Tm.GZMA,CD4_Tm.EffMem,full_core,20,LGALS1,False,False,False,False
CD4,CD4.c11.Tm.GZMA,CD4_Tm.EffMem,full_core,21,PPIB,False,False,False,False
CD4,CD4.c11.Tm.GZMA,CD4_Tm.EffMem,full_core,22,IFNG,False,False,False,False
CD4,CD4.c11.Tm.GZMA,CD4_Tm.EffMem,full_core,23,CXCR3,False,False,False,False
CD4,CD4.c11.Tm.GZMA,CD4_Tm.EffMem,full_core,24,GNLY,False,False,False,False
CD4,CD4.c11.Tm.GZMA,CD4_Tm.EffMem,full_core,25,GYG1,False,False,False,False
CD4,CD4.c11.Tm.GZMA,CD4_Tm.EffMem,full_core,26,NKG7,False,False,False,False
CD4,CD4.c11.Tm.GZMA,CD4_Tm.EffMem,full_core,27,LAG3,False,False,False,False
CD4,CD4.c11.Tm.GZMA,CD4_Tm.EffMem,full_core,28,ARPC2,False,False,False,False
CD4,CD4.c11.Tm.GZMA,CD4_Tm.EffMem,full_core,29,HLA-DRB5,False,False,False,False
CD4,CD4.c11.Tm.GZMA,CD4_Tm.EffMem,full_core,30,IDH2,False,False,False,False
CD4,CD4.c11.Tm.GZMA,CD4_Tm.EffMem,full_core,31,EFHD2,False,False,False,False
CD4,CD4.c11.Tm.GZMA,CD4_Tm.EffMem,full_core,32,CD4,False,False,False,False
CD4,CD4.c11.Tm.GZMA,CD4_Tm.EffMem,full_core,33,COTL1,False,False,False,False
CD4,CD4.c11.Tm.GZMA,CD4_Tm.EffMem,full_core,34,HLA-DRB1,False,False,False,False
CD4,CD4.c11.Tm.GZMA,CD4_Tm.EffMem,full_core,35,PSME2,False,False,False,False
CD4,CD4.c11.Tm.GZMA,CD4_Tm.EffMem,full_core,36,PTMS,False,False,False,False
CD4,CD4.c11.Tm.GZMA,CD4_Tm.EffMem,full_core,37,FLNA,False,False,False,False
CD4,CD4.c11.Tm.GZMA,CD4_Tm.EffMem,full_core,38,OASL,False,False,False,False
CD4,CD4.c11.Tm.GZMA,CD4_Tm.EffMem,full_core,39,KLRB1,False,False,False,False
CD4,CD4.c11.Tm.GZMA,CD4_Tm.EffMem,full_core,40,TXN,False,False,False,False
CD4,CD4.c11.Tm.GZMA,CD4_Tm.EffMem,full_core,41,ARPC5,False,False,False,False
CD4,CD4.c11.Tm.GZMA,CD4_Tm.EffMem,full_core,42,CITED2,False,False,False,False
CD4,CD4.c11.Tm.GZMA,CD4_Tm.EffMem,full_core,43,PSMA7,False,False,False,False
CD4,CD4.c11.Tm.GZMA,CD4_Tm.EffMem,full_core,44,CCL4L2,False,False,False,False
CD4,CD4.c11.Tm.GZMA,CD4_Tm.EffMem,full_core,45,C12orf75,False,False,False,False
CD4,CD4.c11.Tm.GZMA,CD4_Tm.EffMem,full_core,46,YWHAQ,False,False,False,False
CD4,CD4.c11.Tm.GZMA,CD4_Tm.EffMem,full_core,47,AC092580.4,False,False,False,False
CD4,CD4.c11.Tm.GZMA,CD4_Tm.EffMem,full_core,48,CNN2,False,False,False,False
CD4,CD4.c11.Tm.GZMA,CD4_Tm.EffMem,full_core,49,ANKRD28,False,False,False,False
CD4,CD4.c11.Tm.GZMA,CD4_Tm.EffMem,full_core,50,CLEC2B,False,False,False,False
CD4,CD4.c12.Tem.GZMK,CD4_Tem.EffMem,standard,1,GZMK,False,False,False,True
CD4,CD4.c12.Tem.GZMK,CD4_Tem.EffMem,standard,2,CST7,False,False,False,False
CD4,CD4.c12.Tem.GZMK,CD4_Tem.EffMem,standard,3,GZMA,False,False,False,False
CD4,CD4.c12.Tem.GZMK,CD4_Tem.EffMem,standard,4,CCL5,False,False,False,False
CD4,CD4.c12.Tem.GZMK,CD4_Tem.EffMem,standard,5,CCL4,False,False,False,False
CD4,CD4.c12.Tem.GZMK,CD4_Tem.EffMem,standard,6,HLA-DPB1,False,False,False,False
CD4,CD4.c12.Tem.GZMK,CD4_Tem.EffMem,standard,7,DUSP2,False,False,False,False
CD4,CD4.c12.Tem.GZMK,CD4_Tem.EffMem,standard,8,GZMH,False,False,False,False
CD4,CD4.c12.Tem.GZMK,CD4_Tem.EffMem,standard,9,CD74,False,False,False,False
CD4,CD4.c12.Tem.GZMK,CD4_Tem.EffMem,standard,10,TUBA4A,False,False,False,False
CD4,CD4.c12.Tem.GZMK,CD4_Tem.EffMem,standard,11,DUSP4,False,False,False,False
CD4,CD4.c12.Tem.GZMK,CD4_Tem.EffMem,standard,12,RGCC,False,False,False,False
CD4,CD4.c12.Tem.GZMK,CD4_Tem.EffMem,standard,13,APOBEC3G,False,False,False,False
CD4,CD4.c12.Tem.GZMK,CD4_Tem.EffMem,standard,14,HLA-A,True,True,False,False
CD4,CD4.c12.Tem.GZMK,CD4_Tem.EffMem,standard,15,HLA-DPA1,False,False,False,False
CD4,CD4.c12.Tem.GZMK,CD4_Tem.EffMem,standard,16,CXCR4,False,False,False,False
CD4,CD4.c12.Tem.GZMK,CD4_Tem.EffMem,standard,17,GZMM,False,False,False,False
CD4,CD4.c12.Tem.GZMK,CD4_Tem.EffMem,standard,18,RPL23A,True,True,False,False
CD4,CD4.c12.Tem.GZMK,CD4_Tem.EffMem,standard,19,TMEM2,False,False,False,False
CD4,CD4.c12.Tem.GZMK,CD4_Tem.EffMem,standard,20,NKG7,False,False,False,False
CD4,CD4.c12.Tem.GZMK,CD4_Tem.EffMem,standard,21,TC2N,False,False,False,False
CD4,CD4.c12.Tem.GZMK,CD4_Tem.EffMem,standard,22,RNF19A,False,False,False,False
CD4,CD4.c12.Tem.GZMK,CD4_Tem.EffMem,standard,23,YPEL5,False,False,False,False
CD4,CD4.c12.Tem.GZMK,CD4_Tem.EffMem,standard,24,LITAF,False,False,False,False
CD4,CD4.c12.Tem.GZMK,CD4_Tem.EffMem,standard,25,HNRNPLL,False,False,False,False
CD4,CD4.c12.Tem.GZMK,CD4_Tem.EffMem,standard,26,CD44,False,False,False,False
CD4,CD4.c12.Tem.GZMK,CD4_Tem.EffMem,standard,27,TRAT1,False,False,False,False
CD4,CD4.c12.Tem.GZMK,CD4_Tem.EffMem,standard,28,ENC1,False,False,False,False
CD4,CD4.c12.Tem.GZMK,CD4_Tem.EffMem,standard,29,RARRES3,False,False,False,False
CD4,CD4.c12.Tem.GZMK,CD4_Tem.EffMem,standard,30,HLA-DRB1,False,False,False,False
CD4,CD4.c12.Tem.GZMK,CD4_Tem.EffMem,standard,31,SH2D1A,False,False,False,False
CD4,CD4.c12.Tem.GZMK,CD4_Tem.EffMem,standard,32,ITM2C,False,False,False,False
CD4,CD4.c12.Tem.GZMK,CD4_Tem.EffMem,standard,33,ITGB2,False,False,False,False
CD4,CD4.c12.Tem.GZMK,CD4_Tem.EffMem,standard,34,CCL4L2,False,False,False,False
CD4,CD4.c12.Tem.GZMK,CD4_Tem.EffMem,standard,35,COTL1,False,False,False,False
CD4,CD4.c12.Tem.GZMK,CD4_Tem.EffMem,standard,36,SRSF7,False,False,False,False
CD4,CD4.c12.Tem.GZMK,CD4_Tem.EffMem,standard,37,ITM2A,False,False,False,False
CD4,CD4.c12.Tem.GZMK,CD4_Tem.EffMem,standard,38,RPL13A,True,True,False,False
CD4,CD4.c12.Tem.GZMK,CD4_Tem.EffMem,standard,39,CD4,False,False,False,False
CD4,CD4.c12.Tem.GZMK,CD4_Tem.EffMem,standard,40,NFATC2,False,False,False,False
CD4,CD4.c12.Tem.GZMK,CD4_Tem.EffMem,standard,41,RPL28,True,True,False,False
CD4,CD4.c12.Tem.GZMK,CD4_Tem.EffMem,standard,42,LEPROTL1,False,False,False,False
CD4,CD4.c12.Tem.GZMK,CD4_Tem.EffMem,standard,43,EOMES,False,False,False,False
CD4,CD4.c12.Tem.GZMK,CD4_Tem.EffMem,standard,44,CNN2,False,False,False,False
CD4,CD4.c12.Tem.GZMK,CD4_Tem.EffMem,standard,45,RALGAPA1,False,False,False,False
CD4,CD4.c12.Tem.GZMK,CD4_Tem.EffMem,standard,46,CRTAM,False,False,False,False
CD4,CD4.c12.Tem.GZMK,CD4_Tem.EffMem,standard,47,F2R,False,False,False,False
CD4,CD4.c12.Tem.GZMK,CD4_Tem.EffMem,standard,48,TERF2IP,False,False,False,False
CD4,CD4.c12.Tem.GZMK,CD4_Tem.EffMem,standard,49,SDCBP,False,False,False,False
CD4,CD4.c12.Tem.GZMK,CD4_Tem.EffMem,standard,50,PTPRCAP,False,False,False,False
CD4,CD4.c12.Tem.GZMK,CD4_Tem.EffMem,filter_only,1,GZMK,False,False,False,True
CD4,CD4.c12.Tem.GZMK,CD4_Tem.EffMem,filter_only,2,CST7,False,False,False,False
CD4,CD4.c12.Tem.GZMK,CD4_Tem.EffMem,filter_only,3,GZMA,False,False,False,False
CD4,CD4.c12.Tem.GZMK,CD4_Tem.EffMem,filter_only,4,CCL5,False,False,False,False
CD4,CD4.c12.Tem.GZMK,CD4_Tem.EffMem,filter_only,5,CCL4,False,False,False,False
CD4,CD4.c12.Tem.GZMK,CD4_Tem.EffMem,filter_only,6,HLA-DPB1,False,False,False,False
CD4,CD4.c12.Tem.GZMK,CD4_Tem.EffMem,filter_only,7,DUSP2,False,False,False,False
CD4,CD4.c12.Tem.GZMK,CD4_Tem.EffMem,filter_only,8,GZMH,False,False,False,False
CD4,CD4.c12.Tem.GZMK,CD4_Tem.EffMem,filter_only,9,CD74,False,False,False,False
CD4,CD4.c12.Tem.GZMK,CD4_Tem.EffMem,filter_only,10,TUBA4A,False,False,False,False
CD4,CD4.c12.Tem.GZMK,CD4_Tem.EffMem,filter_only,11,DUSP4,False,False,False,False
CD4,CD4.c12.Tem.GZMK,CD4_Tem.EffMem,filter_only,12,RGCC,False,False,False,False
CD4,CD4.c12.Tem.GZMK,CD4_Tem.EffMem,filter_only,13,APOBEC3G,False,False,False,False
CD4,CD4.c12.Tem.GZMK,CD4_Tem.EffMem,filter_only,14,HLA-DPA1,False,False,False,False
CD4,CD4.c12.Tem.GZMK,CD4_Tem.EffMem,filter_only,15,CXCR4,False,False,False,False
CD4,CD4.c12.Tem.GZMK,CD4_Tem.EffMem,filter_only,16,GZMM,False,False,False,False
CD4,CD4.c12.Tem.GZMK,CD4_Tem.EffMem,filter_only,17,TMEM2,False,False,False,False
CD4,CD4.c12.Tem.GZMK,CD4_Tem.EffMem,filter_only,18,NKG7,False,False,False,False
CD4,CD4.c12.Tem.GZMK,CD4_Tem.EffMem,filter_only,19,TC2N,False,False,False,False
CD4,CD4.c12.Tem.GZMK,CD4_Tem.EffMem,filter_only,20,RNF19A,False,False,False,False
CD4,CD4.c12.Tem.GZMK,CD4_Tem.EffMem,filter_only,21,YPEL5,False,False,False,False
CD4,CD4.c12.Tem.GZMK,CD4_Tem.EffMem,filter_only,22,LITAF,False,False,False,False
CD4,CD4.c12.Tem.GZMK,CD4_Tem.EffMem,filter_only,23,HNRNPLL,False,False,False,False
CD4,CD4.c12.Tem.GZMK,CD4_Tem.EffMem,filter_only,24,CD44,False,False,False,False
CD4,CD4.c12.Tem.GZMK,CD4_Tem.EffMem,filter_only,25,TRAT1,False,False,False,False
CD4,CD4.c12.Tem.GZMK,CD4_Tem.EffMem,filter_only,26,ENC1,False,False,False,False
CD4,CD4.c12.Tem.GZMK,CD4_Tem.EffMem,filter_only,27,RARRES3,False,False,False,False
CD4,CD4.c12.Tem.GZMK,CD4_Tem.EffMem,filter_only,28,HLA-DRB1,False,False,False,False
CD4,CD4.c12.Tem.GZMK,CD4_Tem.EffMem,filter_only,29,SH2D1A,False,False,False,False
CD4,CD4.c12.Tem.GZMK,CD4_Tem.EffMem,filter_only,30,ITM2C,False,False,False,False
CD4,CD4.c12.Tem.GZMK,CD4_Tem.EffMem,filter_only,31,ITGB2,False,False,False,False
CD4,CD4.c12.Tem.GZMK,CD4_Tem.EffMem,filter_only,32,CCL4L2,False,False,False,False
CD4,CD4.c12.Tem.GZMK,CD4_Tem.EffMem,filter_only,33,COTL1,False,False,False,False
CD4,CD4.c12.Tem.GZMK,CD4_Tem.EffMem,filter_only,34,SRSF7,False,False,False,False
CD4,CD4.c12.Tem.GZMK,CD4_Tem.EffMem,filter_only,35,ITM2A,False,False,False,False
CD4,CD4.c12.Tem.GZMK,CD4_Tem.EffMem,filter_only,36,CD4,False,False,False,False
CD4,CD4.c12.Tem.GZMK,CD4_Tem.EffMem,filter_only,37,NFATC2,False,False,False,False
CD4,CD4.c12.Tem.GZMK,CD4_Tem.EffMem,filter_only,38,LEPROTL1,False,False,False,False
CD4,CD4.c12.Tem.GZMK,CD4_Tem.EffMem,filter_only,39,EOMES,False,False,False,False
CD4,CD4.c12.Tem.GZMK,CD4_Tem.EffMem,filter_only,40,CNN2,False,False,False,False
CD4,CD4.c12.Tem.GZMK,CD4_Tem.EffMem,filter_only,41,RALGAPA1,False,False,False,False
CD4,CD4.c12.Tem.GZMK,CD4_Tem.EffMem,filter_only,42,CRTAM,False,False,False,False
CD4,CD4.c12.Tem.GZMK,CD4_Tem.EffMem,filter_only,43,F2R,False,False,False,False
CD4,CD4.c12.Tem.GZMK,CD4_Tem.EffMem,filter_only,44,TERF2IP,False,False,False,False
CD4,CD4.c12.Tem.GZMK,CD4_Tem.EffMem,filter_only,45,SDCBP,False,False,False,False
CD4,CD4.c12.Tem.GZMK,CD4_Tem.EffMem,filter_only,46,TNFSF9,False,False,False,False
CD4,CD4.c12.Tem.GZMK,CD4_Tem.EffMem,filter_only,47,HLA-DRB5,False,False,False,False
CD4,CD4.c12.Tem.GZMK,CD4_Tem.EffMem,filter_only,48,SAMD3,False,False,False,False
CD4,CD4.c12.Tem.GZMK,CD4_Tem.EffMem,filter_only,49,CD6,False,False,False,False
CD4,CD4.c12.Tem.GZMK,CD4_Tem.EffMem,filter_only,50,ZNF331,False,False,False,False
CD4,CD4.c12.Tem.GZMK,CD4_Tem.EffMem,regex_mask,1,GZMK,False,False,False,True
CD4,CD4.c12.Tem.GZMK,CD4_Tem.EffMem,regex_mask,2,CST7,False,False,False,False
CD4,CD4.c12.Tem.GZMK,CD4_Tem.EffMem,regex_mask,3,GZMA,False,False,False,False
CD4,CD4.c12.Tem.GZMK,CD4_Tem.EffMem,regex_mask,4,CCL5,False,False,False,False
CD4,CD4.c12.Tem.GZMK,CD4_Tem.EffMem,regex_mask,5,CCL4,False,False,False,False
CD4,CD4.c12.Tem.GZMK,CD4_Tem.EffMem,regex_mask,6,HLA-DPB1,False,False,False,False
CD4,CD4.c12.Tem.GZMK,CD4_Tem.EffMem,regex_mask,7,DUSP2,False,False,False,False
CD4,CD4.c12.Tem.GZMK,CD4_Tem.EffMem,regex_mask,8,GZMH,False,False,False,False
CD4,CD4.c12.Tem.GZMK,CD4_Tem.EffMem,regex_mask,9,CD74,False,False,False,False
CD4,CD4.c12.Tem.GZMK,CD4_Tem.EffMem,regex_mask,10,TUBA4A,False,False,False,False
CD4,CD4.c12.Tem.GZMK,CD4_Tem.EffMem,regex_mask,11,DUSP4,False,False,False,False
CD4,CD4.c12.Tem.GZMK,CD4_Tem.EffMem,regex_mask,12,RGCC,False,False,False,False
CD4,CD4.c12.Tem.GZMK,CD4_Tem.EffMem,regex_mask,13,APOBEC3G,False,False,False,False
CD4,CD4.c12.Tem.GZMK,CD4_Tem.EffMem,regex_mask,14,HLA-DPA1,False,False,False,False
CD4,CD4.c12.Tem.GZMK,CD4_Tem.EffMem,regex_mask,15,CXCR4,False,False,False,False
CD4,CD4.c12.Tem.GZMK,CD4_Tem.EffMem,regex_mask,16,GZMM,False,False,False,False
CD4,CD4.c12.Tem.GZMK,CD4_Tem.EffMem,regex_mask,17,TMEM2,False,False,False,False
CD4,CD4.c12.Tem.GZMK,CD4_Tem.EffMem,regex_mask,18,NKG7,False,False,False,False
CD4,CD4.c12.Tem.GZMK,CD4_Tem.EffMem,regex_mask,19,TC2N,False,False,False,False
CD4,CD4.c12.Tem.GZMK,CD4_Tem.EffMem,regex_mask,20,RNF19A,False,False,False,False
CD4,CD4.c12.Tem.GZMK,CD4_Tem.EffMem,regex_mask,21,YPEL5,False,False,False,False
CD4,CD4.c12.Tem.GZMK,CD4_Tem.EffMem,regex_mask,22,LITAF,False,False,False,False
CD4,CD4.c12.Tem.GZMK,CD4_Tem.EffMem,regex_mask,23,HNRNPLL,False,False,False,False
CD4,CD4.c12.Tem.GZMK,CD4_Tem.EffMem,regex_mask,24,CD44,False,False,False,False
CD4,CD4.c12.Tem.GZMK,CD4_Tem.EffMem,regex_mask,25,TRAT1,False,False,False,False
CD4,CD4.c12.Tem.GZMK,CD4_Tem.EffMem,regex_mask,26,ENC1,False,False,False,False
CD4,CD4.c12.Tem.GZMK,CD4_Tem.EffMem,regex_mask,27,RARRES3,False,False,False,False
CD4,CD4.c12.Tem.GZMK,CD4_Tem.EffMem,regex_mask,28,HLA-DRB1,False,False,False,False
CD4,CD4.c12.Tem.GZMK,CD4_Tem.EffMem,regex_mask,29,SH2D1A,False,False,False,False
CD4,CD4.c12.Tem.GZMK,CD4_Tem.EffMem,regex_mask,30,ITM2C,False,False,False,False
CD4,CD4.c12.Tem.GZMK,CD4_Tem.EffMem,regex_mask,31,ITGB2,False,False,False,False
CD4,CD4.c12.Tem.GZMK,CD4_Tem.EffMem,regex_mask,32,CCL4L2,False,False,False,False
CD4,CD4.c12.Tem.GZMK,CD4_Tem.EffMem,regex_mask,33,COTL1,False,False,False,False
CD4,CD4.c12.Tem.GZMK,CD4_Tem.EffMem,regex_mask,34,SRSF7,False,False,False,False
CD4,CD4.c12.Tem.GZMK,CD4_Tem.EffMem,regex_mask,35,ITM2A,False,False,False,False
CD4,CD4.c12.Tem.GZMK,CD4_Tem.EffMem,regex_mask,36,CD4,False,False,False,False
CD4,CD4.c12.Tem.GZMK,CD4_Tem.EffMem,regex_mask,37,NFATC2,False,False,False,False
CD4,CD4.c12.Tem.GZMK,CD4_Tem.EffMem,regex_mask,38,LEPROTL1,False,False,False,False
CD4,CD4.c12.Tem.GZMK,CD4_Tem.EffMem,regex_mask,39,EOMES,False,False,False,False
CD4,CD4.c12.Tem.GZMK,CD4_Tem.EffMem,regex_mask,40,CNN2,False,False,False,False
CD4,CD4.c12.Tem.GZMK,CD4_Tem.EffMem,regex_mask,41,RALGAPA1,False,False,False,False
CD4,CD4.c12.Tem.GZMK,CD4_Tem.EffMem,regex_mask,42,CRTAM,False,False,False,False
CD4,CD4.c12.Tem.GZMK,CD4_Tem.EffMem,regex_mask,43,F2R,False,False,False,False
CD4,CD4.c12.Tem.GZMK,CD4_Tem.EffMem,regex_mask,44,TERF2IP,False,False,False,False
CD4,CD4.c12.Tem.GZMK,CD4_Tem.EffMem,regex_mask,45,SDCBP,False,False,False,False
CD4,CD4.c12.Tem.GZMK,CD4_Tem.EffMem,regex_mask,46,TNFSF9,False,False,False,False
CD4,CD4.c12.Tem.GZMK,CD4_Tem.EffMem,regex_mask,47,HLA-DRB5,False,False,False,False
CD4,CD4.c12.Tem.GZMK,CD4_Tem.EffMem,regex_mask,48,SAMD3,False,False,False,False
CD4,CD4.c12.Tem.GZMK,CD4_Tem.EffMem,regex_mask,49,CD6,False,False,False,False
CD4,CD4.c12.Tem.GZMK,CD4_Tem.EffMem,regex_mask,50,ZNF331,False,False,False,False
CD4,CD4.c12.Tem.GZMK,CD4_Tem.EffMem,full_core,1,GZMK,False,False,False,True
CD4,CD4.c12.Tem.GZMK,CD4_Tem.EffMem,full_core,2,GZMA,False,False,False,False
CD4,CD4.c12.Tem.GZMK,CD4_Tem.EffMem,full_core,3,CCL5,False,False,False,False
CD4,CD4.c12.Tem.GZMK,CD4_Tem.EffMem,full_core,4,CCL4,False,False,False,False
CD4,CD4.c12.Tem.GZMK,CD4_Tem.EffMem,full_core,5,GZMH,False,False,False,False
CD4,CD4.c12.Tem.GZMK,CD4_Tem.EffMem,full_core,6,CD74,False,False,False,False
CD4,CD4.c12.Tem.GZMK,CD4_Tem.EffMem,full_core,7,DUSP4,False,False,False,False
CD4,CD4.c12.Tem.GZMK,CD4_Tem.EffMem,full_core,8,HLA-DPA1,False,False,False,False
CD4,CD4.c12.Tem.GZMK,CD4_Tem.EffMem,full_core,9,NKG7,False,False,False,False
CD4,CD4.c12.Tem.GZMK,CD4_Tem.EffMem,full_core,10,ENC1,False,False,False,False
CD4,CD4.c12.Tem.GZMK,CD4_Tem.EffMem,full_core,11,HLA-DRB1,False,False,False,False
CD4,CD4.c12.Tem.GZMK,CD4_Tem.EffMem,full_core,12,ITM2C,False,False,False,False
CD4,CD4.c12.Tem.GZMK,CD4_Tem.EffMem,full_core,13,CCL4L2,False,False,False,False
CD4,CD4.c12.Tem.GZMK,CD4_Tem.EffMem,full_core,14,COTL1,False,False,False,False
CD4,CD4.c12.Tem.GZMK,CD4_Tem.EffMem,full_core,15,CD4,False,False,False,False
CD4,CD4.c12.Tem.GZMK,CD4_Tem.EffMem,full_core,16,EOMES,False,False,False,False
CD4,CD4.c12.Tem.GZMK,CD4_Tem.EffMem,full_core,17,CNN2,False,False,False,False
CD4,CD4.c12.Tem.GZMK,CD4_Tem.EffMem,full_core,18,CRTAM,False,False,False,False
CD4,CD4.c12.Tem.GZMK,CD4_Tem.EffMem,full_core,19,TNFSF9,False,False,False,False
CD4,CD4.c12.Tem.GZMK,CD4_Tem.EffMem,full_core,20,HLA-DRB5,False,False,False,False
CD4,CD4.c12.Tem.GZMK,CD4_Tem.EffMem,full_core,21,ZNF331,False,False,False,False
CD4,CD4.c12.Tem.GZMK,CD4_Tem.EffMem,full_core,22,CLEC2B,False,False,False,False
CD4,CD4.c12.Tem.GZMK,CD4_Tem.EffMem,full_core,23,HLA-DRA,False,False,False,False
CD4,CD4.c12.Tem.GZMK,CD4_Tem.EffMem,full_core,24,IFNG,False,False,False,False
CD4,CD4.c12.Tem.GZMK,CD4_Tem.EffMem,full_core,25,NR4A2,False,False,False,False
CD4,CD4.c12.Tem.GZMK,CD4_Tem.EffMem,full_core,26,GYG1,False,False,False,False
CD4,CD4.c12.Tem.GZMK,CD4_Tem.EffMem,full_core,27,PSMA7,False,False,False,False
CD4,CD4.c12.Tem.GZMK,CD4_Tem.EffMem,full_core,28,CD27,False,False,False,False
CD4,CD4.c12.Tem.GZMK,CD4_Tem.EffMem,full_core,29,OASL,False,False,False,False
CD4,CD4.c12.Tem.GZMK,CD4_Tem.EffMem,full_core,30,HLA-DMA,False,False,False,False
CD4,CD4.c12.Tem.GZMK,CD4_Tem.EffMem,full_core,31,AP3S1,False,False,False,False
CD4,CD4.c12.Tem.GZMK,CD4_Tem.EffMem,full_core,32,PRF1,False,False,False,False
CD4,CD4.c12.Tem.GZMK,CD4_Tem.EffMem,full_core,33,CCL3L3,False,False,False,False
CD4,CD4.c12.Tem.GZMK,CD4_Tem.EffMem,full_core,34,CTSW,False,False,False,False
CD4,CD4.c12.Tem.GZMK,CD4_Tem.EffMem,full_core,35,TNIP3,False,False,False,False
CD4,CD4.c12.Tem.GZMK,CD4_Tem.EffMem,full_core,36,CXCR3,False,False,False,False
CD4,CD4.c12.Tem.GZMK,CD4_Tem.EffMem,full_core,37,ANXA1,False,False,False,True
CD4,CD4.c12.Tem.GZMK,CD4_Tem.EffMem,full_core,38,CCL3,False,False,False,False
CD4,CD4.c12.Tem.GZMK,CD4_Tem.EffMem,full_core,39,HLA-DQA1,False,False,False,False
CD4,CD4.c12.Tem.GZMK,CD4_Tem.EffMem,full_core,40,NUCB2,False,False,False,False
CD4,CD4.c12.Tem.GZMK,CD4_Tem.EffMem,full_core,41,NR4A3,False,False,False,False
CD4,CD4.c12.Tem.GZMK,CD4_Tem.EffMem,full_core,42,SEMA4A,False,False,False,False
CD4,CD4.c12.Tem.GZMK,CD4_Tem.EffMem,full_core,43,XCL2,False,False,False,False
CD4,CD4.c12.Tem.GZMK,CD4_Tem.EffMem,full_core,44,PLEK,False,False,False,False
CD4,CD4.c12.Tem.GZMK,CD4_Tem.EffMem,full_core,45,HLA-DQB1,False,False,False,False
CD4,CD4.c12.Tem.GZMK,CD4_Tem.EffMem,full_core,46,SMARCA2,False,False,False,False
CD4,CD4.c12.Tem.GZMK,CD4_Tem.EffMem,full_core,47,IL10,False,False,False,False
CD4,CD4.c12.Tem.GZMK,CD4_Tem.EffMem,full_core,48,CXCR5,False,False,False,False
CD4,CD4.c12.Tem.GZMK,CD4_Tem.EffMem,full_core,49,NEU1,False,False,False,False
CD4,CD4.c12.Tem.GZMK,CD4_Tem.EffMem,full_core,50,LYAR,False,False,False,False
CD4,CD4.c13.Temra.CX3CR1,CD4_Temra.EffMem,standard,1,NKG7,False,False,False,True
CD4,CD4.c13.Temra.CX3CR1,CD4_Temra.EffMem,standard,2,CCL5,False,False,False,True
CD4,CD4.c13.Temra.CX3CR1,CD4_Temra.EffMem,standard,3,GZMH,False,False,False,False
CD4,CD4.c13.Temra.CX3CR1,CD4_Temra.EffMem,standard,4,CST7,False,False,False,False
CD4,CD4.c13.Temra.CX3CR1,CD4_Temra.EffMem,standard,5,PRF1,False,False,False,True
CD4,CD4.c13.Temra.CX3CR1,CD4_Temra.EffMem,standard,6,CCL4,False,False,False,False
CD4,CD4.c13.Temra.CX3CR1,CD4_Temra.EffMem,standard,7,GNLY,False,False,False,False
CD4,CD4.c13.Temra.CX3CR1,CD4_Temra.EffMem,standard,8,GZMB,False,False,False,True
CD4,CD4.c13.Temra.CX3CR1,CD4_Temra.EffMem,standard,9,FGFBP2,False,False,False,True
CD4,CD4.c13.Temra.CX3CR1,CD4_Temra.EffMem,standard,10,GZMA,False,False,False,False
CD4,CD4.c13.Temra.CX3CR1,CD4_Temra.EffMem,standard,11,LITAF,False,False,False,False
CD4,CD4.c13.Temra.CX3CR1,CD4_Temra.EffMem,standard,12,CTSW,False,False,False,False
CD4,CD4.c13.Temra.CX3CR1,CD4_Temra.EffMem,standard,13,HOPX,False,False,False,False
CD4,CD4.c13.Temra.CX3CR1,CD4_Temra.EffMem,standard,14,ZEB2,False,False,False,False
CD4,CD4.c13.Temra.CX3CR1,CD4_Temra.EffMem,standard,15,KLRG1,False,False,False,False
CD4,CD4.c13.Temra.CX3CR1,CD4_Temra.EffMem,standard,16,PLEK,False,False,False,False
CD4,CD4.c13.Temra.CX3CR1,CD4_Temra.EffMem,standard,17,GZMM,False,False,False,False
CD4,CD4.c13.Temra.CX3CR1,CD4_Temra.EffMem,standard,18,RPS3,True,True,False,False
CD4,CD4.c13.Temra.CX3CR1,CD4_Temra.EffMem,standard,19,IER2,False,False,False,False
CD4,CD4.c13.Temra.CX3CR1,CD4_Temra.EffMem,standard,20,C12orf75,False,False,False,False
CD4,CD4.c13.Temra.CX3CR1,CD4_Temra.EffMem,standard,21,MATK,False,False,False,False
CD4,CD4.c13.Temra.CX3CR1,CD4_Temra.EffMem,standard,22,HLA-C,True,True,False,False
CD4,CD4.c13.Temra.CX3CR1,CD4_Temra.EffMem,standard,23,FLNA,False,False,False,False
CD4,CD4.c13.Temra.CX3CR1,CD4_Temra.EffMem,standard,24,ANXA1,False,False,False,False
CD4,CD4.c13.Temra.CX3CR1,CD4_Temra.EffMem,standard,25,HLA-DPB1,False,False,False,False
CD4,CD4.c13.Temra.CX3CR1,CD4_Temra.EffMem,standard,26,TGFB1,False,False,False,False
CD4,CD4.c13.Temra.CX3CR1,CD4_Temra.EffMem,standard,27,S1PR5,False,False,False,False
CD4,CD4.c13.Temra.CX3CR1,CD4_Temra.EffMem,standard,28,RPS14,True,True,False,False
CD4,CD4.c13.Temra.CX3CR1,CD4_Temra.EffMem,standard,29,ITGB2,False,False,False,False
CD4,CD4.c13.Temra.CX3CR1,CD4_Temra.EffMem,standard,30,SPON2,False,False,False,False
CD4,CD4.c13.Temra.CX3CR1,CD4_Temra.EffMem,standard,31,HLA-DRB1,False,False,False,False
CD4,CD4.c13.Temra.CX3CR1,CD4_Temra.EffMem,standard,32,RPL23A,True,True,False,False
CD4,CD4.c13.Temra.CX3CR1,CD4_Temra.EffMem,standard,33,EFHD2,False,False,False,False
CD4,CD4.c13.Temra.CX3CR1,CD4_Temra.EffMem,standard,34,DUSP2,False,False,False,False
CD4,CD4.c13.Temra.CX3CR1,CD4_Temra.EffMem,standard,35,C1orf21,False,False,False,False
CD4,CD4.c13.Temra.CX3CR1,CD4_Temra.EffMem,standard,36,HCST,False,False,False,False
CD4,CD4.c13.Temra.CX3CR1,CD4_Temra.EffMem,standard,37,RPL26,True,True,False,False
CD4,CD4.c13.Temra.CX3CR1,CD4_Temra.EffMem,standard,38,ADGRG1,False,False,False,False
CD4,CD4.c13.Temra.CX3CR1,CD4_Temra.EffMem,standard,39,KLF3,False,False,False,False
CD4,CD4.c13.Temra.CX3CR1,CD4_Temra.EffMem,standard,40,SAMD3,False,False,False,False
CD4,CD4.c13.Temra.CX3CR1,CD4_Temra.EffMem,standard,41,PLAC8,False,False,False,False
CD4,CD4.c13.Temra.CX3CR1,CD4_Temra.EffMem,standard,42,LYAR,False,False,False,False
CD4,CD4.c13.Temra.CX3CR1,CD4_Temra.EffMem,standard,43,GSTP1,False,False,False,False
CD4,CD4.c13.Temra.CX3CR1,CD4_Temra.EffMem,standard,44,MT-CYB,True,True,False,False
CD4,CD4.c13.Temra.CX3CR1,CD4_Temra.EffMem,standard,45,ITGB1,False,False,False,False
CD4,CD4.c13.Temra.CX3CR1,CD4_Temra.EffMem,standard,46,RPS4X,True,True,False,False
CD4,CD4.c13.Temra.CX3CR1,CD4_Temra.EffMem,standard,47,NR4A2,False,False,False,False
CD4,CD4.c13.Temra.CX3CR1,CD4_Temra.EffMem,standard,48,BIN2,False,False,False,False
CD4,CD4.c13.Temra.CX3CR1,CD4_Temra.EffMem,standard,49,MT-CO2,True,True,False,False
CD4,CD4.c13.Temra.CX3CR1,CD4_Temra.EffMem,standard,50,MT-ND4L,True,True,False,False
CD4,CD4.c13.Temra.CX3CR1,CD4_Temra.EffMem,filter_only,1,NKG7,False,False,False,True
CD4,CD4.c13.Temra.CX3CR1,CD4_Temra.EffMem,filter_only,2,CCL5,False,False,False,True
CD4,CD4.c13.Temra.CX3CR1,CD4_Temra.EffMem,filter_only,3,GZMH,False,False,False,False
CD4,CD4.c13.Temra.CX3CR1,CD4_Temra.EffMem,filter_only,4,CST7,False,False,False,False
CD4,CD4.c13.Temra.CX3CR1,CD4_Temra.EffMem,filter_only,5,PRF1,False,False,False,True
CD4,CD4.c13.Temra.CX3CR1,CD4_Temra.EffMem,filter_only,6,CCL4,False,False,False,False
CD4,CD4.c13.Temra.CX3CR1,CD4_Temra.EffMem,filter_only,7,GNLY,False,False,False,False
CD4,CD4.c13.Temra.CX3CR1,CD4_Temra.EffMem,filter_only,8,GZMB,False,False,False,True
CD4,CD4.c13.Temra.CX3CR1,CD4_Temra.EffMem,filter_only,9,FGFBP2,False,False,False,True
CD4,CD4.c13.Temra.CX3CR1,CD4_Temra.EffMem,filter_only,10,GZMA,False,False,False,False
CD4,CD4.c13.Temra.CX3CR1,CD4_Temra.EffMem,filter_only,11,LITAF,False,False,False,False
CD4,CD4.c13.Temra.CX3CR1,CD4_Temra.EffMem,filter_only,12,CTSW,False,False,False,False
CD4,CD4.c13.Temra.CX3CR1,CD4_Temra.EffMem,filter_only,13,HOPX,False,False,False,False
CD4,CD4.c13.Temra.CX3CR1,CD4_Temra.EffMem,filter_only,14,ZEB2,False,False,False,False
CD4,CD4.c13.Temra.CX3CR1,CD4_Temra.EffMem,filter_only,15,KLRG1,False,False,False,False
CD4,CD4.c13.Temra.CX3CR1,CD4_Temra.EffMem,filter_only,16,PLEK,False,False,False,False
CD4,CD4.c13.Temra.CX3CR1,CD4_Temra.EffMem,filter_only,17,GZMM,False,False,False,False
CD4,CD4.c13.Temra.CX3CR1,CD4_Temra.EffMem,filter_only,18,IER2,False,False,False,False
CD4,CD4.c13.Temra.CX3CR1,CD4_Temra.EffMem,filter_only,19,C12orf75,False,False,False,False
CD4,CD4.c13.Temra.CX3CR1,CD4_Temra.EffMem,filter_only,20,MATK,False,False,False,False
CD4,CD4.c13.Temra.CX3CR1,CD4_Temra.EffMem,filter_only,21,FLNA,False,False,False,False
CD4,CD4.c13.Temra.CX3CR1,CD4_Temra.EffMem,filter_only,22,ANXA1,False,False,False,False
CD4,CD4.c13.Temra.CX3CR1,CD4_Temra.EffMem,filter_only,23,HLA-DPB1,False,False,False,False
CD4,CD4.c13.Temra.CX3CR1,CD4_Temra.EffMem,filter_only,24,TGFB1,False,False,False,False
CD4,CD4.c13.Temra.CX3CR1,CD4_Temra.EffMem,filter_only,25,S1PR5,False,False,False,False
CD4,CD4.c13.Temra.CX3CR1,CD4_Temra.EffMem,filter_only,26,ITGB2,False,False,False,False
CD4,CD4.c13.Temra.CX3CR1,CD4_Temra.EffMem,filter_only,27,SPON2,False,False,False,False
CD4,CD4.c13.Temra.CX3CR1,CD4_Temra.EffMem,filter_only,28,HLA-DRB1,False,False,False,False
CD4,CD4.c13.Temra.CX3CR1,CD4_Temra.EffMem,filter_only,29,EFHD2,False,False,False,False
CD4,CD4.c13.Temra.CX3CR1,CD4_Temra.EffMem,filter_only,30,DUSP2,False,False,False,False
CD4,CD4.c13.Temra.CX3CR1,CD4_Temra.EffMem,filter_only,31,C1orf21,False,False,False,False
CD4,CD4.c13.Temra.CX3CR1,CD4_Temra.EffMem,filter_only,32,HCST,False,False,False,False
CD4,CD4.c13.Temra.CX3CR1,CD4_Temra.EffMem,filter_only,33,ADGRG1,False,False,False,False
CD4,CD4.c13.Temra.CX3CR1,CD4_Temra.EffMem,filter_only,34,KLF3,False,False,False,False
CD4,CD4.c13.Temra.CX3CR1,CD4_Temra.EffMem,filter_only,35,SAMD3,False,False,False,False
CD4,CD4.c13.Temra.CX3CR1,CD4_Temra.EffMem,filter_only,36,PLAC8,False,False,False,False
CD4,CD4.c13.Temra.CX3CR1,CD4_Temra.EffMem,filter_only,37,LYAR,False,False,False,False
CD4,CD4.c13.Temra.CX3CR1,CD4_Temra.EffMem,filter_only,38,GSTP1,False,False,False,False
CD4,CD4.c13.Temra.CX3CR1,CD4_Temra.EffMem,filter_only,39,MT-CYB,True,True,False,False
CD4,CD4.c13.Temra.CX3CR1,CD4_Temra.EffMem,filter_only,40,ITGB1,False,False,False,False
CD4,CD4.c13.Temra.CX3CR1,CD4_Temra.EffMem,filter_only,41,NR4A2,False,False,False,False
CD4,CD4.c13.Temra.CX3CR1,CD4_Temra.EffMem,filter_only,42,BIN2,False,False,False,False
CD4,CD4.c13.Temra.CX3CR1,CD4_Temra.EffMem,filter_only,43,S100A10,False,False,False,False
CD4,CD4.c13.Temra.CX3CR1,CD4_Temra.EffMem,filter_only,44,HLA-DPA1,False,False,False,False
CD4,CD4.c13.Temra.CX3CR1,CD4_Temra.EffMem,filter_only,45,CD99,False,False,False,False
CD4,CD4.c13.Temra.CX3CR1,CD4_Temra.EffMem,filter_only,46,BHLHE40,False,False,False,False
CD4,CD4.c13.Temra.CX3CR1,CD4_Temra.EffMem,filter_only,47,SELPLG,False,False,False,False
CD4,CD4.c13.Temra.CX3CR1,CD4_Temra.EffMem,filter_only,48,FAM65B,False,False,False,False
CD4,CD4.c13.Temra.CX3CR1,CD4_Temra.EffMem,filter_only,49,VPS37B,False,False,False,False
CD4,CD4.c13.Temra.CX3CR1,CD4_Temra.EffMem,filter_only,50,TBX21,False,False,False,False
CD4,CD4.c13.Temra.CX3CR1,CD4_Temra.EffMem,regex_mask,1,NKG7,False,False,False,True
CD4,CD4.c13.Temra.CX3CR1,CD4_Temra.EffMem,regex_mask,2,CCL5,False,False,False,True
CD4,CD4.c13.Temra.CX3CR1,CD4_Temra.EffMem,regex_mask,3,GZMH,False,False,False,False
CD4,CD4.c13.Temra.CX3CR1,CD4_Temra.EffMem,regex_mask,4,CST7,False,False,False,False
CD4,CD4.c13.Temra.CX3CR1,CD4_Temra.EffMem,regex_mask,5,PRF1,False,False,False,True
CD4,CD4.c13.Temra.CX3CR1,CD4_Temra.EffMem,regex_mask,6,CCL4,False,False,False,False
CD4,CD4.c13.Temra.CX3CR1,CD4_Temra.EffMem,regex_mask,7,GNLY,False,False,False,False
CD4,CD4.c13.Temra.CX3CR1,CD4_Temra.EffMem,regex_mask,8,GZMB,False,False,False,True
CD4,CD4.c13.Temra.CX3CR1,CD4_Temra.EffMem,regex_mask,9,FGFBP2,False,False,False,True
CD4,CD4.c13.Temra.CX3CR1,CD4_Temra.EffMem,regex_mask,10,GZMA,False,False,False,False
CD4,CD4.c13.Temra.CX3CR1,CD4_Temra.EffMem,regex_mask,11,LITAF,False,False,False,False
CD4,CD4.c13.Temra.CX3CR1,CD4_Temra.EffMem,regex_mask,12,CTSW,False,False,False,False
CD4,CD4.c13.Temra.CX3CR1,CD4_Temra.EffMem,regex_mask,13,HOPX,False,False,False,False
CD4,CD4.c13.Temra.CX3CR1,CD4_Temra.EffMem,regex_mask,14,ZEB2,False,False,False,False
CD4,CD4.c13.Temra.CX3CR1,CD4_Temra.EffMem,regex_mask,15,KLRG1,False,False,False,False
CD4,CD4.c13.Temra.CX3CR1,CD4_Temra.EffMem,regex_mask,16,PLEK,False,False,False,False
CD4,CD4.c13.Temra.CX3CR1,CD4_Temra.EffMem,regex_mask,17,GZMM,False,False,False,False
CD4,CD4.c13.Temra.CX3CR1,CD4_Temra.EffMem,regex_mask,18,IER2,False,False,False,False
CD4,CD4.c13.Temra.CX3CR1,CD4_Temra.EffMem,regex_mask,19,C12orf75,False,False,False,False
CD4,CD4.c13.Temra.CX3CR1,CD4_Temra.EffMem,regex_mask,20,MATK,False,False,False,False
CD4,CD4.c13.Temra.CX3CR1,CD4_Temra.EffMem,regex_mask,21,FLNA,False,False,False,False
CD4,CD4.c13.Temra.CX3CR1,CD4_Temra.EffMem,regex_mask,22,ANXA1,False,False,False,False
CD4,CD4.c13.Temra.CX3CR1,CD4_Temra.EffMem,regex_mask,23,HLA-DPB1,False,False,False,False
CD4,CD4.c13.Temra.CX3CR1,CD4_Temra.EffMem,regex_mask,24,TGFB1,False,False,False,False
CD4,CD4.c13.Temra.CX3CR1,CD4_Temra.EffMem,regex_mask,25,S1PR5,False,False,False,False
CD4,CD4.c13.Temra.CX3CR1,CD4_Temra.EffMem,regex_mask,26,ITGB2,False,False,False,False
CD4,CD4.c13.Temra.CX3CR1,CD4_Temra.EffMem,regex_mask,27,SPON2,False,False,False,False
CD4,CD4.c13.Temra.CX3CR1,CD4_Temra.EffMem,regex_mask,28,HLA-DRB1,False,False,False,False
CD4,CD4.c13.Temra.CX3CR1,CD4_Temra.EffMem,regex_mask,29,EFHD2,False,False,False,False
CD4,CD4.c13.Temra.CX3CR1,CD4_Temra.EffMem,regex_mask,30,DUSP2,False,False,False,False
CD4,CD4.c13.Temra.CX3CR1,CD4_Temra.EffMem,regex_mask,31,C1orf21,False,False,False,False
CD4,CD4.c13.Temra.CX3CR1,CD4_Temra.EffMem,regex_mask,32,HCST,False,False,False,False
CD4,CD4.c13.Temra.CX3CR1,CD4_Temra.EffMem,regex_mask,33,ADGRG1,False,False,False,False
CD4,CD4.c13.Temra.CX3CR1,CD4_Temra.EffMem,regex_mask,34,KLF3,False,False,False,False
CD4,CD4.c13.Temra.CX3CR1,CD4_Temra.EffMem,regex_mask,35,SAMD3,False,False,False,False
CD4,CD4.c13.Temra.CX3CR1,CD4_Temra.EffMem,regex_mask,36,PLAC8,False,False,False,False
CD4,CD4.c13.Temra.CX3CR1,CD4_Temra.EffMem,regex_mask,37,LYAR,False,False,False,False
CD4,CD4.c13.Temra.CX3CR1,CD4_Temra.EffMem,regex_mask,38,GSTP1,False,False,False,False
CD4,CD4.c13.Temra.CX3CR1,CD4_Temra.EffMem,regex_mask,39,ITGB1,False,False,False,False
CD4,CD4.c13.Temra.CX3CR1,CD4_Temra.EffMem,regex_mask,40,NR4A2,False,False,False,False
CD4,CD4.c13.Temra.CX3CR1,CD4_Temra.EffMem,regex_mask,41,BIN2,False,False,False,False
CD4,CD4.c13.Temra.CX3CR1,CD4_Temra.EffMem,regex_mask,42,S100A10,False,False,False,False
CD4,CD4.c13.Temra.CX3CR1,CD4_Temra.EffMem,regex_mask,43,HLA-DPA1,False,False,False,False
CD4,CD4.c13.Temra.CX3CR1,CD4_Temra.EffMem,regex_mask,44,CD99,False,False,False,False
CD4,CD4.c13.Temra.CX3CR1,CD4_Temra.EffMem,regex_mask,45,BHLHE40,False,False,False,False
CD4,CD4.c13.Temra.CX3CR1,CD4_Temra.EffMem,regex_mask,46,SELPLG,False,False,False,False
CD4,CD4.c13.Temra.CX3CR1,CD4_Temra.EffMem,regex_mask,47,FAM65B,False,False,False,False
CD4,CD4.c13.Temra.CX3CR1,CD4_Temra.EffMem,regex_mask,48,VPS37B,False,False,False,False
CD4,CD4.c13.Temra.CX3CR1,CD4_Temra.EffMem,regex_mask,49,TBX21,False,False,False,False
CD4,CD4.c13.Temra.CX3CR1,CD4_Temra.EffMem,regex_mask,50,IRF1,False,False,False,False
CD4,CD4.c13.Temra.CX3CR1,CD4_Temra.EffMem,full_core,1,NKG7,False,False,False,True
CD4,CD4.c13.Temra.CX3CR1,CD4_Temra.EffMem,full_core,2,CCL5,False,False,False,True
CD4,CD4.c13.Temra.CX3CR1,CD4_Temra.EffMem,full_core,3,GZMH,False,False,False,False
CD4,CD4.c13.Temra.CX3CR1,CD4_Temra.EffMem,full_core,4,PRF1,False,False,False,True
CD4,CD4.c13.Temra.CX3CR1,CD4_Temra.EffMem,full_core,5,CCL4,False,False,False,False
CD4,CD4.c13.Temra.CX3CR1,CD4_Temra.EffMem,full_core,6,GNLY,False,False,False,False
CD4,CD4.c13.Temra.CX3CR1,CD4_Temra.EffMem,full_core,7,GZMB,False,False,False,True
CD4,CD4.c13.Temra.CX3CR1,CD4_Temra.EffMem,full_core,8,FGFBP2,False,False,False,True
CD4,CD4.c13.Temra.CX3CR1,CD4_Temra.EffMem,full_core,9,GZMA,False,False,False,False
CD4,CD4.c13.Temra.CX3CR1,CD4_Temra.EffMem,full_core,10,CTSW,False,False,False,False
CD4,CD4.c13.Temra.CX3CR1,CD4_Temra.EffMem,full_core,11,HOPX,False,False,False,False
CD4,CD4.c13.Temra.CX3CR1,CD4_Temra.EffMem,full_core,12,KLRG1,False,False,False,False
CD4,CD4.c13.Temra.CX3CR1,CD4_Temra.EffMem,full_core,13,PLEK,False,False,False,False
CD4,CD4.c13.Temra.CX3CR1,CD4_Temra.EffMem,full_core,14,C12orf75,False,False,False,False
CD4,CD4.c13.Temra.CX3CR1,CD4_Temra.EffMem,full_core,15,FLNA,False,False,False,False
CD4,CD4.c13.Temra.CX3CR1,CD4_Temra.EffMem,full_core,16,ANXA1,False,False,False,False
CD4,CD4.c13.Temra.CX3CR1,CD4_Temra.EffMem,full_core,17,S1PR5,False,False,False,False
CD4,CD4.c13.Temra.CX3CR1,CD4_Temra.EffMem,full_core,18,HLA-DRB1,False,False,False,False
CD4,CD4.c13.Temra.CX3CR1,CD4_Temra.EffMem,full_core,19,EFHD2,False,False,False,False
CD4,CD4.c13.Temra.CX3CR1,CD4_Temra.EffMem,full_core,20,ADGRG1,False,False,False,False
CD4,CD4.c13.Temra.CX3CR1,CD4_Temra.EffMem,full_core,21,KLF3,False,False,False,False
CD4,CD4.c13.Temra.CX3CR1,CD4_Temra.EffMem,full_core,22,PLAC8,False,False,False,False
CD4,CD4.c13.Temra.CX3CR1,CD4_Temra.EffMem,full_core,23,LYAR,False,False,False,False
CD4,CD4.c13.Temra.CX3CR1,CD4_Temra.EffMem,full_core,24,GSTP1,False,False,False,False
CD4,CD4.c13.Temra.CX3CR1,CD4_Temra.EffMem,full_core,25,NR4A2,False,False,False,False
CD4,CD4.c13.Temra.CX3CR1,CD4_Temra.EffMem,full_core,26,HLA-DPA1,False,False,False,False
CD4,CD4.c13.Temra.CX3CR1,CD4_Temra.EffMem,full_core,27,LDHA,False,False,False,False
CD4,CD4.c13.Temra.CX3CR1,CD4_Temra.EffMem,full_core,28,CX3CR1,False,False,False,True
CD4,CD4.c13.Temra.CX3CR1,CD4_Temra.EffMem,full_core,29,KLRD1,False,False,False,False
CD4,CD4.c13.Temra.CX3CR1,CD4_Temra.EffMem,full_core,30,CCL4L2,False,False,False,False
CD4,CD4.c13.Temra.CX3CR1,CD4_Temra.EffMem,full_core,31,S1PR1,False,False,False,False
CD4,CD4.c13.Temra.CX3CR1,CD4_Temra.EffMem,full_core,32,GLUL,False,False,False,False
CD4,CD4.c13.Temra.CX3CR1,CD4_Temra.EffMem,full_core,33,CLIC3,False,False,False,False
CD4,CD4.c13.Temra.CX3CR1,CD4_Temra.EffMem,full_core,34,FCGR3A,False,False,False,False
CD4,CD4.c13.Temra.CX3CR1,CD4_Temra.EffMem,full_core,35,ENC1,False,False,False,False
CD4,CD4.c13.Temra.CX3CR1,CD4_Temra.EffMem,full_core,36,GZMK,False,False,False,False
CD4,CD4.c13.Temra.CX3CR1,CD4_Temra.EffMem,full_core,37,HLA-DRB5,False,False,False,False
CD4,CD4.c13.Temra.CX3CR1,CD4_Temra.EffMem,full_core,38,CLEC2B,False,False,False,False
CD4,CD4.c13.Temra.CX3CR1,CD4_Temra.EffMem,full_core,39,PRSS23,False,False,False,False
CD4,CD4.c13.Temra.CX3CR1,CD4_Temra.EffMem,full_core,40,CMC1,False,False,False,False
CD4,CD4.c13.Temra.CX3CR1,CD4_Temra.EffMem,full_core,41,KLF2,False,False,False,False
CD4,CD4.c13.Temra.CX3CR1,CD4_Temra.EffMem,full_core,42,AC092580.4,False,False,False,False
CD4,CD4.c13.Temra.CX3CR1,CD4_Temra.EffMem,full_core,43,YWHAQ,False,False,False,False
CD4,CD4.c13.Temra.CX3CR1,CD4_Temra.EffMem,full_core,44,BCL3,False,False,False,False
CD4,CD4.c13.Temra.CX3CR1,CD4_Temra.EffMem,full_core,45,TYROBP,False,False,False,False
CD4,CD4.c13.Temra.CX3CR1,CD4_Temra.EffMem,full_core,46,HLA-DQB1,False,False,False,False
CD4,CD4.c13.Temra.CX3CR1,CD4_Temra.EffMem,full_core,47,XCL2,False,False,False,False
CD4,CD4.c13.Temra.CX3CR1,CD4_Temra.EffMem,full_core,48,EOMES,False,False,False,False
CD4,CD4.c13.Temra.CX3CR1,CD4_Temra.EffMem,full_core,49,GADD45B,False,False,False,False
CD4,CD4.c13.Temra.CX3CR1,CD4_Temra.EffMem,full_core,50,CCL3,False,False,False,False
CD4,CD4.c14.Th17.SLC4A10,CD4_Th17,standard,1,RPLP1,True,True,False,False
CD4,CD4.c14.Th17.SLC4A10,CD4_Th17,standard,2,IL7R,False,False,False,True
CD4,CD4.c14.Th17.SLC4A10,CD4_Th17,standard,3,ZFP36,False,False,False,False
CD4,CD4.c14.Th17.SLC4A10,CD4_Th17,standard,4,TPT1,True,True,False,False
CD4,CD4.c14.Th17.SLC4A10,CD4_Th17,standard,5,FTH1,False,True,True,False
CD4,CD4.c14.Th17.SLC4A10,CD4_Th17,standard,6,ZFP36L2,False,False,False,False
CD4,CD4.c14.Th17.SLC4A10,CD4_Th17,standard,7,CXCR4,False,False,False,False
CD4,CD4.c14.Th17.SLC4A10,CD4_Th17,standard,8,VIM,False,False,False,False
CD4,CD4.c14.Th17.SLC4A10,CD4_Th17,standard,9,ANXA1,False,False,False,False
CD4,CD4.c14.Th17.SLC4A10,CD4_Th17,standard,10,GPR183,False,False,False,False
CD4,CD4.c14.Th17.SLC4A10,CD4_Th17,standard,11,PDCD4,False,False,False,False
CD4,CD4.c14.Th17.SLC4A10,CD4_Th17,standard,12,RPS10,True,True,False,False
CD4,CD4.c14.Th17.SLC4A10,CD4_Th17,standard,13,RPS27A,True,True,False,False
CD4,CD4.c14.Th17.SLC4A10,CD4_Th17,standard,14,CAPG,False,False,False,False
CD4,CD4.c14.Th17.SLC4A10,CD4_Th17,standard,15,CREM,False,False,False,False
CD4,CD4.c14.Th17.SLC4A10,CD4_Th17,standard,16,EEF1A1,True,True,False,False
CD4,CD4.c14.Th17.SLC4A10,CD4_Th17,standard,17,PDE4D,False,False,False,False
CD4,CD4.c14.Th17.SLC4A10,CD4_Th17,standard,18,KLRB1,False,False,False,True
CD4,CD4.c14.Th17.SLC4A10,CD4_Th17,standard,19,SARAF,False,False,False,False
CD4,CD4.c14.Th17.SLC4A10,CD4_Th17,standard,20,CCR6,False,False,False,True
CD4,CD4.c14.Th17.SLC4A10,CD4_Th17,standard,21,RPLP0,True,True,False,False
CD4,CD4.c14.Th17.SLC4A10,CD4_Th17,standard,22,CDKN1A,False,False,False,False
CD4,CD4.c14.Th17.SLC4A10,CD4_Th17,standard,23,RPS12,True,True,False,False
CD4,CD4.c14.Th17.SLC4A10,CD4_Th17,standard,24,FKBP11,False,False,False,False
CD4,CD4.c14.Th17.SLC4A10,CD4_Th17,standard,25,ADGRE5,False,False,False,False
CD4,CD4.c14.Th17.SLC4A10,CD4_Th17,standard,26,MCL1,False,False,False,False
CD4,CD4.c14.Th17.SLC4A10,CD4_Th17,standard,27,GPR65,False,False,False,False
CD4,CD4.c14.Th17.SLC4A10,CD4_Th17,standard,28,ITM2B,False,False,False,False
CD4,CD4.c14.Th17.SLC4A10,CD4_Th17,standard,29,BHLHE40,False,False,False,False
CD4,CD4.c14.Th17.SLC4A10,CD4_Th17,standard,30,MGAT4A,False,False,False,False
CD4,CD4.c14.Th17.SLC4A10,CD4_Th17,standard,31,RBMS1,False,False,False,False
CD4,CD4.c14.Th17.SLC4A10,CD4_Th17,standard,32,EEF1B2,True,True,False,False
CD4,CD4.c14.Th17.SLC4A10,CD4_Th17,standard,33,SRGN,False,True,True,False
CD4,CD4.c14.Th17.SLC4A10,CD4_Th17,standard,34,G3BP2,False,False,False,False
CD4,CD4.c14.Th17.SLC4A10,CD4_Th17,standard,35,PERP,False,False,False,False
CD4,CD4.c14.Th17.SLC4A10,CD4_Th17,standard,36,S100A10,False,False,False,False
CD4,CD4.c14.Th17.SLC4A10,CD4_Th17,standard,37,RPS14,True,True,False,False
CD4,CD4.c14.Th17.SLC4A10,CD4_Th17,standard,38,RPL10,True,True,False,False
CD4,CD4.c14.Th17.SLC4A10,CD4_Th17,standard,39,LDLRAD4,False,False,False,False
CD4,CD4.c14.Th17.SLC4A10,CD4_Th17,standard,40,RPL13,True,True,False,False
CD4,CD4.c14.Th17.SLC4A10,CD4_Th17,standard,41,MYADM,False,False,False,False
CD4,CD4.c14.Th17.SLC4A10,CD4_Th17,standard,42,S100A11,False,False,False,False
CD4,CD4.c14.Th17.SLC4A10,CD4_Th17,standard,43,TNFAIP3,False,False,False,False
CD4,CD4.c14.Th17.SLC4A10,CD4_Th17,standard,44,IFNGR1,False,False,False,False
CD4,CD4.c14.Th17.SLC4A10,CD4_Th17,standard,45,RPS19,True,True,False,False
CD4,CD4.c14.Th17.SLC4A10,CD4_Th17,standard,46,RPS3A,True,True,False,False
CD4,CD4.c14.Th17.SLC4A10,CD4_Th17,standard,47,BTG1,False,True,True,False
CD4,CD4.c14.Th17.SLC4A10,CD4_Th17,standard,48,CD55,False,False,False,False
CD4,CD4.c14.Th17.SLC4A10,CD4_Th17,standard,49,RPL9,True,True,False,False
CD4,CD4.c14.Th17.SLC4A10,CD4_Th17,standard,50,CRIP1,False,False,False,False
CD4,CD4.c14.Th17.SLC4A10,CD4_Th17,filter_only,1,IL7R,False,False,False,True
CD4,CD4.c14.Th17.SLC4A10,CD4_Th17,filter_only,2,ZFP36,False,False,False,False
CD4,CD4.c14.Th17.SLC4A10,CD4_Th17,filter_only,3,ZFP36L2,False,False,False,False
CD4,CD4.c14.Th17.SLC4A10,CD4_Th17,filter_only,4,CXCR4,False,False,False,False
CD4,CD4.c14.Th17.SLC4A10,CD4_Th17,filter_only,5,VIM,False,False,False,False
CD4,CD4.c14.Th17.SLC4A10,CD4_Th17,filter_only,6,ANXA1,False,False,False,False
CD4,CD4.c14.Th17.SLC4A10,CD4_Th17,filter_only,7,GPR183,False,False,False,False
CD4,CD4.c14.Th17.SLC4A10,CD4_Th17,filter_only,8,PDCD4,False,False,False,False
CD4,CD4.c14.Th17.SLC4A10,CD4_Th17,filter_only,9,CAPG,False,False,False,False
CD4,CD4.c14.Th17.SLC4A10,CD4_Th17,filter_only,10,CREM,False,False,False,False
CD4,CD4.c14.Th17.SLC4A10,CD4_Th17,filter_only,11,PDE4D,False,False,False,False
CD4,CD4.c14.Th17.SLC4A10,CD4_Th17,filter_only,12,KLRB1,False,False,False,True
CD4,CD4.c14.Th17.SLC4A10,CD4_Th17,filter_only,13,SARAF,False,False,False,False
CD4,CD4.c14.Th17.SLC4A10,CD4_Th17,filter_only,14,CCR6,False,False,False,True
CD4,CD4.c14.Th17.SLC4A10,CD4_Th17,filter_only,15,CDKN1A,False,False,False,False
CD4,CD4.c14.Th17.SLC4A10,CD4_Th17,filter_only,16,FKBP11,False,False,False,False
CD4,CD4.c14.Th17.SLC4A10,CD4_Th17,filter_only,17,ADGRE5,False,False,False,False
CD4,CD4.c14.Th17.SLC4A10,CD4_Th17,filter_only,18,MCL1,False,False,False,False
CD4,CD4.c14.Th17.SLC4A10,CD4_Th17,filter_only,19,GPR65,False,False,False,False
CD4,CD4.c14.Th17.SLC4A10,CD4_Th17,filter_only,20,ITM2B,False,False,False,False
CD4,CD4.c14.Th17.SLC4A10,CD4_Th17,filter_only,21,BHLHE40,False,False,False,False
CD4,CD4.c14.Th17.SLC4A10,CD4_Th17,filter_only,22,MGAT4A,False,False,False,False
CD4,CD4.c14.Th17.SLC4A10,CD4_Th17,filter_only,23,RBMS1,False,False,False,False
CD4,CD4.c14.Th17.SLC4A10,CD4_Th17,filter_only,24,EEF1B2,True,True,False,False
CD4,CD4.c14.Th17.SLC4A10,CD4_Th17,filter_only,25,G3BP2,False,False,False,False
CD4,CD4.c14.Th17.SLC4A10,CD4_Th17,filter_only,26,PERP,False,False,False,False
CD4,CD4.c14.Th17.SLC4A10,CD4_Th17,filter_only,27,S100A10,False,False,False,False
CD4,CD4.c14.Th17.SLC4A10,CD4_Th17,filter_only,28,LDLRAD4,False,False,False,False
CD4,CD4.c14.Th17.SLC4A10,CD4_Th17,filter_only,29,MYADM,False,False,False,False
CD4,CD4.c14.Th17.SLC4A10,CD4_Th17,filter_only,30,S100A11,False,False,False,False
CD4,CD4.c14.Th17.SLC4A10,CD4_Th17,filter_only,31,TNFAIP3,False,False,False,False
CD4,CD4.c14.Th17.SLC4A10,CD4_Th17,filter_only,32,IFNGR1,False,False,False,False
CD4,CD4.c14.Th17.SLC4A10,CD4_Th17,filter_only,33,CD55,False,False,False,False
CD4,CD4.c14.Th17.SLC4A10,CD4_Th17,filter_only,34,CRIP1,False,False,False,False
CD4,CD4.c14.Th17.SLC4A10,CD4_Th17,filter_only,35,LEPROTL1,False,False,False,False
CD4,CD4.c14.Th17.SLC4A10,CD4_Th17,filter_only,36,YPEL5,False,False,False,False
CD4,CD4.c14.Th17.SLC4A10,CD4_Th17,filter_only,37,SELK,False,False,False,False
CD4,CD4.c14.Th17.SLC4A10,CD4_Th17,filter_only,38,MYBL1,False,False,False,False
CD4,CD4.c14.Th17.SLC4A10,CD4_Th17,filter_only,39,RGCC,False,False,False,False
CD4,CD4.c14.Th17.SLC4A10,CD4_Th17,filter_only,40,FAM177A1,False,False,False,False
CD4,CD4.c14.Th17.SLC4A10,CD4_Th17,filter_only,41,VPS37B,False,False,False,False
CD4,CD4.c14.Th17.SLC4A10,CD4_Th17,filter_only,42,SDCBP,False,False,False,False
CD4,CD4.c14.Th17.SLC4A10,CD4_Th17,filter_only,43,CSRNP1,False,False,False,False
CD4,CD4.c14.Th17.SLC4A10,CD4_Th17,filter_only,44,PNRC1,False,False,False,False
CD4,CD4.c14.Th17.SLC4A10,CD4_Th17,filter_only,45,PTGER4,False,False,False,False
CD4,CD4.c14.Th17.SLC4A10,CD4_Th17,filter_only,46,SLC7A5,False,False,False,False
CD4,CD4.c14.Th17.SLC4A10,CD4_Th17,filter_only,47,TOB1,False,False,False,False
CD4,CD4.c14.Th17.SLC4A10,CD4_Th17,filter_only,48,SYTL3,False,False,False,False
CD4,CD4.c14.Th17.SLC4A10,CD4_Th17,filter_only,49,CD96,False,False,False,False
CD4,CD4.c14.Th17.SLC4A10,CD4_Th17,filter_only,50,JUNB,True,True,False,False
CD4,CD4.c14.Th17.SLC4A10,CD4_Th17,regex_mask,1,IL7R,False,False,False,True
CD4,CD4.c14.Th17.SLC4A10,CD4_Th17,regex_mask,2,ZFP36,False,False,False,False
CD4,CD4.c14.Th17.SLC4A10,CD4_Th17,regex_mask,3,ZFP36L2,False,False,False,False
CD4,CD4.c14.Th17.SLC4A10,CD4_Th17,regex_mask,4,CXCR4,False,False,False,False
CD4,CD4.c14.Th17.SLC4A10,CD4_Th17,regex_mask,5,VIM,False,False,False,False
CD4,CD4.c14.Th17.SLC4A10,CD4_Th17,regex_mask,6,ANXA1,False,False,False,False
CD4,CD4.c14.Th17.SLC4A10,CD4_Th17,regex_mask,7,GPR183,False,False,False,False
CD4,CD4.c14.Th17.SLC4A10,CD4_Th17,regex_mask,8,PDCD4,False,False,False,False
CD4,CD4.c14.Th17.SLC4A10,CD4_Th17,regex_mask,9,CAPG,False,False,False,False
CD4,CD4.c14.Th17.SLC4A10,CD4_Th17,regex_mask,10,CREM,False,False,False,False
CD4,CD4.c14.Th17.SLC4A10,CD4_Th17,regex_mask,11,PDE4D,False,False,False,False
CD4,CD4.c14.Th17.SLC4A10,CD4_Th17,regex_mask,12,KLRB1,False,False,False,True
CD4,CD4.c14.Th17.SLC4A10,CD4_Th17,regex_mask,13,SARAF,False,False,False,False
CD4,CD4.c14.Th17.SLC4A10,CD4_Th17,regex_mask,14,CCR6,False,False,False,True
CD4,CD4.c14.Th17.SLC4A10,CD4_Th17,regex_mask,15,CDKN1A,False,False,False,False
CD4,CD4.c14.Th17.SLC4A10,CD4_Th17,regex_mask,16,FKBP11,False,False,False,False
CD4,CD4.c14.Th17.SLC4A10,CD4_Th17,regex_mask,17,ADGRE5,False,False,False,False
CD4,CD4.c14.Th17.SLC4A10,CD4_Th17,regex_mask,18,MCL1,False,False,False,False
CD4,CD4.c14.Th17.SLC4A10,CD4_Th17,regex_mask,19,GPR65,False,False,False,False
CD4,CD4.c14.Th17.SLC4A10,CD4_Th17,regex_mask,20,ITM2B,False,False,False,False
CD4,CD4.c14.Th17.SLC4A10,CD4_Th17,regex_mask,21,BHLHE40,False,False,False,False
CD4,CD4.c14.Th17.SLC4A10,CD4_Th17,regex_mask,22,MGAT4A,False,False,False,False
CD4,CD4.c14.Th17.SLC4A10,CD4_Th17,regex_mask,23,RBMS1,False,False,False,False
CD4,CD4.c14.Th17.SLC4A10,CD4_Th17,regex_mask,24,G3BP2,False,False,False,False
CD4,CD4.c14.Th17.SLC4A10,CD4_Th17,regex_mask,25,PERP,False,False,False,False
CD4,CD4.c14.Th17.SLC4A10,CD4_Th17,regex_mask,26,S100A10,False,False,False,False
CD4,CD4.c14.Th17.SLC4A10,CD4_Th17,regex_mask,27,LDLRAD4,False,False,False,False
CD4,CD4.c14.Th17.SLC4A10,CD4_Th17,regex_mask,28,MYADM,False,False,False,False
CD4,CD4.c14.Th17.SLC4A10,CD4_Th17,regex_mask,29,S100A11,False,False,False,False
CD4,CD4.c14.Th17.SLC4A10,CD4_Th17,regex_mask,30,TNFAIP3,False,False,False,False
CD4,CD4.c14.Th17.SLC4A10,CD4_Th17,regex_mask,31,IFNGR1,False,False,False,False
CD4,CD4.c14.Th17.SLC4A10,CD4_Th17,regex_mask,32,CD55,False,False,False,False
CD4,CD4.c14.Th17.SLC4A10,CD4_Th17,regex_mask,33,CRIP1,False,False,False,False
CD4,CD4.c14.Th17.SLC4A10,CD4_Th17,regex_mask,34,LEPROTL1,False,False,False,False
CD4,CD4.c14.Th17.SLC4A10,CD4_Th17,regex_mask,35,YPEL5,False,False,False,False
CD4,CD4.c14.Th17.SLC4A10,CD4_Th17,regex_mask,36,SELK,False,False,False,False
CD4,CD4.c14.Th17.SLC4A10,CD4_Th17,regex_mask,37,MYBL1,False,False,False,False
CD4,CD4.c14.Th17.SLC4A10,CD4_Th17,regex_mask,38,RGCC,False,False,False,False
CD4,CD4.c14.Th17.SLC4A10,CD4_Th17,regex_mask,39,FAM177A1,False,False,False,False
CD4,CD4.c14.Th17.SLC4A10,CD4_Th17,regex_mask,40,VPS37B,False,False,False,False
CD4,CD4.c14.Th17.SLC4A10,CD4_Th17,regex_mask,41,SDCBP,False,False,False,False
CD4,CD4.c14.Th17.SLC4A10,CD4_Th17,regex_mask,42,CSRNP1,False,False,False,False
CD4,CD4.c14.Th17.SLC4A10,CD4_Th17,regex_mask,43,PNRC1,False,False,False,False
CD4,CD4.c14.Th17.SLC4A10,CD4_Th17,regex_mask,44,PTGER4,False,False,False,False
CD4,CD4.c14.Th17.SLC4A10,CD4_Th17,regex_mask,45,SLC7A5,False,False,False,False
CD4,CD4.c14.Th17.SLC4A10,CD4_Th17,regex_mask,46,TOB1,False,False,False,False
CD4,CD4.c14.Th17.SLC4A10,CD4_Th17,regex_mask,47,SYTL3,False,False,False,False
CD4,CD4.c14.Th17.SLC4A10,CD4_Th17,regex_mask,48,CD96,False,False,False,False
CD4,CD4.c14.Th17.SLC4A10,CD4_Th17,regex_mask,49,LINC-PINT,False,False,False,False
CD4,CD4.c14.Th17.SLC4A10,CD4_Th17,regex_mask,50,LMNA,False,False,False,False
CD4,CD4.c14.Th17.SLC4A10,CD4_Th17,full_core,1,VIM,False,False,False,False
CD4,CD4.c14.Th17.SLC4A10,CD4_Th17,full_core,2,ANXA1,False,False,False,False
CD4,CD4.c14.Th17.SLC4A10,CD4_Th17,full_core,3,CAPG,False,False,False,False
CD4,CD4.c14.Th17.SLC4A10,CD4_Th17,full_core,4,KLRB1,False,False,False,True
CD4,CD4.c14.Th17.SLC4A10,CD4_Th17,full_core,5,CCR6,False,False,False,True
CD4,CD4.c14.Th17.SLC4A10,CD4_Th17,full_core,6,CDKN1A,False,False,False,False
CD4,CD4.c14.Th17.SLC4A10,CD4_Th17,full_core,7,LDLRAD4,False,False,False,False
CD4,CD4.c14.Th17.SLC4A10,CD4_Th17,full_core,8,CD55,False,False,False,False
CD4,CD4.c14.Th17.SLC4A10,CD4_Th17,full_core,9,CRIP1,False,False,False,False
CD4,CD4.c14.Th17.SLC4A10,CD4_Th17,full_core,10,LMNA,False,False,False,False
CD4,CD4.c14.Th17.SLC4A10,CD4_Th17,full_core,11,PTGER2,False,False,False,False
CD4,CD4.c14.Th17.SLC4A10,CD4_Th17,full_core,12,CXCR6,False,False,False,False
CD4,CD4.c14.Th17.SLC4A10,CD4_Th17,full_core,13,LDHA,False,False,False,False
CD4,CD4.c14.Th17.SLC4A10,CD4_Th17,full_core,14,GSTP1,False,False,False,False
CD4,CD4.c14.Th17.SLC4A10,CD4_Th17,full_core,15,AC092580.4,False,False,False,False
CD4,CD4.c14.Th17.SLC4A10,CD4_Th17,full_core,16,ANXA2,False,False,False,False
CD4,CD4.c14.Th17.SLC4A10,CD4_Th17,full_core,17,SMIM3,False,False,False,False
CD4,CD4.c14.Th17.SLC4A10,CD4_Th17,full_core,18,CCL5,False,False,False,False
CD4,CD4.c14.Th17.SLC4A10,CD4_Th17,full_core,19,AQP3,False,False,False,False
CD4,CD4.c14.Th17.SLC4A10,CD4_Th17,full_core,20,CLEC2B,False,False,False,False
CD4,CD4.c14.Th17.SLC4A10,CD4_Th17,full_core,21,LGALS3,False,False,False,False
CD4,CD4.c14.Th17.SLC4A10,CD4_Th17,full_core,22,S100A6,False,False,False,False
CD4,CD4.c14.Th17.SLC4A10,CD4_Th17,full_core,23,AREG,False,False,False,False
CD4,CD4.c14.Th17.SLC4A10,CD4_Th17,full_core,24,IL4I1,False,False,False,False
CD4,CD4.c14.Th17.SLC4A10,CD4_Th17,full_core,25,GLUL,False,False,False,False
CD4,CD4.c14.Th17.SLC4A10,CD4_Th17,full_core,26,ANKRD28,False,False,False,False
CD4,CD4.c14.Th17.SLC4A10,CD4_Th17,full_core,27,HOPX,False,False,False,False
CD4,CD4.c14.Th17.SLC4A10,CD4_Th17,full_core,28,TUBA1C,False,False,False,False
CD4,CD4.c14.Th17.SLC4A10,CD4_Th17,full_core,29,PEBP1,False,False,False,False
CD4,CD4.c14.Th17.SLC4A10,CD4_Th17,full_core,30,TMIGD2,False,False,False,False
CD4,CD4.c14.Th17.SLC4A10,CD4_Th17,full_core,31,YWHAQ,False,False,False,False
CD4,CD4.c14.Th17.SLC4A10,CD4_Th17,full_core,32,ITM2C,False,False,False,False
CD4,CD4.c14.Th17.SLC4A10,CD4_Th17,full_core,33,ZNF331,False,False,False,False
CD4,CD4.c14.Th17.SLC4A10,CD4_Th17,full_core,34,ID2,False,False,False,False
CD4,CD4.c14.Th17.SLC4A10,CD4_Th17,full_core,35,NFKBIZ,False,False,False,False
CD4,CD4.c14.Th17.SLC4A10,CD4_Th17,full_core,36,THBS1,False,False,False,False
CD4,CD4.c14.Th17.SLC4A10,CD4_Th17,full_core,37,CCL20,False,False,False,False
CD4,CD4.c14.Th17.SLC4A10,CD4_Th17,full_core,38,PLAUR,False,False,False,False
CD4,CD4.c14.Th17.SLC4A10,CD4_Th17,full_core,39,CEBPD,False,False,False,False
CD4,CD4.c14.Th17.SLC4A10,CD4_Th17,full_core,40,TOMM5,False,False,False,False
CD4,CD4.c14.Th17.SLC4A10,CD4_Th17,full_core,41,LMO4,False,False,False,False
CD4,CD4.c14.Th17.SLC4A10,CD4_Th17,full_core,42,SATB1,False,False,False,False
CD4,CD4.c14.Th17.SLC4A10,CD4_Th17,full_core,43,CD69,False,False,False,False
CD4,CD4.c14.Th17.SLC4A10,CD4_Th17,full_core,44,IGFBP3,False,False,False,False
CD4,CD4.c14.Th17.SLC4A10,CD4_Th17,full_core,45,ODC1,False,False,False,False
CD4,CD4.c14.Th17.SLC4A10,CD4_Th17,full_core,46,GPR35,False,False,False,False
CD4,CD4.c14.Th17.SLC4A10,CD4_Th17,full_core,47,NR4A2,False,False,False,False
CD4,CD4.c14.Th17.SLC4A10,CD4_Th17,full_core,48,CTSL,False,False,False,False
CD4,CD4.c14.Th17.SLC4A10,CD4_Th17,full_core,49,FBL,False,False,False,False
CD4,CD4.c14.Th17.SLC4A10,CD4_Th17,full_core,50,DUSP5,False,False,False,False
CD4,CD4.c15.Th17.IL23R,CD4_Th17,standard,1,CAPG,False,False,False,False
CD4,CD4.c15.Th17.IL23R,CD4_Th17,standard,2,KLRB1,False,False,False,True
CD4,CD4.c15.Th17.IL23R,CD4_Th17,standard,3,MGAT4A,False,False,False,False
CD4,CD4.c15.Th17.IL23R,CD4_Th17,standard,4,CCR6,False,False,False,True
CD4,CD4.c15.Th17.IL23R,CD4_Th17,standard,5,RORA,False,False,False,True
CD4,CD4.c15.Th17.IL23R,CD4_Th17,standard,6,RPLP1,True,True,False,False
CD4,CD4.c15.Th17.IL23R,CD4_Th17,standard,7,G3BP2,False,False,False,False
CD4,CD4.c15.Th17.IL23R,CD4_Th17,standard,8,CXCR6,False,False,False,False
CD4,CD4.c15.Th17.IL23R,CD4_Th17,standard,9,PDE4D,False,False,False,False
CD4,CD4.c15.Th17.IL23R,CD4_Th17,standard,10,CTSH,False,False,False,False
CD4,CD4.c15.Th17.IL23R,CD4_Th17,standard,11,TPT1,True,True,False,False
CD4,CD4.c15.Th17.IL23R,CD4_Th17,standard,12,MYH9,False,False,False,False
CD4,CD4.c15.Th17.IL23R,CD4_Th17,standard,13,IL7R,False,False,False,True
CD4,CD4.c15.Th17.IL23R,CD4_Th17,standard,14,ALOX5AP,False,False,False,False
CD4,CD4.c15.Th17.IL23R,CD4_Th17,standard,15,ITM2B,False,False,False,False
CD4,CD4.c15.Th17.IL23R,CD4_Th17,standard,16,CD96,False,False,False,False
CD4,CD4.c15.Th17.IL23R,CD4_Th17,standard,17,AQP3,False,False,False,False
CD4,CD4.c15.Th17.IL23R,CD4_Th17,standard,18,PDCD4,False,False,False,False
CD4,CD4.c15.Th17.IL23R,CD4_Th17,standard,19,CD3E,False,True,True,False
CD4,CD4.c15.Th17.IL23R,CD4_Th17,standard,20,CXCR4,False,False,False,False
CD4,CD4.c15.Th17.IL23R,CD4_Th17,standard,21,OSTF1,False,False,False,False
CD4,CD4.c15.Th17.IL23R,CD4_Th17,standard,22,SPOCK2,False,False,False,False
CD4,CD4.c15.Th17.IL23R,CD4_Th17,standard,23,CCL20,False,False,False,False
CD4,CD4.c15.Th17.IL23R,CD4_Th17,standard,24,CREM,False,False,False,False
CD4,CD4.c15.Th17.IL23R,CD4_Th17,standard,25,GPR65,False,False,False,False
CD4,CD4.c15.Th17.IL23R,CD4_Th17,standard,26,PBX4,False,False,False,False
CD4,CD4.c15.Th17.IL23R,CD4_Th17,standard,27,LAPTM5,False,False,False,False
CD4,CD4.c15.Th17.IL23R,CD4_Th17,standard,28,YWHAQ,False,False,False,False
CD4,CD4.c15.Th17.IL23R,CD4_Th17,standard,29,IL4I1,False,False,False,False
CD4,CD4.c15.Th17.IL23R,CD4_Th17,standard,30,LDLRAD4,False,False,False,False
CD4,CD4.c15.Th17.IL23R,CD4_Th17,standard,31,RPLP0,True,True,False,False
CD4,CD4.c15.Th17.IL23R,CD4_Th17,standard,32,PBXIP1,False,False,False,False
CD4,CD4.c15.Th17.IL23R,CD4_Th17,standard,33,FKBP11,False,False,False,False
CD4,CD4.c15.Th17.IL23R,CD4_Th17,standard,34,JAML,False,False,False,False
CD4,CD4.c15.Th17.IL23R,CD4_Th17,standard,35,RBL2,False,False,False,False
CD4,CD4.c15.Th17.IL23R,CD4_Th17,standard,36,TNFAIP3,False,False,False,False
CD4,CD4.c15.Th17.IL23R,CD4_Th17,standard,37,RBMS1,False,False,False,False
CD4,CD4.c15.Th17.IL23R,CD4_Th17,standard,38,LGALS3,False,False,False,False
CD4,CD4.c15.Th17.IL23R,CD4_Th17,standard,39,ID2,False,False,False,False
CD4,CD4.c15.Th17.IL23R,CD4_Th17,standard,40,AHR,False,False,False,False
CD4,CD4.c15.Th17.IL23R,CD4_Th17,standard,41,CD3G,False,False,False,False
CD4,CD4.c15.Th17.IL23R,CD4_Th17,standard,42,CCNH,False,False,False,False
CD4,CD4.c15.Th17.IL23R,CD4_Th17,standard,43,RAP1B,False,False,False,False
CD4,CD4.c15.Th17.IL23R,CD4_Th17,standard,44,RPS4Y1,True,True,False,False
CD4,CD4.c15.Th17.IL23R,CD4_Th17,standard,45,ATP1A1,False,False,False,False
CD4,CD4.c15.Th17.IL23R,CD4_Th17,standard,46,PFKFB3,False,False,False,False
CD4,CD4.c15.Th17.IL23R,CD4_Th17,standard,47,TMSB4X,False,True,True,False
CD4,CD4.c15.Th17.IL23R,CD4_Th17,standard,48,SRGN,False,True,True,False
CD4,CD4.c15.Th17.IL23R,CD4_Th17,standard,49,ERN1,False,False,False,False
CD4,CD4.c15.Th17.IL23R,CD4_Th17,standard,50,TMIGD2,False,False,False,False
CD4,CD4.c15.Th17.IL23R,CD4_Th17,filter_only,1,CAPG,False,False,False,False
CD4,CD4.c15.Th17.IL23R,CD4_Th17,filter_only,2,KLRB1,False,False,False,True
CD4,CD4.c15.Th17.IL23R,CD4_Th17,filter_only,3,MGAT4A,False,False,False,False
CD4,CD4.c15.Th17.IL23R,CD4_Th17,filter_only,4,CCR6,False,False,False,True
CD4,CD4.c15.Th17.IL23R,CD4_Th17,filter_only,5,RORA,False,False,False,True
CD4,CD4.c15.Th17.IL23R,CD4_Th17,filter_only,6,G3BP2,False,False,False,False
CD4,CD4.c15.Th17.IL23R,CD4_Th17,filter_only,7,CXCR6,False,False,False,False
CD4,CD4.c15.Th17.IL23R,CD4_Th17,filter_only,8,PDE4D,False,False,False,False
CD4,CD4.c15.Th17.IL23R,CD4_Th17,filter_only,9,CTSH,False,False,False,False
CD4,CD4.c15.Th17.IL23R,CD4_Th17,filter_only,10,MYH9,False,False,False,False
CD4,CD4.c15.Th17.IL23R,CD4_Th17,filter_only,11,IL7R,False,False,False,True
CD4,CD4.c15.Th17.IL23R,CD4_Th17,filter_only,12,ALOX5AP,False,False,False,False
CD4,CD4.c15.Th17.IL23R,CD4_Th17,filter_only,13,ITM2B,False,False,False,False
CD4,CD4.c15.Th17.IL23R,CD4_Th17,filter_only,14,CD96,False,False,False,False
CD4,CD4.c15.Th17.IL23R,CD4_Th17,filter_only,15,AQP3,False,False,False,False
CD4,CD4.c15.Th17.IL23R,CD4_Th17,filter_only,16,PDCD4,False,False,False,False
CD4,CD4.c15.Th17.IL23R,CD4_Th17,filter_only,17,CXCR4,False,False,False,False
CD4,CD4.c15.Th17.IL23R,CD4_Th17,filter_only,18,OSTF1,False,False,False,False
CD4,CD4.c15.Th17.IL23R,CD4_Th17,filter_only,19,SPOCK2,False,False,False,False
CD4,CD4.c15.Th17.IL23R,CD4_Th17,filter_only,20,CCL20,False,False,False,False
CD4,CD4.c15.Th17.IL23R,CD4_Th17,filter_only,21,CREM,False,False,False,False
CD4,CD4.c15.Th17.IL23R,CD4_Th17,filter_only,22,GPR65,False,False,False,False
CD4,CD4.c15.Th17.IL23R,CD4_Th17,filter_only,23,PBX4,False,False,False,False
CD4,CD4.c15.Th17.IL23R,CD4_Th17,filter_only,24,LAPTM5,False,False,False,False
CD4,CD4.c15.Th17.IL23R,CD4_Th17,filter_only,25,YWHAQ,False,False,False,False
CD4,CD4.c15.Th17.IL23R,CD4_Th17,filter_only,26,IL4I1,False,False,False,False
CD4,CD4.c15.Th17.IL23R,CD4_Th17,filter_only,27,LDLRAD4,False,False,False,False
CD4,CD4.c15.Th17.IL23R,CD4_Th17,filter_only,28,PBXIP1,False,False,False,False
CD4,CD4.c15.Th17.IL23R,CD4_Th17,filter_only,29,FKBP11,False,False,False,False
CD4,CD4.c15.Th17.IL23R,CD4_Th17,filter_only,30,JAML,False,False,False,False
CD4,CD4.c15.Th17.IL23R,CD4_Th17,filter_only,31,RBL2,False,False,False,False
CD4,CD4.c15.Th17.IL23R,CD4_Th17,filter_only,32,TNFAIP3,False,False,False,False
CD4,CD4.c15.Th17.IL23R,CD4_Th17,filter_only,33,RBMS1,False,False,False,False
CD4,CD4.c15.Th17.IL23R,CD4_Th17,filter_only,34,LGALS3,False,False,False,False
CD4,CD4.c15.Th17.IL23R,CD4_Th17,filter_only,35,ID2,False,False,False,False
CD4,CD4.c15.Th17.IL23R,CD4_Th17,filter_only,36,AHR,False,False,False,False
CD4,CD4.c15.Th17.IL23R,CD4_Th17,filter_only,37,CD3G,False,False,False,False
CD4,CD4.c15.Th17.IL23R,CD4_Th17,filter_only,38,CCNH,False,False,False,False
CD4,CD4.c15.Th17.IL23R,CD4_Th17,filter_only,39,RAP1B,False,False,False,False
CD4,CD4.c15.Th17.IL23R,CD4_Th17,filter_only,40,RPS4Y1,True,True,False,False
CD4,CD4.c15.Th17.IL23R,CD4_Th17,filter_only,41,ATP1A1,False,False,False,False
CD4,CD4.c15.Th17.IL23R,CD4_Th17,filter_only,42,PFKFB3,False,False,False,False
CD4,CD4.c15.Th17.IL23R,CD4_Th17,filter_only,43,ERN1,False,False,False,False
CD4,CD4.c15.Th17.IL23R,CD4_Th17,filter_only,44,TMIGD2,False,False,False,False
CD4,CD4.c15.Th17.IL23R,CD4_Th17,filter_only,45,EVL,False,False,False,False
CD4,CD4.c15.Th17.IL23R,CD4_Th17,filter_only,46,CCDC107,False,False,False,False
CD4,CD4.c15.Th17.IL23R,CD4_Th17,filter_only,47,CMTM6,False,False,False,False
CD4,CD4.c15.Th17.IL23R,CD4_Th17,filter_only,48,PERP,False,False,False,False
CD4,CD4.c15.Th17.IL23R,CD4_Th17,filter_only,49,CTSD,False,False,False,False
CD4,CD4.c15.Th17.IL23R,CD4_Th17,filter_only,50,CIB1,False,False,False,False
CD4,CD4.c15.Th17.IL23R,CD4_Th17,regex_mask,1,CAPG,False,False,False,False
CD4,CD4.c15.Th17.IL23R,CD4_Th17,regex_mask,2,KLRB1,False,False,False,True
CD4,CD4.c15.Th17.IL23R,CD4_Th17,regex_mask,3,MGAT4A,False,False,False,False
CD4,CD4.c15.Th17.IL23R,CD4_Th17,regex_mask,4,CCR6,False,False,False,True
CD4,CD4.c15.Th17.IL23R,CD4_Th17,regex_mask,5,RORA,False,False,False,True
CD4,CD4.c15.Th17.IL23R,CD4_Th17,regex_mask,6,G3BP2,False,False,False,False
CD4,CD4.c15.Th17.IL23R,CD4_Th17,regex_mask,7,CXCR6,False,False,False,False
CD4,CD4.c15.Th17.IL23R,CD4_Th17,regex_mask,8,PDE4D,False,False,False,False
CD4,CD4.c15.Th17.IL23R,CD4_Th17,regex_mask,9,CTSH,False,False,False,False
CD4,CD4.c15.Th17.IL23R,CD4_Th17,regex_mask,10,MYH9,False,False,False,False
CD4,CD4.c15.Th17.IL23R,CD4_Th17,regex_mask,11,IL7R,False,False,False,True
CD4,CD4.c15.Th17.IL23R,CD4_Th17,regex_mask,12,ALOX5AP,False,False,False,False
CD4,CD4.c15.Th17.IL23R,CD4_Th17,regex_mask,13,ITM2B,False,False,False,False
CD4,CD4.c15.Th17.IL23R,CD4_Th17,regex_mask,14,CD96,False,False,False,False
CD4,CD4.c15.Th17.IL23R,CD4_Th17,regex_mask,15,AQP3,False,False,False,False
CD4,CD4.c15.Th17.IL23R,CD4_Th17,regex_mask,16,PDCD4,False,False,False,False
CD4,CD4.c15.Th17.IL23R,CD4_Th17,regex_mask,17,CXCR4,False,False,False,False
CD4,CD4.c15.Th17.IL23R,CD4_Th17,regex_mask,18,OSTF1,False,False,False,False
CD4,CD4.c15.Th17.IL23R,CD4_Th17,regex_mask,19,SPOCK2,False,False,False,False
CD4,CD4.c15.Th17.IL23R,CD4_Th17,regex_mask,20,CCL20,False,False,False,False
CD4,CD4.c15.Th17.IL23R,CD4_Th17,regex_mask,21,CREM,False,False,False,False
CD4,CD4.c15.Th17.IL23R,CD4_Th17,regex_mask,22,GPR65,False,False,False,False
CD4,CD4.c15.Th17.IL23R,CD4_Th17,regex_mask,23,PBX4,False,False,False,False
CD4,CD4.c15.Th17.IL23R,CD4_Th17,regex_mask,24,LAPTM5,False,False,False,False
CD4,CD4.c15.Th17.IL23R,CD4_Th17,regex_mask,25,YWHAQ,False,False,False,False
CD4,CD4.c15.Th17.IL23R,CD4_Th17,regex_mask,26,IL4I1,False,False,False,False
CD4,CD4.c15.Th17.IL23R,CD4_Th17,regex_mask,27,LDLRAD4,False,False,False,False
CD4,CD4.c15.Th17.IL23R,CD4_Th17,regex_mask,28,PBXIP1,False,False,False,False
CD4,CD4.c15.Th17.IL23R,CD4_Th17,regex_mask,29,FKBP11,False,False,False,False
CD4,CD4.c15.Th17.IL23R,CD4_Th17,regex_mask,30,JAML,False,False,False,False
CD4,CD4.c15.Th17.IL23R,CD4_Th17,regex_mask,31,RBL2,False,False,False,False
CD4,CD4.c15.Th17.IL23R,CD4_Th17,regex_mask,32,TNFAIP3,False,False,False,False
CD4,CD4.c15.Th17.IL23R,CD4_Th17,regex_mask,33,RBMS1,False,False,False,False
CD4,CD4.c15.Th17.IL23R,CD4_Th17,regex_mask,34,LGALS3,False,False,False,False
CD4,CD4.c15.Th17.IL23R,CD4_Th17,regex_mask,35,ID2,False,False,False,False
CD4,CD4.c15.Th17.IL23R,CD4_Th17,regex_mask,36,AHR,False,False,False,False
CD4,CD4.c15.Th17.IL23R,CD4_Th17,regex_mask,37,CD3G,False,False,False,False
CD4,CD4.c15.Th17.IL23R,CD4_Th17,regex_mask,38,CCNH,False,False,False,False
CD4,CD4.c15.Th17.IL23R,CD4_Th17,regex_mask,39,RAP1B,False,False,False,False
CD4,CD4.c15.Th17.IL23R,CD4_Th17,regex_mask,40,ATP1A1,False,False,False,False
CD4,CD4.c15.Th17.IL23R,CD4_Th17,regex_mask,41,PFKFB3,False,False,False,False
CD4,CD4.c15.Th17.IL23R,CD4_Th17,regex_mask,42,ERN1,False,False,False,False
CD4,CD4.c15.Th17.IL23R,CD4_Th17,regex_mask,43,TMIGD2,False,False,False,False
CD4,CD4.c15.Th17.IL23R,CD4_Th17,regex_mask,44,EVL,False,False,False,False
CD4,CD4.c15.Th17.IL23R,CD4_Th17,regex_mask,45,CCDC107,False,False,False,False
CD4,CD4.c15.Th17.IL23R,CD4_Th17,regex_mask,46,CMTM6,False,False,False,False
CD4,CD4.c15.Th17.IL23R,CD4_Th17,regex_mask,47,PERP,False,False,False,False
CD4,CD4.c15.Th17.IL23R,CD4_Th17,regex_mask,48,CTSD,False,False,False,False
CD4,CD4.c15.Th17.IL23R,CD4_Th17,regex_mask,49,CIB1,False,False,False,False
CD4,CD4.c15.Th17.IL23R,CD4_Th17,regex_mask,50,PTPN13,False,False,False,False
CD4,CD4.c15.Th17.IL23R,CD4_Th17,full_core,1,CAPG,False,False,False,False
CD4,CD4.c15.Th17.IL23R,CD4_Th17,full_core,2,KLRB1,False,False,False,True
CD4,CD4.c15.Th17.IL23R,CD4_Th17,full_core,3,CCR6,False,False,False,True
CD4,CD4.c15.Th17.IL23R,CD4_Th17,full_core,4,CXCR6,False,False,False,False
CD4,CD4.c15.Th17.IL23R,CD4_Th17,full_core,5,CTSH,False,False,False,False
CD4,CD4.c15.Th17.IL23R,CD4_Th17,full_core,6,AQP3,False,False,False,False
CD4,CD4.c15.Th17.IL23R,CD4_Th17,full_core,7,CCL20,False,False,False,False
CD4,CD4.c15.Th17.IL23R,CD4_Th17,full_core,8,YWHAQ,False,False,False,False
CD4,CD4.c15.Th17.IL23R,CD4_Th17,full_core,9,IL4I1,False,False,False,False
CD4,CD4.c15.Th17.IL23R,CD4_Th17,full_core,10,LDLRAD4,False,False,False,False
CD4,CD4.c15.Th17.IL23R,CD4_Th17,full_core,11,LGALS3,False,False,False,False
CD4,CD4.c15.Th17.IL23R,CD4_Th17,full_core,12,ID2,False,False,False,False
CD4,CD4.c15.Th17.IL23R,CD4_Th17,full_core,13,CD3G,False,False,False,False
CD4,CD4.c15.Th17.IL23R,CD4_Th17,full_core,14,TMIGD2,False,False,False,False
CD4,CD4.c15.Th17.IL23R,CD4_Th17,full_core,15,PTPN13,False,False,False,False
CD4,CD4.c15.Th17.IL23R,CD4_Th17,full_core,16,CDKN1A,False,False,False,False
CD4,CD4.c15.Th17.IL23R,CD4_Th17,full_core,17,TNFSF13B,False,False,False,False
CD4,CD4.c15.Th17.IL23R,CD4_Th17,full_core,18,VIM,False,False,False,False
CD4,CD4.c15.Th17.IL23R,CD4_Th17,full_core,19,CD69,False,False,False,False
CD4,CD4.c15.Th17.IL23R,CD4_Th17,full_core,20,CA2,False,False,False,False
CD4,CD4.c15.Th17.IL23R,CD4_Th17,full_core,21,CLEC2B,False,False,False,False
CD4,CD4.c15.Th17.IL23R,CD4_Th17,full_core,22,MCAM,False,False,False,False
CD4,CD4.c15.Th17.IL23R,CD4_Th17,full_core,23,CITED2,False,False,False,False
CD4,CD4.c15.Th17.IL23R,CD4_Th17,full_core,24,CEBPD,False,False,False,False
CD4,CD4.c15.Th17.IL23R,CD4_Th17,full_core,25,CTSL,False,False,False,False
CD4,CD4.c15.Th17.IL23R,CD4_Th17,full_core,26,ANKRD28,False,False,False,False
CD4,CD4.c15.Th17.IL23R,CD4_Th17,full_core,27,GYG1,False,False,False,False
CD4,CD4.c15.Th17.IL23R,CD4_Th17,full_core,28,PTGER2,False,False,False,False
CD4,CD4.c15.Th17.IL23R,CD4_Th17,full_core,29,PEBP1,False,False,False,False
CD4,CD4.c15.Th17.IL23R,CD4_Th17,full_core,30,NFKBIZ,False,False,False,False
CD4,CD4.c15.Th17.IL23R,CD4_Th17,full_core,31,DUSP1,False,False,False,False
CD4,CD4.c15.Th17.IL23R,CD4_Th17,full_core,32,RBM3,False,False,False,False
CD4,CD4.c15.Th17.IL23R,CD4_Th17,full_core,33,FURIN,False,False,False,False
CD4,CD4.c15.Th17.IL23R,CD4_Th17,full_core,34,SESN1,False,False,False,False
CD4,CD4.c15.Th17.IL23R,CD4_Th17,full_core,35,ANXA1,False,False,False,False
CD4,CD4.c15.Th17.IL23R,CD4_Th17,full_core,36,SMIM3,False,False,False,False
CD4,CD4.c15.Th17.IL23R,CD4_Th17,full_core,37,ITM2C,False,False,False,False
CD4,CD4.c15.Th17.IL23R,CD4_Th17,full_core,38,AC092580.4,False,False,False,False
CD4,CD4.c15.Th17.IL23R,CD4_Th17,full_core,39,IL23R,False,False,False,True
CD4,CD4.c15.Th17.IL23R,CD4_Th17,full_core,40,H2AFV,False,False,False,False
CD4,CD4.c15.Th17.IL23R,CD4_Th17,full_core,41,SIRPG,False,False,False,False
CD4,CD4.c15.Th17.IL23R,CD4_Th17,full_core,42,CHCHD10,False,False,False,False
CD4,CD4.c15.Th17.IL23R,CD4_Th17,full_core,43,ARL3,False,False,False,False
CD4,CD4.c15.Th17.IL23R,CD4_Th17,full_core,44,NR4A3,False,False,False,False
CD4,CD4.c15.Th17.IL23R,CD4_Th17,full_core,45,THBS1,False,False,False,False
CD4,CD4.c15.Th17.IL23R,CD4_Th17,full_core,46,YWHAH,False,False,False,False
CD4,CD4.c15.Th17.IL23R,CD4_Th17,full_core,47,SLC4A10,False,False,False,False
CD4,CD4.c15.Th17.IL23R,CD4_Th17,full_core,48,IL17F,False,False,False,False
CD4,CD4.c15.Th17.IL23R,CD4_Th17,full_core,49,GZMA,False,False,False,False
CD4,CD4.c15.Th17.IL23R,CD4_Th17,full_core,50,LMO4,False,False,False,False
CD4,CD4.c16.Tfh.CXCR5,CD4_Tfh,standard,1,NR3C1,False,False,False,False
CD4,CD4.c16.Tfh.CXCR5,CD4_Tfh,standard,2,CXCL13,False,False,False,True
CD4,CD4.c16.Tfh.CXCR5,CD4_Tfh,standard,3,FKBP5,False,False,False,False
CD4,CD4.c16.Tfh.CXCR5,CD4_Tfh,standard,4,IL6ST,False,False,False,False
CD4,CD4.c16.Tfh.CXCR5,CD4_Tfh,standard,5,SRGN,False,True,True,False
CD4,CD4.c16.Tfh.CXCR5,CD4_Tfh,standard,6,TNFSF8,False,False,False,False
CD4,CD4.c16.Tfh.CXCR5,CD4_Tfh,standard,7,NMB,False,False,False,False
CD4,CD4.c16.Tfh.CXCR5,CD4_Tfh,standard,8,SESN3,False,False,False,False
CD4,CD4.c16.Tfh.CXCR5,CD4_Tfh,standard,9,RBPJ,False,False,False,False
CD4,CD4.c16.Tfh.CXCR5,CD4_Tfh,standard,10,ITM2A,False,False,False,False
CD4,CD4.c16.Tfh.CXCR5,CD4_Tfh,standard,11,BTLA,False,False,False,False
CD4,CD4.c16.Tfh.CXCR5,CD4_Tfh,standard,12,TIGIT,False,False,False,False
CD4,CD4.c16.Tfh.CXCR5,CD4_Tfh,standard,13,NAP1L4,False,False,False,False
CD4,CD4.c16.Tfh.CXCR5,CD4_Tfh,standard,14,CHN1,False,False,False,False
CD4,CD4.c16.Tfh.CXCR5,CD4_Tfh,standard,15,CD200,False,False,False,False
CD4,CD4.c16.Tfh.CXCR5,CD4_Tfh,standard,16,TMEM243,False,False,False,False
CD4,CD4.c16.Tfh.CXCR5,CD4_Tfh,standard,17,TOX2,False,False,False,False
CD4,CD4.c16.Tfh.CXCR5,CD4_Tfh,standard,18,TSHZ2,False,False,False,False
CD4,CD4.c16.Tfh.CXCR5,CD4_Tfh,standard,19,MTHFD2,False,False,False,False
CD4,CD4.c16.Tfh.CXCR5,CD4_Tfh,standard,20,FABP5,True,True,False,False
CD4,CD4.c16.Tfh.CXCR5,CD4_Tfh,standard,21,COTL1,False,False,False,False
CD4,CD4.c16.Tfh.CXCR5,CD4_Tfh,standard,22,DUSP4,False,False,False,False
CD4,CD4.c16.Tfh.CXCR5,CD4_Tfh,standard,23,TOX,False,False,False,True
CD4,CD4.c16.Tfh.CXCR5,CD4_Tfh,standard,24,CNIH1,False,False,False,False
CD4,CD4.c16.Tfh.CXCR5,CD4_Tfh,standard,25,IGFBP4,False,False,False,False
CD4,CD4.c16.Tfh.CXCR5,CD4_Tfh,standard,26,BATF,False,False,False,False
CD4,CD4.c16.Tfh.CXCR5,CD4_Tfh,standard,27,CPM,False,False,False,False
CD4,CD4.c16.Tfh.CXCR5,CD4_Tfh,standard,28,SOD1,False,False,False,False
CD4,CD4.c16.Tfh.CXCR5,CD4_Tfh,standard,29,STK17A,False,False,False,False
CD4,CD4.c16.Tfh.CXCR5,CD4_Tfh,standard,30,RGS2,False,False,False,False
CD4,CD4.c16.Tfh.CXCR5,CD4_Tfh,standard,31,TNFRSF4,False,False,False,False
CD4,CD4.c16.Tfh.CXCR5,CD4_Tfh,standard,32,METTL8,False,False,False,False
CD4,CD4.c16.Tfh.CXCR5,CD4_Tfh,standard,33,TIAM1,False,False,False,False
CD4,CD4.c16.Tfh.CXCR5,CD4_Tfh,standard,34,ITPR1,False,False,False,False
CD4,CD4.c16.Tfh.CXCR5,CD4_Tfh,standard,35,LRMP,False,False,False,False
CD4,CD4.c16.Tfh.CXCR5,CD4_Tfh,standard,36,FAM107B,False,False,False,False
CD4,CD4.c16.Tfh.CXCR5,CD4_Tfh,standard,37,FYB,False,False,False,False
CD4,CD4.c16.Tfh.CXCR5,CD4_Tfh,standard,38,LIMS1,False,False,False,False
CD4,CD4.c16.Tfh.CXCR5,CD4_Tfh,standard,39,RNF19A,False,False,False,False
CD4,CD4.c16.Tfh.CXCR5,CD4_Tfh,standard,40,ALOX5AP,False,False,False,False
CD4,CD4.c16.Tfh.CXCR5,CD4_Tfh,standard,41,SESN1,False,False,False,False
CD4,CD4.c16.Tfh.CXCR5,CD4_Tfh,standard,42,TCF7,False,False,False,False
CD4,CD4.c16.Tfh.CXCR5,CD4_Tfh,standard,43,GK,False,False,False,False
CD4,CD4.c16.Tfh.CXCR5,CD4_Tfh,standard,44,PASK,False,False,False,False
CD4,CD4.c16.Tfh.CXCR5,CD4_Tfh,standard,45,ELMO1,False,False,False,False
CD4,CD4.c16.Tfh.CXCR5,CD4_Tfh,standard,46,PDCD1,False,False,False,True
CD4,CD4.c16.Tfh.CXCR5,CD4_Tfh,standard,47,CYSLTR1,False,False,False,False
CD4,CD4.c16.Tfh.CXCR5,CD4_Tfh,standard,48,PPP1CC,False,False,False,False
CD4,CD4.c16.Tfh.CXCR5,CD4_Tfh,standard,49,HIF1A,False,False,False,False
CD4,CD4.c16.Tfh.CXCR5,CD4_Tfh,standard,50,PDE7B,False,False,False,False
CD4,CD4.c16.Tfh.CXCR5,CD4_Tfh,filter_only,1,NR3C1,False,False,False,False
CD4,CD4.c16.Tfh.CXCR5,CD4_Tfh,filter_only,2,CXCL13,False,False,False,True
CD4,CD4.c16.Tfh.CXCR5,CD4_Tfh,filter_only,3,FKBP5,False,False,False,False
CD4,CD4.c16.Tfh.CXCR5,CD4_Tfh,filter_only,4,IL6ST,False,False,False,False
CD4,CD4.c16.Tfh.CXCR5,CD4_Tfh,filter_only,5,TNFSF8,False,False,False,False
CD4,CD4.c16.Tfh.CXCR5,CD4_Tfh,filter_only,6,NMB,False,False,False,False
CD4,CD4.c16.Tfh.CXCR5,CD4_Tfh,filter_only,7,SESN3,False,False,False,False
CD4,CD4.c16.Tfh.CXCR5,CD4_Tfh,filter_only,8,RBPJ,False,False,False,False
CD4,CD4.c16.Tfh.CXCR5,CD4_Tfh,filter_only,9,ITM2A,False,False,False,False
CD4,CD4.c16.Tfh.CXCR5,CD4_Tfh,filter_only,10,BTLA,False,False,False,False
CD4,CD4.c16.Tfh.CXCR5,CD4_Tfh,filter_only,11,TIGIT,False,False,False,False
CD4,CD4.c16.Tfh.CXCR5,CD4_Tfh,filter_only,12,NAP1L4,False,False,False,False
CD4,CD4.c16.Tfh.CXCR5,CD4_Tfh,filter_only,13,CHN1,False,False,False,False
CD4,CD4.c16.Tfh.CXCR5,CD4_Tfh,filter_only,14,CD200,False,False,False,False
CD4,CD4.c16.Tfh.CXCR5,CD4_Tfh,filter_only,15,TMEM243,False,False,False,False
CD4,CD4.c16.Tfh.CXCR5,CD4_Tfh,filter_only,16,TOX2,False,False,False,False
CD4,CD4.c16.Tfh.CXCR5,CD4_Tfh,filter_only,17,TSHZ2,False,False,False,False
CD4,CD4.c16.Tfh.CXCR5,CD4_Tfh,filter_only,18,MTHFD2,False,False,False,False
CD4,CD4.c16.Tfh.CXCR5,CD4_Tfh,filter_only,19,FABP5,True,True,False,False
CD4,CD4.c16.Tfh.CXCR5,CD4_Tfh,filter_only,20,COTL1,False,False,False,False
CD4,CD4.c16.Tfh.CXCR5,CD4_Tfh,filter_only,21,DUSP4,False,False,False,False
CD4,CD4.c16.Tfh.CXCR5,CD4_Tfh,filter_only,22,TOX,False,False,False,True
CD4,CD4.c16.Tfh.CXCR5,CD4_Tfh,filter_only,23,CNIH1,False,False,False,False
CD4,CD4.c16.Tfh.CXCR5,CD4_Tfh,filter_only,24,IGFBP4,False,False,False,False
CD4,CD4.c16.Tfh.CXCR5,CD4_Tfh,filter_only,25,BATF,False,False,False,False
CD4,CD4.c16.Tfh.CXCR5,CD4_Tfh,filter_only,26,CPM,False,False,False,False
CD4,CD4.c16.Tfh.CXCR5,CD4_Tfh,filter_only,27,SOD1,False,False,False,False
CD4,CD4.c16.Tfh.CXCR5,CD4_Tfh,filter_only,28,STK17A,False,False,False,False
CD4,CD4.c16.Tfh.CXCR5,CD4_Tfh,filter_only,29,RGS2,False,False,False,False
CD4,CD4.c16.Tfh.CXCR5,CD4_Tfh,filter_only,30,TNFRSF4,False,False,False,False
CD4,CD4.c16.Tfh.CXCR5,CD4_Tfh,filter_only,31,METTL8,False,False,False,False
CD4,CD4.c16.Tfh.CXCR5,CD4_Tfh,filter_only,32,TIAM1,False,False,False,False
CD4,CD4.c16.Tfh.CXCR5,CD4_Tfh,filter_only,33,ITPR1,False,False,False,False
CD4,CD4.c16.Tfh.CXCR5,CD4_Tfh,filter_only,34,LRMP,False,False,False,False
CD4,CD4.c16.Tfh.CXCR5,CD4_Tfh,filter_only,35,FAM107B,False,False,False,False
CD4,CD4.c16.Tfh.CXCR5,CD4_Tfh,filter_only,36,FYB,False,False,False,False
CD4,CD4.c16.Tfh.CXCR5,CD4_Tfh,filter_only,37,LIMS1,False,False,False,False
CD4,CD4.c16.Tfh.CXCR5,CD4_Tfh,filter_only,38,RNF19A,False,False,False,False
CD4,CD4.c16.Tfh.CXCR5,CD4_Tfh,filter_only,39,ALOX5AP,False,False,False,False
CD4,CD4.c16.Tfh.CXCR5,CD4_Tfh,filter_only,40,SESN1,False,False,False,False
CD4,CD4.c16.Tfh.CXCR5,CD4_Tfh,filter_only,41,TCF7,False,False,False,False
CD4,CD4.c16.Tfh.CXCR5,CD4_Tfh,filter_only,42,GK,False,False,False,False
CD4,CD4.c16.Tfh.CXCR5,CD4_Tfh,filter_only,43,PASK,False,False,False,False
CD4,CD4.c16.Tfh.CXCR5,CD4_Tfh,filter_only,44,ELMO1,False,False,False,False
CD4,CD4.c16.Tfh.CXCR5,CD4_Tfh,filter_only,45,PDCD1,False,False,False,True
CD4,CD4.c16.Tfh.CXCR5,CD4_Tfh,filter_only,46,CYSLTR1,False,False,False,False
CD4,CD4.c16.Tfh.CXCR5,CD4_Tfh,filter_only,47,PPP1CC,False,False,False,False
CD4,CD4.c16.Tfh.CXCR5,CD4_Tfh,filter_only,48,HIF1A,False,False,False,False
CD4,CD4.c16.Tfh.CXCR5,CD4_Tfh,filter_only,49,PDE7B,False,False,False,False
CD4,CD4.c16.Tfh.CXCR5,CD4_Tfh,filter_only,50,FBLN7,False,False,False,False
CD4,CD4.c16.Tfh.CXCR5,CD4_Tfh,regex_mask,1,NR3C1,False,False,False,False
CD4,CD4.c16.Tfh.CXCR5,CD4_Tfh,regex_mask,2,CXCL13,False,False,False,True
CD4,CD4.c16.Tfh.CXCR5,CD4_Tfh,regex_mask,3,FKBP5,False,False,False,False
CD4,CD4.c16.Tfh.CXCR5,CD4_Tfh,regex_mask,4,IL6ST,False,False,False,False
CD4,CD4.c16.Tfh.CXCR5,CD4_Tfh,regex_mask,5,TNFSF8,False,False,False,False
CD4,CD4.c16.Tfh.CXCR5,CD4_Tfh,regex_mask,6,NMB,False,False,False,False
CD4,CD4.c16.Tfh.CXCR5,CD4_Tfh,regex_mask,7,SESN3,False,False,False,False
CD4,CD4.c16.Tfh.CXCR5,CD4_Tfh,regex_mask,8,RBPJ,False,False,False,False
CD4,CD4.c16.Tfh.CXCR5,CD4_Tfh,regex_mask,9,ITM2A,False,False,False,False
CD4,CD4.c16.Tfh.CXCR5,CD4_Tfh,regex_mask,10,BTLA,False,False,False,False
CD4,CD4.c16.Tfh.CXCR5,CD4_Tfh,regex_mask,11,TIGIT,False,False,False,False
CD4,CD4.c16.Tfh.CXCR5,CD4_Tfh,regex_mask,12,NAP1L4,False,False,False,False
CD4,CD4.c16.Tfh.CXCR5,CD4_Tfh,regex_mask,13,CHN1,False,False,False,False
CD4,CD4.c16.Tfh.CXCR5,CD4_Tfh,regex_mask,14,CD200,False,False,False,False
CD4,CD4.c16.Tfh.CXCR5,CD4_Tfh,regex_mask,15,TMEM243,False,False,False,False
CD4,CD4.c16.Tfh.CXCR5,CD4_Tfh,regex_mask,16,TOX2,False,False,False,False
CD4,CD4.c16.Tfh.CXCR5,CD4_Tfh,regex_mask,17,TSHZ2,False,False,False,False
CD4,CD4.c16.Tfh.CXCR5,CD4_Tfh,regex_mask,18,MTHFD2,False,False,False,False
CD4,CD4.c16.Tfh.CXCR5,CD4_Tfh,regex_mask,19,COTL1,False,False,False,False
CD4,CD4.c16.Tfh.CXCR5,CD4_Tfh,regex_mask,20,DUSP4,False,False,False,False
CD4,CD4.c16.Tfh.CXCR5,CD4_Tfh,regex_mask,21,TOX,False,False,False,True
CD4,CD4.c16.Tfh.CXCR5,CD4_Tfh,regex_mask,22,CNIH1,False,False,False,False
CD4,CD4.c16.Tfh.CXCR5,CD4_Tfh,regex_mask,23,IGFBP4,False,False,False,False
CD4,CD4.c16.Tfh.CXCR5,CD4_Tfh,regex_mask,24,BATF,False,False,False,False
CD4,CD4.c16.Tfh.CXCR5,CD4_Tfh,regex_mask,25,CPM,False,False,False,False
CD4,CD4.c16.Tfh.CXCR5,CD4_Tfh,regex_mask,26,SOD1,False,False,False,False
CD4,CD4.c16.Tfh.CXCR5,CD4_Tfh,regex_mask,27,STK17A,False,False,False,False
CD4,CD4.c16.Tfh.CXCR5,CD4_Tfh,regex_mask,28,RGS2,False,False,False,False
CD4,CD4.c16.Tfh.CXCR5,CD4_Tfh,regex_mask,29,TNFRSF4,False,False,False,False
CD4,CD4.c16.Tfh.CXCR5,CD4_Tfh,regex_mask,30,METTL8,False,False,False,False
CD4,CD4.c16.Tfh.CXCR5,CD4_Tfh,regex_mask,31,TIAM1,False,False,False,False
CD4,CD4.c16.Tfh.CXCR5,CD4_Tfh,regex_mask,32,ITPR1,False,False,False,False
CD4,CD4.c16.Tfh.CXCR5,CD4_Tfh,regex_mask,33,LRMP,False,False,False,False
CD4,CD4.c16.Tfh.CXCR5,CD4_Tfh,regex_mask,34,FAM107B,False,False,False,False
CD4,CD4.c16.Tfh.CXCR5,CD4_Tfh,regex_mask,35,FYB,False,False,False,False
CD4,CD4.c16.Tfh.CXCR5,CD4_Tfh,regex_mask,36,LIMS1,False,False,False,False
CD4,CD4.c16.Tfh.CXCR5,CD4_Tfh,regex_mask,37,RNF19A,False,False,False,False
CD4,CD4.c16.Tfh.CXCR5,CD4_Tfh,regex_mask,38,ALOX5AP,False,False,False,False
CD4,CD4.c16.Tfh.CXCR5,CD4_Tfh,regex_mask,39,SESN1,False,False,False,False
CD4,CD4.c16.Tfh.CXCR5,CD4_Tfh,regex_mask,40,TCF7,False,False,False,False
CD4,CD4.c16.Tfh.CXCR5,CD4_Tfh,regex_mask,41,GK,False,False,False,False
CD4,CD4.c16.Tfh.CXCR5,CD4_Tfh,regex_mask,42,PASK,False,False,False,False
CD4,CD4.c16.Tfh.CXCR5,CD4_Tfh,regex_mask,43,ELMO1,False,False,False,False
CD4,CD4.c16.Tfh.CXCR5,CD4_Tfh,regex_mask,44,PDCD1,False,False,False,True
CD4,CD4.c16.Tfh.CXCR5,CD4_Tfh,regex_mask,45,CYSLTR1,False,False,False,False
CD4,CD4.c16.Tfh.CXCR5,CD4_Tfh,regex_mask,46,PPP1CC,False,False,False,False
CD4,CD4.c16.Tfh.CXCR5,CD4_Tfh,regex_mask,47,HIF1A,False,False,False,False
CD4,CD4.c16.Tfh.CXCR5,CD4_Tfh,regex_mask,48,PDE7B,False,False,False,False
CD4,CD4.c16.Tfh.CXCR5,CD4_Tfh,regex_mask,49,FBLN7,False,False,False,False
CD4,CD4.c16.Tfh.CXCR5,CD4_Tfh,regex_mask,50,BIRC3,False,False,False,False
CD4,CD4.c16.Tfh.CXCR5,CD4_Tfh,full_core,1,CXCL13,False,False,False,True
CD4,CD4.c16.Tfh.CXCR5,CD4_Tfh,full_core,2,NMB,False,False,False,False
CD4,CD4.c16.Tfh.CXCR5,CD4_Tfh,full_core,3,SESN3,False,False,False,False
CD4,CD4.c16.Tfh.CXCR5,CD4_Tfh,full_core,4,BTLA,False,False,False,False
CD4,CD4.c16.Tfh.CXCR5,CD4_Tfh,full_core,5,TIGIT,False,False,False,False
CD4,CD4.c16.Tfh.CXCR5,CD4_Tfh,full_core,6,CHN1,False,False,False,False
CD4,CD4.c16.Tfh.CXCR5,CD4_Tfh,full_core,7,CD200,False,False,False,False
CD4,CD4.c16.Tfh.CXCR5,CD4_Tfh,full_core,8,TOX2,False,False,False,False
CD4,CD4.c16.Tfh.CXCR5,CD4_Tfh,full_core,9,TSHZ2,False,False,False,False
CD4,CD4.c16.Tfh.CXCR5,CD4_Tfh,full_core,10,MTHFD2,False,False,False,False
CD4,CD4.c16.Tfh.CXCR5,CD4_Tfh,full_core,11,COTL1,False,False,False,False
CD4,CD4.c16.Tfh.CXCR5,CD4_Tfh,full_core,12,DUSP4,False,False,False,False
CD4,CD4.c16.Tfh.CXCR5,CD4_Tfh,full_core,13,IGFBP4,False,False,False,False
CD4,CD4.c16.Tfh.CXCR5,CD4_Tfh,full_core,14,BATF,False,False,False,False
CD4,CD4.c16.Tfh.CXCR5,CD4_Tfh,full_core,15,CPM,False,False,False,False
CD4,CD4.c16.Tfh.CXCR5,CD4_Tfh,full_core,16,SOD1,False,False,False,False
CD4,CD4.c16.Tfh.CXCR5,CD4_Tfh,full_core,17,RGS2,False,False,False,False
CD4,CD4.c16.Tfh.CXCR5,CD4_Tfh,full_core,18,TNFRSF4,False,False,False,False
CD4,CD4.c16.Tfh.CXCR5,CD4_Tfh,full_core,19,FAM107B,False,False,False,False
CD4,CD4.c16.Tfh.CXCR5,CD4_Tfh,full_core,20,SESN1,False,False,False,False
CD4,CD4.c16.Tfh.CXCR5,CD4_Tfh,full_core,21,TCF7,False,False,False,False
CD4,CD4.c16.Tfh.CXCR5,CD4_Tfh,full_core,22,GK,False,False,False,False
CD4,CD4.c16.Tfh.CXCR5,CD4_Tfh,full_core,23,PASK,False,False,False,False
CD4,CD4.c16.Tfh.CXCR5,CD4_Tfh,full_core,24,PPP1CC,False,False,False,False
CD4,CD4.c16.Tfh.CXCR5,CD4_Tfh,full_core,25,PDE7B,False,False,False,False
CD4,CD4.c16.Tfh.CXCR5,CD4_Tfh,full_core,26,NFKBIA,False,False,False,False
CD4,CD4.c16.Tfh.CXCR5,CD4_Tfh,full_core,27,SMCO4,False,False,False,False
CD4,CD4.c16.Tfh.CXCR5,CD4_Tfh,full_core,28,CORO1B,False,False,False,False
CD4,CD4.c16.Tfh.CXCR5,CD4_Tfh,full_core,29,RHOB,False,False,False,False
CD4,CD4.c16.Tfh.CXCR5,CD4_Tfh,full_core,30,GNG4,False,False,False,False
CD4,CD4.c16.Tfh.CXCR5,CD4_Tfh,full_core,31,PGM2L1,False,False,False,False
CD4,CD4.c16.Tfh.CXCR5,CD4_Tfh,full_core,32,ICA1,False,False,False,False
CD4,CD4.c16.Tfh.CXCR5,CD4_Tfh,full_core,33,IGFL2,False,False,False,False
CD4,CD4.c16.Tfh.CXCR5,CD4_Tfh,full_core,34,CH25H,False,False,False,False
CD4,CD4.c16.Tfh.CXCR5,CD4_Tfh,full_core,35,SELL,False,False,False,False
CD4,CD4.c16.Tfh.CXCR5,CD4_Tfh,full_core,36,MT2A,False,False,False,False
CD4,CD4.c16.Tfh.CXCR5,CD4_Tfh,full_core,37,ZNF331,False,False,False,False
CD4,CD4.c16.Tfh.CXCR5,CD4_Tfh,full_core,38,CTSL,False,False,False,False
CD4,CD4.c16.Tfh.CXCR5,CD4_Tfh,full_core,39,TNFRSF18,False,False,False,False
CD4,CD4.c16.Tfh.CXCR5,CD4_Tfh,full_core,40,LHFP,False,False,False,False
CD4,CD4.c16.Tfh.CXCR5,CD4_Tfh,full_core,41,GEM,False,False,False,False
CD4,CD4.c16.Tfh.CXCR5,CD4_Tfh,full_core,42,CTLA4,False,False,False,False
CD4,CD4.c16.Tfh.CXCR5,CD4_Tfh,full_core,43,CCDC50,False,False,False,False
CD4,CD4.c16.Tfh.CXCR5,CD4_Tfh,full_core,44,TPI1,False,False,False,False
CD4,CD4.c16.Tfh.CXCR5,CD4_Tfh,full_core,45,TMEM258,False,False,False,False
CD4,CD4.c16.Tfh.CXCR5,CD4_Tfh,full_core,46,KLRB1,False,False,False,False
CD4,CD4.c16.Tfh.CXCR5,CD4_Tfh,full_core,47,C1orf228,False,False,False,False
CD4,CD4.c16.Tfh.CXCR5,CD4_Tfh,full_core,48,SMARCA2,False,False,False,False
CD4,CD4.c16.Tfh.CXCR5,CD4_Tfh,full_core,49,SCML1,False,False,False,False
CD4,CD4.c16.Tfh.CXCR5,CD4_Tfh,full_core,50,SGK1,False,False,False,False
CD4,CD4.c17.TfhTh1.CXCL13,CD4_Tfh,standard,1,CXCL13,False,False,False,True
CD4,CD4.c17.TfhTh1.CXCL13,CD4_Tfh,standard,2,CTSD,False,False,False,False
CD4,CD4.c17.TfhTh1.CXCL13,CD4_Tfh,standard,3,CCL4,False,False,False,False
CD4,CD4.c17.TfhTh1.CXCL13,CD4_Tfh,standard,4,RBPJ,False,False,False,False
CD4,CD4.c17.TfhTh1.CXCL13,CD4_Tfh,standard,5,DUSP4,False,False,False,False
CD4,CD4.c17.TfhTh1.CXCL13,CD4_Tfh,standard,6,LY6E,False,False,False,False
CD4,CD4.c17.TfhTh1.CXCL13,CD4_Tfh,standard,7,ID2,False,False,False,False
CD4,CD4.c17.TfhTh1.CXCL13,CD4_Tfh,standard,8,CD82,False,False,False,False
CD4,CD4.c17.TfhTh1.CXCL13,CD4_Tfh,standard,9,HLA-B,True,True,False,False
CD4,CD4.c17.TfhTh1.CXCL13,CD4_Tfh,standard,10,TPI1,False,False,False,False
CD4,CD4.c17.TfhTh1.CXCL13,CD4_Tfh,standard,11,B2M,False,True,True,False
CD4,CD4.c17.TfhTh1.CXCL13,CD4_Tfh,standard,12,TNFRSF18,False,False,False,False
CD4,CD4.c17.TfhTh1.CXCL13,CD4_Tfh,standard,13,PDCD1,False,False,False,True
CD4,CD4.c17.TfhTh1.CXCL13,CD4_Tfh,standard,14,RGS1,False,False,False,False
CD4,CD4.c17.TfhTh1.CXCL13,CD4_Tfh,standard,15,ITM2A,False,False,False,False
CD4,CD4.c17.TfhTh1.CXCL13,CD4_Tfh,standard,16,BST2,False,False,False,False
CD4,CD4.c17.TfhTh1.CXCL13,CD4_Tfh,standard,17,LAG3,False,False,False,False
CD4,CD4.c17.TfhTh1.CXCL13,CD4_Tfh,standard,18,NR3C1,False,False,False,False
CD4,CD4.c17.TfhTh1.CXCL13,CD4_Tfh,standard,19,SLA,False,False,False,False
CD4,CD4.c17.TfhTh1.CXCL13,CD4_Tfh,standard,20,GZMA,False,False,False,False
CD4,CD4.c17.TfhTh1.CXCL13,CD4_Tfh,standard,21,ALOX5AP,False,False,False,False
CD4,CD4.c17.TfhTh1.CXCL13,CD4_Tfh,standard,22,GAPDH,False,True,True,False
CD4,CD4.c17.TfhTh1.CXCL13,CD4_Tfh,standard,23,IFNG,False,False,False,False
CD4,CD4.c17.TfhTh1.CXCL13,CD4_Tfh,standard,24,PTMS,False,False,False,False
CD4,CD4.c17.TfhTh1.CXCL13,CD4_Tfh,standard,25,LAPTM5,False,False,False,False
CD4,CD4.c17.TfhTh1.CXCL13,CD4_Tfh,standard,26,ANXA5,False,False,False,False
CD4,CD4.c17.TfhTh1.CXCL13,CD4_Tfh,standard,27,CD247,False,False,False,False
CD4,CD4.c17.TfhTh1.CXCL13,CD4_Tfh,standard,28,PRDM1,False,False,False,False
CD4,CD4.c17.TfhTh1.CXCL13,CD4_Tfh,standard,29,HSPB1,True,True,False,False
CD4,CD4.c17.TfhTh1.CXCL13,CD4_Tfh,standard,30,CXCR6,False,False,False,False
CD4,CD4.c17.TfhTh1.CXCL13,CD4_Tfh,standard,31,IFI6,False,False,False,False
CD4,CD4.c17.TfhTh1.CXCL13,CD4_Tfh,standard,32,SRGN,False,True,True,False
CD4,CD4.c17.TfhTh1.CXCL13,CD4_Tfh,standard,33,LYST,False,False,False,False
CD4,CD4.c17.TfhTh1.CXCL13,CD4_Tfh,standard,34,PLPP1,False,False,False,False
CD4,CD4.c17.TfhTh1.CXCL13,CD4_Tfh,standard,35,HAVCR2,False,False,False,False
CD4,CD4.c17.TfhTh1.CXCL13,CD4_Tfh,standard,36,CBLB,False,False,False,False
CD4,CD4.c17.TfhTh1.CXCL13,CD4_Tfh,standard,37,HLA-A,True,True,False,False
CD4,CD4.c17.TfhTh1.CXCL13,CD4_Tfh,standard,38,ADGRG1,False,False,False,False
CD4,CD4.c17.TfhTh1.CXCL13,CD4_Tfh,standard,39,SNX9,False,False,False,False
CD4,CD4.c17.TfhTh1.CXCL13,CD4_Tfh,standard,40,ZEB2,False,False,False,False
CD4,CD4.c17.TfhTh1.CXCL13,CD4_Tfh,standard,41,CD3D,False,False,False,False
CD4,CD4.c17.TfhTh1.CXCL13,CD4_Tfh,standard,42,PKM,False,False,False,False
CD4,CD4.c17.TfhTh1.CXCL13,CD4_Tfh,standard,43,TOX,False,False,False,True
CD4,CD4.c17.TfhTh1.CXCL13,CD4_Tfh,standard,44,TIGIT,False,False,False,False
CD4,CD4.c17.TfhTh1.CXCL13,CD4_Tfh,standard,45,PPDPF,False,False,False,False
CD4,CD4.c17.TfhTh1.CXCL13,CD4_Tfh,standard,46,RHOB,False,False,False,False
CD4,CD4.c17.TfhTh1.CXCL13,CD4_Tfh,standard,47,IFITM2,False,False,False,False
CD4,CD4.c17.TfhTh1.CXCL13,CD4_Tfh,standard,48,SH3BGRL3,False,True,True,False
CD4,CD4.c17.TfhTh1.CXCL13,CD4_Tfh,standard,49,PDIA6,False,False,False,False
CD4,CD4.c17.TfhTh1.CXCL13,CD4_Tfh,standard,50,ARL6IP1,False,False,False,False
CD4,CD4.c17.TfhTh1.CXCL13,CD4_Tfh,filter_only,1,CXCL13,False,False,False,True
CD4,CD4.c17.TfhTh1.CXCL13,CD4_Tfh,filter_only,2,CTSD,False,False,False,False
CD4,CD4.c17.TfhTh1.CXCL13,CD4_Tfh,filter_only,3,CCL4,False,False,False,False
CD4,CD4.c17.TfhTh1.CXCL13,CD4_Tfh,filter_only,4,RBPJ,False,False,False,False
CD4,CD4.c17.TfhTh1.CXCL13,CD4_Tfh,filter_only,5,DUSP4,False,False,False,False
CD4,CD4.c17.TfhTh1.CXCL13,CD4_Tfh,filter_only,6,LY6E,False,False,False,False
CD4,CD4.c17.TfhTh1.CXCL13,CD4_Tfh,filter_only,7,ID2,False,False,False,False
CD4,CD4.c17.TfhTh1.CXCL13,CD4_Tfh,filter_only,8,CD82,False,False,False,False
CD4,CD4.c17.TfhTh1.CXCL13,CD4_Tfh,filter_only,9,TPI1,False,False,False,False
CD4,CD4.c17.TfhTh1.CXCL13,CD4_Tfh,filter_only,10,TNFRSF18,False,False,False,False
CD4,CD4.c17.TfhTh1.CXCL13,CD4_Tfh,filter_only,11,PDCD1,False,False,False,True
CD4,CD4.c17.TfhTh1.CXCL13,CD4_Tfh,filter_only,12,RGS1,False,False,False,False
CD4,CD4.c17.TfhTh1.CXCL13,CD4_Tfh,filter_only,13,ITM2A,False,False,False,False
CD4,CD4.c17.TfhTh1.CXCL13,CD4_Tfh,filter_only,14,BST2,False,False,False,False
CD4,CD4.c17.TfhTh1.CXCL13,CD4_Tfh,filter_only,15,LAG3,False,False,False,False
CD4,CD4.c17.TfhTh1.CXCL13,CD4_Tfh,filter_only,16,NR3C1,False,False,False,False
CD4,CD4.c17.TfhTh1.CXCL13,CD4_Tfh,filter_only,17,SLA,False,False,False,False
CD4,CD4.c17.TfhTh1.CXCL13,CD4_Tfh,filter_only,18,GZMA,False,False,False,False
CD4,CD4.c17.TfhTh1.CXCL13,CD4_Tfh,filter_only,19,ALOX5AP,False,False,False,False
CD4,CD4.c17.TfhTh1.CXCL13,CD4_Tfh,filter_only,20,IFNG,False,False,False,False
CD4,CD4.c17.TfhTh1.CXCL13,CD4_Tfh,filter_only,21,PTMS,False,False,False,False
CD4,CD4.c17.TfhTh1.CXCL13,CD4_Tfh,filter_only,22,LAPTM5,False,False,False,False
CD4,CD4.c17.TfhTh1.CXCL13,CD4_Tfh,filter_only,23,ANXA5,False,False,False,False
CD4,CD4.c17.TfhTh1.CXCL13,CD4_Tfh,filter_only,24,CD247,False,False,False,False
CD4,CD4.c17.TfhTh1.CXCL13,CD4_Tfh,filter_only,25,PRDM1,False,False,False,False
CD4,CD4.c17.TfhTh1.CXCL13,CD4_Tfh,filter_only,26,HSPB1,True,True,False,False
CD4,CD4.c17.TfhTh1.CXCL13,CD4_Tfh,filter_only,27,CXCR6,False,False,False,False
CD4,CD4.c17.TfhTh1.CXCL13,CD4_Tfh,filter_only,28,IFI6,False,False,False,False
CD4,CD4.c17.TfhTh1.CXCL13,CD4_Tfh,filter_only,29,LYST,False,False,False,False
CD4,CD4.c17.TfhTh1.CXCL13,CD4_Tfh,filter_only,30,PLPP1,False,False,False,False
CD4,CD4.c17.TfhTh1.CXCL13,CD4_Tfh,filter_only,31,HAVCR2,False,False,False,False
CD4,CD4.c17.TfhTh1.CXCL13,CD4_Tfh,filter_only,32,CBLB,False,False,False,False
CD4,CD4.c17.TfhTh1.CXCL13,CD4_Tfh,filter_only,33,ADGRG1,False,False,False,False
CD4,CD4.c17.TfhTh1.CXCL13,CD4_Tfh,filter_only,34,SNX9,False,False,False,False
CD4,CD4.c17.TfhTh1.CXCL13,CD4_Tfh,filter_only,35,ZEB2,False,False,False,False
CD4,CD4.c17.TfhTh1.CXCL13,CD4_Tfh,filter_only,36,CD3D,False,False,False,False
CD4,CD4.c17.TfhTh1.CXCL13,CD4_Tfh,filter_only,37,PKM,False,False,False,False
CD4,CD4.c17.TfhTh1.CXCL13,CD4_Tfh,filter_only,38,TOX,False,False,False,True
CD4,CD4.c17.TfhTh1.CXCL13,CD4_Tfh,filter_only,39,TIGIT,False,False,False,False
CD4,CD4.c17.TfhTh1.CXCL13,CD4_Tfh,filter_only,40,PPDPF,False,False,False,False
CD4,CD4.c17.TfhTh1.CXCL13,CD4_Tfh,filter_only,41,RHOB,False,False,False,False
CD4,CD4.c17.TfhTh1.CXCL13,CD4_Tfh,filter_only,42,IFITM2,False,False,False,False
CD4,CD4.c17.TfhTh1.CXCL13,CD4_Tfh,filter_only,43,PDIA6,False,False,False,False
CD4,CD4.c17.TfhTh1.CXCL13,CD4_Tfh,filter_only,44,ARL6IP1,False,False,False,False
CD4,CD4.c17.TfhTh1.CXCL13,CD4_Tfh,filter_only,45,DNPH1,False,False,False,False
CD4,CD4.c17.TfhTh1.CXCL13,CD4_Tfh,filter_only,46,MT2A,False,False,False,False
CD4,CD4.c17.TfhTh1.CXCL13,CD4_Tfh,filter_only,47,LBH,False,False,False,False
CD4,CD4.c17.TfhTh1.CXCL13,CD4_Tfh,filter_only,48,APOBEC3G,False,False,False,False
CD4,CD4.c17.TfhTh1.CXCL13,CD4_Tfh,filter_only,49,HSPA1B,True,True,False,False
CD4,CD4.c17.TfhTh1.CXCL13,CD4_Tfh,filter_only,50,IGFLR1,False,False,False,False
CD4,CD4.c17.TfhTh1.CXCL13,CD4_Tfh,regex_mask,1,CXCL13,False,False,False,True
CD4,CD4.c17.TfhTh1.CXCL13,CD4_Tfh,regex_mask,2,CTSD,False,False,False,False
CD4,CD4.c17.TfhTh1.CXCL13,CD4_Tfh,regex_mask,3,CCL4,False,False,False,False
CD4,CD4.c17.TfhTh1.CXCL13,CD4_Tfh,regex_mask,4,RBPJ,False,False,False,False
CD4,CD4.c17.TfhTh1.CXCL13,CD4_Tfh,regex_mask,5,DUSP4,False,False,False,False
CD4,CD4.c17.TfhTh1.CXCL13,CD4_Tfh,regex_mask,6,LY6E,False,False,False,False
CD4,CD4.c17.TfhTh1.CXCL13,CD4_Tfh,regex_mask,7,ID2,False,False,False,False
CD4,CD4.c17.TfhTh1.CXCL13,CD4_Tfh,regex_mask,8,CD82,False,False,False,False
CD4,CD4.c17.TfhTh1.CXCL13,CD4_Tfh,regex_mask,9,TPI1,False,False,False,False
CD4,CD4.c17.TfhTh1.CXCL13,CD4_Tfh,regex_mask,10,TNFRSF18,False,False,False,False
CD4,CD4.c17.TfhTh1.CXCL13,CD4_Tfh,regex_mask,11,PDCD1,False,False,False,True
CD4,CD4.c17.TfhTh1.CXCL13,CD4_Tfh,regex_mask,12,RGS1,False,False,False,False
CD4,CD4.c17.TfhTh1.CXCL13,CD4_Tfh,regex_mask,13,ITM2A,False,False,False,False
CD4,CD4.c17.TfhTh1.CXCL13,CD4_Tfh,regex_mask,14,BST2,False,False,False,False
CD4,CD4.c17.TfhTh1.CXCL13,CD4_Tfh,regex_mask,15,LAG3,False,False,False,False
CD4,CD4.c17.TfhTh1.CXCL13,CD4_Tfh,regex_mask,16,NR3C1,False,False,False,False
CD4,CD4.c17.TfhTh1.CXCL13,CD4_Tfh,regex_mask,17,SLA,False,False,False,False
CD4,CD4.c17.TfhTh1.CXCL13,CD4_Tfh,regex_mask,18,GZMA,False,False,False,False
CD4,CD4.c17.TfhTh1.CXCL13,CD4_Tfh,regex_mask,19,ALOX5AP,False,False,False,False
CD4,CD4.c17.TfhTh1.CXCL13,CD4_Tfh,regex_mask,20,IFNG,False,False,False,False
CD4,CD4.c17.TfhTh1.CXCL13,CD4_Tfh,regex_mask,21,PTMS,False,False,False,False
CD4,CD4.c17.TfhTh1.CXCL13,CD4_Tfh,regex_mask,22,LAPTM5,False,False,False,False
CD4,CD4.c17.TfhTh1.CXCL13,CD4_Tfh,regex_mask,23,ANXA5,False,False,False,False
CD4,CD4.c17.TfhTh1.CXCL13,CD4_Tfh,regex_mask,24,CD247,False,False,False,False
CD4,CD4.c17.TfhTh1.CXCL13,CD4_Tfh,regex_mask,25,PRDM1,False,False,False,False
CD4,CD4.c17.TfhTh1.CXCL13,CD4_Tfh,regex_mask,26,CXCR6,False,False,False,False
CD4,CD4.c17.TfhTh1.CXCL13,CD4_Tfh,regex_mask,27,IFI6,False,False,False,False
CD4,CD4.c17.TfhTh1.CXCL13,CD4_Tfh,regex_mask,28,LYST,False,False,False,False
CD4,CD4.c17.TfhTh1.CXCL13,CD4_Tfh,regex_mask,29,PLPP1,False,False,False,False
CD4,CD4.c17.TfhTh1.CXCL13,CD4_Tfh,regex_mask,30,HAVCR2,False,False,False,False
CD4,CD4.c17.TfhTh1.CXCL13,CD4_Tfh,regex_mask,31,CBLB,False,False,False,False
CD4,CD4.c17.TfhTh1.CXCL13,CD4_Tfh,regex_mask,32,ADGRG1,False,False,False,False
CD4,CD4.c17.TfhTh1.CXCL13,CD4_Tfh,regex_mask,33,SNX9,False,False,False,False
CD4,CD4.c17.TfhTh1.CXCL13,CD4_Tfh,regex_mask,34,ZEB2,False,False,False,False
CD4,CD4.c17.TfhTh1.CXCL13,CD4_Tfh,regex_mask,35,CD3D,False,False,False,False
CD4,CD4.c17.TfhTh1.CXCL13,CD4_Tfh,regex_mask,36,PKM,False,False,False,False
CD4,CD4.c17.TfhTh1.CXCL13,CD4_Tfh,regex_mask,37,TOX,False,False,False,True
CD4,CD4.c17.TfhTh1.CXCL13,CD4_Tfh,regex_mask,38,TIGIT,False,False,False,False
CD4,CD4.c17.TfhTh1.CXCL13,CD4_Tfh,regex_mask,39,PPDPF,False,False,False,False
CD4,CD4.c17.TfhTh1.CXCL13,CD4_Tfh,regex_mask,40,RHOB,False,False,False,False
CD4,CD4.c17.TfhTh1.CXCL13,CD4_Tfh,regex_mask,41,IFITM2,False,False,False,False
CD4,CD4.c17.TfhTh1.CXCL13,CD4_Tfh,regex_mask,42,PDIA6,False,False,False,False
CD4,CD4.c17.TfhTh1.CXCL13,CD4_Tfh,regex_mask,43,ARL6IP1,False,False,False,False
CD4,CD4.c17.TfhTh1.CXCL13,CD4_Tfh,regex_mask,44,DNPH1,False,False,False,False
CD4,CD4.c17.TfhTh1.CXCL13,CD4_Tfh,regex_mask,45,MT2A,False,False,False,False
CD4,CD4.c17.TfhTh1.CXCL13,CD4_Tfh,regex_mask,46,LBH,False,False,False,False
CD4,CD4.c17.TfhTh1.CXCL13,CD4_Tfh,regex_mask,47,APOBEC3G,False,False,False,False
CD4,CD4.c17.TfhTh1.CXCL13,CD4_Tfh,regex_mask,48,IGFLR1,False,False,False,False
CD4,CD4.c17.TfhTh1.CXCL13,CD4_Tfh,regex_mask,49,GZMB,False,False,False,False
CD4,CD4.c17.TfhTh1.CXCL13,CD4_Tfh,regex_mask,50,SHFM1,False,False,False,False
CD4,CD4.c17.TfhTh1.CXCL13,CD4_Tfh,full_core,1,CXCL13,False,False,False,True
CD4,CD4.c17.TfhTh1.CXCL13,CD4_Tfh,full_core,2,CCL4,False,False,False,False
CD4,CD4.c17.TfhTh1.CXCL13,CD4_Tfh,full_core,3,DUSP4,False,False,False,False
CD4,CD4.c17.TfhTh1.CXCL13,CD4_Tfh,full_core,4,ID2,False,False,False,False
CD4,CD4.c17.TfhTh1.CXCL13,CD4_Tfh,full_core,5,TPI1,False,False,False,False
CD4,CD4.c17.TfhTh1.CXCL13,CD4_Tfh,full_core,6,TNFRSF18,False,False,False,False
CD4,CD4.c17.TfhTh1.CXCL13,CD4_Tfh,full_core,7,BST2,False,False,False,False
CD4,CD4.c17.TfhTh1.CXCL13,CD4_Tfh,full_core,8,LAG3,False,False,False,False
CD4,CD4.c17.TfhTh1.CXCL13,CD4_Tfh,full_core,9,GZMA,False,False,False,False
CD4,CD4.c17.TfhTh1.CXCL13,CD4_Tfh,full_core,10,IFNG,False,False,False,False
CD4,CD4.c17.TfhTh1.CXCL13,CD4_Tfh,full_core,11,PTMS,False,False,False,False
CD4,CD4.c17.TfhTh1.CXCL13,CD4_Tfh,full_core,12,ANXA5,False,False,False,False
CD4,CD4.c17.TfhTh1.CXCL13,CD4_Tfh,full_core,13,CXCR6,False,False,False,False
CD4,CD4.c17.TfhTh1.CXCL13,CD4_Tfh,full_core,14,IFI6,False,False,False,False
CD4,CD4.c17.TfhTh1.CXCL13,CD4_Tfh,full_core,15,PLPP1,False,False,False,False
CD4,CD4.c17.TfhTh1.CXCL13,CD4_Tfh,full_core,16,HAVCR2,False,False,False,False
CD4,CD4.c17.TfhTh1.CXCL13,CD4_Tfh,full_core,17,ADGRG1,False,False,False,False
CD4,CD4.c17.TfhTh1.CXCL13,CD4_Tfh,full_core,18,CD3D,False,False,False,False
CD4,CD4.c17.TfhTh1.CXCL13,CD4_Tfh,full_core,19,PKM,False,False,False,False
CD4,CD4.c17.TfhTh1.CXCL13,CD4_Tfh,full_core,20,TIGIT,False,False,False,False
CD4,CD4.c17.TfhTh1.CXCL13,CD4_Tfh,full_core,21,RHOB,False,False,False,False
CD4,CD4.c17.TfhTh1.CXCL13,CD4_Tfh,full_core,22,PDIA6,False,False,False,False
CD4,CD4.c17.TfhTh1.CXCL13,CD4_Tfh,full_core,23,ARL6IP1,False,False,False,False
CD4,CD4.c17.TfhTh1.CXCL13,CD4_Tfh,full_core,24,DNPH1,False,False,False,False
CD4,CD4.c17.TfhTh1.CXCL13,CD4_Tfh,full_core,25,MT2A,False,False,False,False
CD4,CD4.c17.TfhTh1.CXCL13,CD4_Tfh,full_core,26,GZMB,False,False,False,False
CD4,CD4.c17.TfhTh1.CXCL13,CD4_Tfh,full_core,27,SHFM1,False,False,False,False
CD4,CD4.c17.TfhTh1.CXCL13,CD4_Tfh,full_core,28,PHLDA1,False,False,False,False
CD4,CD4.c17.TfhTh1.CXCL13,CD4_Tfh,full_core,29,CTLA4,False,False,False,False
CD4,CD4.c17.TfhTh1.CXCL13,CD4_Tfh,full_core,30,CACYBP,False,False,False,False
CD4,CD4.c17.TfhTh1.CXCL13,CD4_Tfh,full_core,31,PGAM1,False,False,False,False
CD4,CD4.c17.TfhTh1.CXCL13,CD4_Tfh,full_core,32,CCL4L2,False,False,False,False
CD4,CD4.c17.TfhTh1.CXCL13,CD4_Tfh,full_core,33,PDE7B,False,False,False,False
CD4,CD4.c17.TfhTh1.CXCL13,CD4_Tfh,full_core,34,HMGN1,False,False,False,False
CD4,CD4.c17.TfhTh1.CXCL13,CD4_Tfh,full_core,35,GPR25,False,False,False,False
CD4,CD4.c17.TfhTh1.CXCL13,CD4_Tfh,full_core,36,KRT86,False,False,False,False
CD4,CD4.c17.TfhTh1.CXCL13,CD4_Tfh,full_core,37,BHLHE40-AS1,False,False,False,False
CD4,CD4.c17.TfhTh1.CXCL13,CD4_Tfh,full_core,38,ARL3,False,False,False,False
CD4,CD4.c17.TfhTh1.CXCL13,CD4_Tfh,full_core,39,PTPN13,False,False,False,False
CD4,CD4.c17.TfhTh1.CXCL13,CD4_Tfh,full_core,40,AHSA1,False,False,False,False
CD4,CD4.c17.TfhTh1.CXCL13,CD4_Tfh,full_core,41,CCL5,False,False,False,False
CD4,CD4.c17.TfhTh1.CXCL13,CD4_Tfh,full_core,42,SOD1,False,False,False,False
CD4,CD4.c17.TfhTh1.CXCL13,CD4_Tfh,full_core,43,KLRB1,False,False,False,False
CD4,CD4.c17.TfhTh1.CXCL13,CD4_Tfh,full_core,44,SYNGR2,False,False,False,False
CD4,CD4.c17.TfhTh1.CXCL13,CD4_Tfh,full_core,45,PLSCR1,False,False,False,False
CD4,CD4.c17.TfhTh1.CXCL13,CD4_Tfh,full_core,46,COX8A,False,False,False,False
CD4,CD4.c17.TfhTh1.CXCL13,CD4_Tfh,full_core,47,RGS2,False,False,False,False
CD4,CD4.c17.TfhTh1.CXCL13,CD4_Tfh,full_core,48,CHN1,False,False,False,False
CD4,CD4.c17.TfhTh1.CXCL13,CD4_Tfh,full_core,49,CD200,False,False,False,False
CD4,CD4.c17.TfhTh1.CXCL13,CD4_Tfh,full_core,50,GPI,False,False,False,False
CD4,CD4.c18.Treg.RTKN2,CD4_Treg,standard,1,FOXP3,False,False,False,True
CD4,CD4.c18.Treg.RTKN2,CD4_Treg,standard,2,MALAT1,False,True,True,False
CD4,CD4.c18.Treg.RTKN2,CD4_Treg,standard,3,TIGIT,False,False,False,True
CD4,CD4.c18.Treg.RTKN2,CD4_Treg,standard,4,BATF,False,False,False,True
CD4,CD4.c18.Treg.RTKN2,CD4_Treg,standard,5,SELL,False,False,False,False
CD4,CD4.c18.Treg.RTKN2,CD4_Treg,standard,6,TBC1D4,False,False,False,False
CD4,CD4.c18.Treg.RTKN2,CD4_Treg,standard,7,STAM,False,False,False,False
CD4,CD4.c18.Treg.RTKN2,CD4_Treg,standard,8,FCMR,False,False,False,False
CD4,CD4.c18.Treg.RTKN2,CD4_Treg,standard,9,CTLA4,False,False,False,True
CD4,CD4.c18.Treg.RTKN2,CD4_Treg,standard,10,GBP5,False,False,False,False
CD4,CD4.c18.Treg.RTKN2,CD4_Treg,standard,11,PMAIP1,False,False,False,False
CD4,CD4.c18.Treg.RTKN2,CD4_Treg,standard,12,ARID5B,False,False,False,False
CD4,CD4.c18.Treg.RTKN2,CD4_Treg,standard,13,FTL,False,False,False,False
CD4,CD4.c18.Treg.RTKN2,CD4_Treg,standard,14,CARD16,False,False,False,False
CD4,CD4.c18.Treg.RTKN2,CD4_Treg,standard,15,SAT1,False,False,False,False
CD4,CD4.c18.Treg.RTKN2,CD4_Treg,standard,16,UGP2,False,False,False,False
CD4,CD4.c18.Treg.RTKN2,CD4_Treg,standard,17,LTB,False,False,False,False
CD4,CD4.c18.Treg.RTKN2,CD4_Treg,standard,18,RPL8,True,True,False,False
CD4,CD4.c18.Treg.RTKN2,CD4_Treg,standard,19,CD27,False,False,False,False
CD4,CD4.c18.Treg.RTKN2,CD4_Treg,standard,20,BIRC3,False,False,False,False
CD4,CD4.c18.Treg.RTKN2,CD4_Treg,standard,21,C12orf57,False,False,False,False
CD4,CD4.c18.Treg.RTKN2,CD4_Treg,standard,22,RTKN2,False,False,False,False
CD4,CD4.c18.Treg.RTKN2,CD4_Treg,standard,23,RPL11,True,True,False,False
CD4,CD4.c18.Treg.RTKN2,CD4_Treg,standard,24,SAMHD1,False,False,False,False
CD4,CD4.c18.Treg.RTKN2,CD4_Treg,standard,25,USP15,False,False,False,False
CD4,CD4.c18.Treg.RTKN2,CD4_Treg,standard,26,EIF1,True,True,False,False
CD4,CD4.c18.Treg.RTKN2,CD4_Treg,standard,27,IL32,False,True,True,False
CD4,CD4.c18.Treg.RTKN2,CD4_Treg,standard,28,EEF1D,True,True,False,False
CD4,CD4.c18.Treg.RTKN2,CD4_Treg,standard,29,RPL22,True,True,False,False
CD4,CD4.c18.Treg.RTKN2,CD4_Treg,standard,30,UBE2B,False,False,False,False
CD4,CD4.c18.Treg.RTKN2,CD4_Treg,standard,31,IKZF2,False,False,False,True
CD4,CD4.c18.Treg.RTKN2,CD4_Treg,standard,32,RPS8,True,True,False,False
CD4,CD4.c18.Treg.RTKN2,CD4_Treg,standard,33,RPL12,True,True,False,False
CD4,CD4.c18.Treg.RTKN2,CD4_Treg,standard,34,PELI1,False,False,False,False
CD4,CD4.c18.Treg.RTKN2,CD4_Treg,standard,35,EIF4B,True,True,False,False
CD4,CD4.c18.Treg.RTKN2,CD4_Treg,standard,36,IL2RA,False,False,False,True
CD4,CD4.c18.Treg.RTKN2,CD4_Treg,standard,37,GK,False,False,False,False
CD4,CD4.c18.Treg.RTKN2,CD4_Treg,standard,38,HSPA8,True,True,False,False
CD4,CD4.c18.Treg.RTKN2,CD4_Treg,standard,39,ARID5A,False,False,False,False
CD4,CD4.c18.Treg.RTKN2,CD4_Treg,standard,40,PBXIP1,False,False,False,False
CD4,CD4.c18.Treg.RTKN2,CD4_Treg,standard,41,PIK3IP1,False,False,False,False
CD4,CD4.c18.Treg.RTKN2,CD4_Treg,standard,42,RPS26,True,True,False,False
CD4,CD4.c18.Treg.RTKN2,CD4_Treg,standard,43,FUS,False,False,False,False
CD4,CD4.c18.Treg.RTKN2,CD4_Treg,standard,44,RPL5,True,True,False,False
CD4,CD4.c18.Treg.RTKN2,CD4_Treg,standard,45,SOD1,False,False,False,False
CD4,CD4.c18.Treg.RTKN2,CD4_Treg,standard,46,UBC,False,False,False,False
CD4,CD4.c18.Treg.RTKN2,CD4_Treg,standard,47,CDKN1B,False,False,False,False
CD4,CD4.c18.Treg.RTKN2,CD4_Treg,standard,48,STAT3,False,False,False,False
CD4,CD4.c18.Treg.RTKN2,CD4_Treg,standard,49,LAYN,False,False,False,False
CD4,CD4.c18.Treg.RTKN2,CD4_Treg,standard,50,RPL19,True,True,False,False
CD4,CD4.c18.Treg.RTKN2,CD4_Treg,filter_only,1,FOXP3,False,False,False,True
CD4,CD4.c18.Treg.RTKN2,CD4_Treg,filter_only,2,TIGIT,False,False,False,True
CD4,CD4.c18.Treg.RTKN2,CD4_Treg,filter_only,3,BATF,False,False,False,True
CD4,CD4.c18.Treg.RTKN2,CD4_Treg,filter_only,4,SELL,False,False,False,False
CD4,CD4.c18.Treg.RTKN2,CD4_Treg,filter_only,5,TBC1D4,False,False,False,False
CD4,CD4.c18.Treg.RTKN2,CD4_Treg,filter_only,6,STAM,False,False,False,False
CD4,CD4.c18.Treg.RTKN2,CD4_Treg,filter_only,7,FCMR,False,False,False,False
CD4,CD4.c18.Treg.RTKN2,CD4_Treg,filter_only,8,CTLA4,False,False,False,True
CD4,CD4.c18.Treg.RTKN2,CD4_Treg,filter_only,9,GBP5,False,False,False,False
CD4,CD4.c18.Treg.RTKN2,CD4_Treg,filter_only,10,PMAIP1,False,False,False,False
CD4,CD4.c18.Treg.RTKN2,CD4_Treg,filter_only,11,ARID5B,False,False,False,False
CD4,CD4.c18.Treg.RTKN2,CD4_Treg,filter_only,12,CARD16,False,False,False,False
CD4,CD4.c18.Treg.RTKN2,CD4_Treg,filter_only,13,SAT1,False,False,False,False
CD4,CD4.c18.Treg.RTKN2,CD4_Treg,filter_only,14,UGP2,False,False,False,False
CD4,CD4.c18.Treg.RTKN2,CD4_Treg,filter_only,15,LTB,False,False,False,False
CD4,CD4.c18.Treg.RTKN2,CD4_Treg,filter_only,16,CD27,False,False,False,False
CD4,CD4.c18.Treg.RTKN2,CD4_Treg,filter_only,17,BIRC3,False,False,False,False
CD4,CD4.c18.Treg.RTKN2,CD4_Treg,filter_only,18,RTKN2,False,False,False,False
CD4,CD4.c18.Treg.RTKN2,CD4_Treg,filter_only,19,SAMHD1,False,False,False,False
CD4,CD4.c18.Treg.RTKN2,CD4_Treg,filter_only,20,USP15,False,False,False,False
CD4,CD4.c18.Treg.RTKN2,CD4_Treg,filter_only,21,IKZF2,False,False,False,True
CD4,CD4.c18.Treg.RTKN2,CD4_Treg,filter_only,22,PELI1,False,False,False,False
CD4,CD4.c18.Treg.RTKN2,CD4_Treg,filter_only,23,IL2RA,False,False,False,True
CD4,CD4.c18.Treg.RTKN2,CD4_Treg,filter_only,24,GK,False,False,False,False
CD4,CD4.c18.Treg.RTKN2,CD4_Treg,filter_only,25,ARID5A,False,False,False,False
CD4,CD4.c18.Treg.RTKN2,CD4_Treg,filter_only,26,STAT3,False,False,False,False
CD4,CD4.c18.Treg.RTKN2,CD4_Treg,filter_only,27,LAYN,False,False,False,False
CD4,CD4.c18.Treg.RTKN2,CD4_Treg,filter_only,28,LAIR2,False,False,False,False
CD4,CD4.c18.Treg.RTKN2,CD4_Treg,filter_only,29,ICA1,False,False,False,False
CD4,CD4.c18.Treg.RTKN2,CD4_Treg,filter_only,30,ZBTB38,False,False,False,False
CD4,CD4.c18.Treg.RTKN2,CD4_Treg,filter_only,31,MIR4435-2HG,False,False,False,False
CD4,CD4.c18.Treg.RTKN2,CD4_Treg,filter_only,32,GABARAPL1,False,False,False,False
CD4,CD4.c18.Treg.RTKN2,CD4_Treg,filter_only,33,GPHN,False,False,False,False
CD4,CD4.c18.Treg.RTKN2,CD4_Treg,filter_only,34,TNFRSF4,False,False,False,False
CD4,CD4.c18.Treg.RTKN2,CD4_Treg,filter_only,35,CCR8,False,False,False,False
CD4,CD4.c18.Treg.RTKN2,CD4_Treg,filter_only,36,HPGD,False,False,False,False
CD4,CD4.c18.Treg.RTKN2,CD4_Treg,filter_only,37,P2RY10,False,False,False,False
CD4,CD4.c18.Treg.RTKN2,CD4_Treg,filter_only,38,ID3,False,False,False,False
CD4,CD4.c18.Treg.RTKN2,CD4_Treg,filter_only,39,HTATIP2,False,False,False,False
CD4,CD4.c18.Treg.RTKN2,CD4_Treg,filter_only,40,CD7,False,False,False,False
CD4,CD4.c18.Treg.RTKN2,CD4_Treg,filter_only,41,TTN,False,False,False,False
CD4,CD4.c18.Treg.RTKN2,CD4_Treg,filter_only,42,DUSP4,False,False,False,False
CD4,CD4.c18.Treg.RTKN2,CD4_Treg,filter_only,43,TSPYL2,False,False,False,False
CD4,CD4.c18.Treg.RTKN2,CD4_Treg,filter_only,44,LEF1,False,False,False,False
CD4,CD4.c18.Treg.RTKN2,CD4_Treg,filter_only,45,WDR74,False,False,False,False
CD4,CD4.c18.Treg.RTKN2,CD4_Treg,filter_only,46,IKZF4,False,False,False,False
CD4,CD4.c18.Treg.RTKN2,CD4_Treg,filter_only,47,TNFRSF9,False,False,False,False
CD4,CD4.c18.Treg.RTKN2,CD4_Treg,filter_only,48,MAGEH1,False,False,False,False
CD4,CD4.c18.Treg.RTKN2,CD4_Treg,filter_only,49,TOX,False,False,False,False
CD4,CD4.c18.Treg.RTKN2,CD4_Treg,filter_only,50,RBKS,False,False,False,False
CD4,CD4.c18.Treg.RTKN2,CD4_Treg,regex_mask,1,FOXP3,False,False,False,True
CD4,CD4.c18.Treg.RTKN2,CD4_Treg,regex_mask,2,TIGIT,False,False,False,True
CD4,CD4.c18.Treg.RTKN2,CD4_Treg,regex_mask,3,BATF,False,False,False,True
CD4,CD4.c18.Treg.RTKN2,CD4_Treg,regex_mask,4,SELL,False,False,False,False
CD4,CD4.c18.Treg.RTKN2,CD4_Treg,regex_mask,5,TBC1D4,False,False,False,False
CD4,CD4.c18.Treg.RTKN2,CD4_Treg,regex_mask,6,STAM,False,False,False,False
CD4,CD4.c18.Treg.RTKN2,CD4_Treg,regex_mask,7,FCMR,False,False,False,False
CD4,CD4.c18.Treg.RTKN2,CD4_Treg,regex_mask,8,CTLA4,False,False,False,True
CD4,CD4.c18.Treg.RTKN2,CD4_Treg,regex_mask,9,GBP5,False,False,False,False
CD4,CD4.c18.Treg.RTKN2,CD4_Treg,regex_mask,10,PMAIP1,False,False,False,False
CD4,CD4.c18.Treg.RTKN2,CD4_Treg,regex_mask,11,ARID5B,False,False,False,False
CD4,CD4.c18.Treg.RTKN2,CD4_Treg,regex_mask,12,CARD16,False,False,False,False
CD4,CD4.c18.Treg.RTKN2,CD4_Treg,regex_mask,13,SAT1,False,False,False,False
CD4,CD4.c18.Treg.RTKN2,CD4_Treg,regex_mask,14,UGP2,False,False,False,False
CD4,CD4.c18.Treg.RTKN2,CD4_Treg,regex_mask,15,LTB,False,False,False,False
CD4,CD4.c18.Treg.RTKN2,CD4_Treg,regex_mask,16,CD27,False,False,False,False
CD4,CD4.c18.Treg.RTKN2,CD4_Treg,regex_mask,17,BIRC3,False,False,False,False
CD4,CD4.c18.Treg.RTKN2,CD4_Treg,regex_mask,18,RTKN2,False,False,False,False
CD4,CD4.c18.Treg.RTKN2,CD4_Treg,regex_mask,19,SAMHD1,False,False,False,False
CD4,CD4.c18.Treg.RTKN2,CD4_Treg,regex_mask,20,USP15,False,False,False,False
CD4,CD4.c18.Treg.RTKN2,CD4_Treg,regex_mask,21,IKZF2,False,False,False,True
CD4,CD4.c18.Treg.RTKN2,CD4_Treg,regex_mask,22,PELI1,False,False,False,False
CD4,CD4.c18.Treg.RTKN2,CD4_Treg,regex_mask,23,IL2RA,False,False,False,True
CD4,CD4.c18.Treg.RTKN2,CD4_Treg,regex_mask,24,GK,False,False,False,False
CD4,CD4.c18.Treg.RTKN2,CD4_Treg,regex_mask,25,ARID5A,False,False,False,False
CD4,CD4.c18.Treg.RTKN2,CD4_Treg,regex_mask,26,STAT3,False,False,False,False
CD4,CD4.c18.Treg.RTKN2,CD4_Treg,regex_mask,27,LAYN,False,False,False,False
CD4,CD4.c18.Treg.RTKN2,CD4_Treg,regex_mask,28,LAIR2,False,False,False,False
CD4,CD4.c18.Treg.RTKN2,CD4_Treg,regex_mask,29,ICA1,False,False,False,False
CD4,CD4.c18.Treg.RTKN2,CD4_Treg,regex_mask,30,ZBTB38,False,False,False,False
CD4,CD4.c18.Treg.RTKN2,CD4_Treg,regex_mask,31,MIR4435-2HG,False,False,False,False
CD4,CD4.c18.Treg.RTKN2,CD4_Treg,regex_mask,32,GABARAPL1,False,False,False,False
CD4,CD4.c18.Treg.RTKN2,CD4_Treg,regex_mask,33,GPHN,False,False,False,False
CD4,CD4.c18.Treg.RTKN2,CD4_Treg,regex_mask,34,TNFRSF4,False,False,False,False
CD4,CD4.c18.Treg.RTKN2,CD4_Treg,regex_mask,35,CCR8,False,False,False,False
CD4,CD4.c18.Treg.RTKN2,CD4_Treg,regex_mask,36,HPGD,False,False,False,False
CD4,CD4.c18.Treg.RTKN2,CD4_Treg,regex_mask,37,P2RY10,False,False,False,False
CD4,CD4.c18.Treg.RTKN2,CD4_Treg,regex_mask,38,ID3,False,False,False,False
CD4,CD4.c18.Treg.RTKN2,CD4_Treg,regex_mask,39,HTATIP2,False,False,False,False
CD4,CD4.c18.Treg.RTKN2,CD4_Treg,regex_mask,40,CD7,False,False,False,False
CD4,CD4.c18.Treg.RTKN2,CD4_Treg,regex_mask,41,TTN,False,False,False,False
CD4,CD4.c18.Treg.RTKN2,CD4_Treg,regex_mask,42,DUSP4,False,False,False,False
CD4,CD4.c18.Treg.RTKN2,CD4_Treg,regex_mask,43,TSPYL2,False,False,False,False
CD4,CD4.c18.Treg.RTKN2,CD4_Treg,regex_mask,44,LEF1,False,False,False,False
CD4,CD4.c18.Treg.RTKN2,CD4_Treg,regex_mask,45,WDR74,False,False,False,False
CD4,CD4.c18.Treg.RTKN2,CD4_Treg,regex_mask,46,IKZF4,False,False,False,False
CD4,CD4.c18.Treg.RTKN2,CD4_Treg,regex_mask,47,TNFRSF9,False,False,False,False
CD4,CD4.c18.Treg.RTKN2,CD4_Treg,regex_mask,48,MAGEH1,False,False,False,False
CD4,CD4.c18.Treg.RTKN2,CD4_Treg,regex_mask,49,TOX,False,False,False,False
CD4,CD4.c18.Treg.RTKN2,CD4_Treg,regex_mask,50,RBKS,False,False,False,False
CD4,CD4.c18.Treg.RTKN2,CD4_Treg,full_core,1,FOXP3,False,False,False,True
CD4,CD4.c18.Treg.RTKN2,CD4_Treg,full_core,2,TIGIT,False,False,False,True
CD4,CD4.c18.Treg.RTKN2,CD4_Treg,full_core,3,BATF,False,False,False,True
CD4,CD4.c18.Treg.RTKN2,CD4_Treg,full_core,4,SELL,False,False,False,False
CD4,CD4.c18.Treg.RTKN2,CD4_Treg,full_core,5,CTLA4,False,False,False,True
CD4,CD4.c18.Treg.RTKN2,CD4_Treg,full_core,6,PMAIP1,False,False,False,False
CD4,CD4.c18.Treg.RTKN2,CD4_Treg,full_core,7,SAT1,False,False,False,False
CD4,CD4.c18.Treg.RTKN2,CD4_Treg,full_core,8,LTB,False,False,False,False
CD4,CD4.c18.Treg.RTKN2,CD4_Treg,full_core,9,CD27,False,False,False,False
CD4,CD4.c18.Treg.RTKN2,CD4_Treg,full_core,10,RTKN2,False,False,False,False
CD4,CD4.c18.Treg.RTKN2,CD4_Treg,full_core,11,IKZF2,False,False,False,True
CD4,CD4.c18.Treg.RTKN2,CD4_Treg,full_core,12,IL2RA,False,False,False,True
CD4,CD4.c18.Treg.RTKN2,CD4_Treg,full_core,13,GK,False,False,False,False
CD4,CD4.c18.Treg.RTKN2,CD4_Treg,full_core,14,LAYN,False,False,False,False
CD4,CD4.c18.Treg.RTKN2,CD4_Treg,full_core,15,LAIR2,False,False,False,False
CD4,CD4.c18.Treg.RTKN2,CD4_Treg,full_core,16,ICA1,False,False,False,False
CD4,CD4.c18.Treg.RTKN2,CD4_Treg,full_core,17,MIR4435-2HG,False,False,False,False
CD4,CD4.c18.Treg.RTKN2,CD4_Treg,full_core,18,TNFRSF4,False,False,False,False
CD4,CD4.c18.Treg.RTKN2,CD4_Treg,full_core,19,CCR8,False,False,False,False
CD4,CD4.c18.Treg.RTKN2,CD4_Treg,full_core,20,HPGD,False,False,False,False
CD4,CD4.c18.Treg.RTKN2,CD4_Treg,full_core,21,ID3,False,False,False,False
CD4,CD4.c18.Treg.RTKN2,CD4_Treg,full_core,22,HTATIP2,False,False,False,False
CD4,CD4.c18.Treg.RTKN2,CD4_Treg,full_core,23,CD7,False,False,False,False
CD4,CD4.c18.Treg.RTKN2,CD4_Treg,full_core,24,DUSP4,False,False,False,False
CD4,CD4.c18.Treg.RTKN2,CD4_Treg,full_core,25,TNFRSF9,False,False,False,False
CD4,CD4.c18.Treg.RTKN2,CD4_Treg,full_core,26,MAGEH1,False,False,False,False
CD4,CD4.c18.Treg.RTKN2,CD4_Treg,full_core,27,RBKS,False,False,False,False
CD4,CD4.c18.Treg.RTKN2,CD4_Treg,full_core,28,MAL,False,False,False,False
CD4,CD4.c18.Treg.RTKN2,CD4_Treg,full_core,29,FANK1,False,False,False,False
CD4,CD4.c18.Treg.RTKN2,CD4_Treg,full_core,30,FCRL3,False,False,False,False
CD4,CD4.c18.Treg.RTKN2,CD4_Treg,full_core,31,SESN3,False,False,False,False
CD4,CD4.c18.Treg.RTKN2,CD4_Treg,full_core,32,GEM,False,False,False,False
CD4,CD4.c18.Treg.RTKN2,CD4_Treg,full_core,33,ACTA2,False,False,False,False
CD4,CD4.c18.Treg.RTKN2,CD4_Treg,full_core,34,ZC3H12D,False,False,False,False
CD4,CD4.c18.Treg.RTKN2,CD4_Treg,full_core,35,CCNG2,False,False,False,False
CD4,CD4.c18.Treg.RTKN2,CD4_Treg,full_core,36,ENTPD1,False,False,False,False
CD4,CD4.c18.Treg.RTKN2,CD4_Treg,full_core,37,HLA-DQB1,False,False,False,False
CD4,CD4.c18.Treg.RTKN2,CD4_Treg,full_core,38,NGFRAP1,False,False,False,False
CD4,CD4.c18.Treg.RTKN2,CD4_Treg,full_core,39,FAAH2,False,False,False,False
CD4,CD4.c18.Treg.RTKN2,CD4_Treg,full_core,40,CD177,False,False,False,False
CD4,CD4.c18.Treg.RTKN2,CD4_Treg,full_core,41,AC133644.2,False,False,False,False
CD4,CD4.c18.Treg.RTKN2,CD4_Treg,full_core,42,CCR7,False,False,False,False
CD4,CD4.c18.Treg.RTKN2,CD4_Treg,full_core,43,SDC4,False,False,False,False
CD4,CD4.c18.Treg.RTKN2,CD4_Treg,full_core,44,HLA-DQA1,False,False,False,False
CD4,CD4.c18.Treg.RTKN2,CD4_Treg,full_core,45,CUL9,False,False,False,False
CD4,CD4.c18.Treg.RTKN2,CD4_Treg,full_core,46,PMCH,False,False,False,False
CD4,CD4.c18.Treg.RTKN2,CD4_Treg,full_core,47,CPNE2,False,False,False,False
CD4,CD4.c18.Treg.RTKN2,CD4_Treg,full_core,48,TNFRSF13B,False,False,False,False
CD4,CD4.c18.Treg.RTKN2,CD4_Treg,full_core,49,LRRC32,False,False,False,False
CD4,CD4.c18.Treg.RTKN2,CD4_Treg,full_core,50,ERRFI1,False,False,False,False
CD4,CD4.c19.Treg.S1PR1,CD4_Treg,standard,1,FOXP3,False,False,False,True
CD4,CD4.c19.Treg.S1PR1,CD4_Treg,standard,2,IL32,False,True,True,False
CD4,CD4.c19.Treg.S1PR1,CD4_Treg,standard,3,SELL,False,False,False,False
CD4,CD4.c19.Treg.S1PR1,CD4_Treg,standard,4,KLF2,False,False,False,False
CD4,CD4.c19.Treg.S1PR1,CD4_Treg,standard,5,HLA-DRB1,False,False,False,False
CD4,CD4.c19.Treg.S1PR1,CD4_Treg,standard,6,FCMR,False,False,False,False
CD4,CD4.c19.Treg.S1PR1,CD4_Treg,standard,7,LTB,False,False,False,False
CD4,CD4.c19.Treg.S1PR1,CD4_Treg,standard,8,CD74,False,False,False,False
CD4,CD4.c19.Treg.S1PR1,CD4_Treg,standard,9,GBP5,False,False,False,False
CD4,CD4.c19.Treg.S1PR1,CD4_Treg,standard,10,HLA-DPB1,False,False,False,False
CD4,CD4.c19.Treg.S1PR1,CD4_Treg,standard,11,HLA-DRA,False,False,False,False
CD4,CD4.c19.Treg.S1PR1,CD4_Treg,standard,12,SAMHD1,False,False,False,False
CD4,CD4.c19.Treg.S1PR1,CD4_Treg,standard,13,YWHAB,False,False,False,False
CD4,CD4.c19.Treg.S1PR1,CD4_Treg,standard,14,HSPA1A,True,True,False,False
CD4,CD4.c19.Treg.S1PR1,CD4_Treg,standard,15,PTPRCAP,False,False,False,False
CD4,CD4.c19.Treg.S1PR1,CD4_Treg,standard,16,TMSB10,False,True,True,False
CD4,CD4.c19.Treg.S1PR1,CD4_Treg,standard,17,AES,False,False,False,False
CD4,CD4.c19.Treg.S1PR1,CD4_Treg,standard,18,RPS26,True,True,False,False
CD4,CD4.c19.Treg.S1PR1,CD4_Treg,standard,19,HPGD,False,False,False,False
CD4,CD4.c19.Treg.S1PR1,CD4_Treg,standard,20,CD27,False,False,False,False
CD4,CD4.c19.Treg.S1PR1,CD4_Treg,standard,21,SOD1,False,False,False,False
CD4,CD4.c19.Treg.S1PR1,CD4_Treg,standard,22,LDHB,False,False,False,False
CD4,CD4.c19.Treg.S1PR1,CD4_Treg,standard,23,FXYD5,False,False,False,False
CD4,CD4.c19.Treg.S1PR1,CD4_Treg,standard,24,UGP2,False,False,False,False
CD4,CD4.c19.Treg.S1PR1,CD4_Treg,standard,25,GLRX,False,False,False,False
CD4,CD4.c19.Treg.S1PR1,CD4_Treg,standard,26,MIR4435-2HG,False,False,False,False
CD4,CD4.c19.Treg.S1PR1,CD4_Treg,standard,27,HLA-DQA1,False,False,False,False
CD4,CD4.c19.Treg.S1PR1,CD4_Treg,standard,28,EMP3,False,False,False,False
CD4,CD4.c19.Treg.S1PR1,CD4_Treg,standard,29,IKZF2,False,False,False,True
CD4,CD4.c19.Treg.S1PR1,CD4_Treg,standard,30,GBP2,False,False,False,False
CD4,CD4.c19.Treg.S1PR1,CD4_Treg,standard,31,HSPA1B,True,True,False,False
CD4,CD4.c19.Treg.S1PR1,CD4_Treg,standard,32,LIMD2,False,False,False,False
CD4,CD4.c19.Treg.S1PR1,CD4_Treg,standard,33,HLA-DPA1,False,False,False,False
CD4,CD4.c19.Treg.S1PR1,CD4_Treg,standard,34,CCR4,False,False,False,False
CD4,CD4.c19.Treg.S1PR1,CD4_Treg,standard,35,STAM,False,False,False,False
CD4,CD4.c19.Treg.S1PR1,CD4_Treg,standard,36,FTL,False,False,False,False
CD4,CD4.c19.Treg.S1PR1,CD4_Treg,standard,37,CACYBP,False,False,False,False
CD4,CD4.c19.Treg.S1PR1,CD4_Treg,standard,38,SAT1,False,False,False,False
CD4,CD4.c19.Treg.S1PR1,CD4_Treg,standard,39,CD52,False,False,False,False
CD4,CD4.c19.Treg.S1PR1,CD4_Treg,standard,40,AQP3,False,False,False,False
CD4,CD4.c19.Treg.S1PR1,CD4_Treg,standard,41,S100A4,False,False,False,False
CD4,CD4.c19.Treg.S1PR1,CD4_Treg,standard,42,UQCRB,False,False,False,False
CD4,CD4.c19.Treg.S1PR1,CD4_Treg,standard,43,USP15,False,False,False,False
CD4,CD4.c19.Treg.S1PR1,CD4_Treg,standard,44,CTLA4,False,False,False,True
CD4,CD4.c19.Treg.S1PR1,CD4_Treg,standard,45,CALM3,False,False,False,False
CD4,CD4.c19.Treg.S1PR1,CD4_Treg,standard,46,SKAP1,False,False,False,False
CD4,CD4.c19.Treg.S1PR1,CD4_Treg,standard,47,GNB2L1,False,True,True,False
CD4,CD4.c19.Treg.S1PR1,CD4_Treg,standard,48,TTC39C,False,False,False,False
CD4,CD4.c19.Treg.S1PR1,CD4_Treg,standard,49,RPS15,True,True,False,False
CD4,CD4.c19.Treg.S1PR1,CD4_Treg,standard,50,RTKN2,False,False,False,False
CD4,CD4.c19.Treg.S1PR1,CD4_Treg,filter_only,1,FOXP3,False,False,False,True
CD4,CD4.c19.Treg.S1PR1,CD4_Treg,filter_only,2,SELL,False,False,False,False
CD4,CD4.c19.Treg.S1PR1,CD4_Treg,filter_only,3,KLF2,False,False,False,False
CD4,CD4.c19.Treg.S1PR1,CD4_Treg,filter_only,4,HLA-DRB1,False,False,False,False
CD4,CD4.c19.Treg.S1PR1,CD4_Treg,filter_only,5,FCMR,False,False,False,False
CD4,CD4.c19.Treg.S1PR1,CD4_Treg,filter_only,6,LTB,False,False,False,False
CD4,CD4.c19.Treg.S1PR1,CD4_Treg,filter_only,7,CD74,False,False,False,False
CD4,CD4.c19.Treg.S1PR1,CD4_Treg,filter_only,8,GBP5,False,False,False,False
CD4,CD4.c19.Treg.S1PR1,CD4_Treg,filter_only,9,HLA-DPB1,False,False,False,False
CD4,CD4.c19.Treg.S1PR1,CD4_Treg,filter_only,10,HLA-DRA,False,False,False,False
CD4,CD4.c19.Treg.S1PR1,CD4_Treg,filter_only,11,SAMHD1,False,False,False,False
CD4,CD4.c19.Treg.S1PR1,CD4_Treg,filter_only,12,YWHAB,False,False,False,False
CD4,CD4.c19.Treg.S1PR1,CD4_Treg,filter_only,13,HSPA1A,True,True,False,False
CD4,CD4.c19.Treg.S1PR1,CD4_Treg,filter_only,14,PTPRCAP,False,False,False,False
CD4,CD4.c19.Treg.S1PR1,CD4_Treg,filter_only,15,AES,False,False,False,False
CD4,CD4.c19.Treg.S1PR1,CD4_Treg,filter_only,16,RPS26,True,True,False,False
CD4,CD4.c19.Treg.S1PR1,CD4_Treg,filter_only,17,HPGD,False,False,False,False
CD4,CD4.c19.Treg.S1PR1,CD4_Treg,filter_only,18,CD27,False,False,False,False
CD4,CD4.c19.Treg.S1PR1,CD4_Treg,filter_only,19,SOD1,False,False,False,False
CD4,CD4.c19.Treg.S1PR1,CD4_Treg,filter_only,20,LDHB,False,False,False,False
CD4,CD4.c19.Treg.S1PR1,CD4_Treg,filter_only,21,FXYD5,False,False,False,False
CD4,CD4.c19.Treg.S1PR1,CD4_Treg,filter_only,22,UGP2,False,False,False,False
CD4,CD4.c19.Treg.S1PR1,CD4_Treg,filter_only,23,GLRX,False,False,False,False
CD4,CD4.c19.Treg.S1PR1,CD4_Treg,filter_only,24,MIR4435-2HG,False,False,False,False
CD4,CD4.c19.Treg.S1PR1,CD4_Treg,filter_only,25,HLA-DQA1,False,False,False,False
CD4,CD4.c19.Treg.S1PR1,CD4_Treg,filter_only,26,EMP3,False,False,False,False
CD4,CD4.c19.Treg.S1PR1,CD4_Treg,filter_only,27,IKZF2,False,False,False,True
CD4,CD4.c19.Treg.S1PR1,CD4_Treg,filter_only,28,GBP2,False,False,False,False
CD4,CD4.c19.Treg.S1PR1,CD4_Treg,filter_only,29,HSPA1B,True,True,False,False
CD4,CD4.c19.Treg.S1PR1,CD4_Treg,filter_only,30,LIMD2,False,False,False,False
CD4,CD4.c19.Treg.S1PR1,CD4_Treg,filter_only,31,HLA-DPA1,False,False,False,False
CD4,CD4.c19.Treg.S1PR1,CD4_Treg,filter_only,32,CCR4,False,False,False,False
CD4,CD4.c19.Treg.S1PR1,CD4_Treg,filter_only,33,STAM,False,False,False,False
CD4,CD4.c19.Treg.S1PR1,CD4_Treg,filter_only,34,CACYBP,False,False,False,False
CD4,CD4.c19.Treg.S1PR1,CD4_Treg,filter_only,35,SAT1,False,False,False,False
CD4,CD4.c19.Treg.S1PR1,CD4_Treg,filter_only,36,CD52,False,False,False,False
CD4,CD4.c19.Treg.S1PR1,CD4_Treg,filter_only,37,AQP3,False,False,False,False
CD4,CD4.c19.Treg.S1PR1,CD4_Treg,filter_only,38,S100A4,False,False,False,False
CD4,CD4.c19.Treg.S1PR1,CD4_Treg,filter_only,39,UQCRB,False,False,False,False
CD4,CD4.c19.Treg.S1PR1,CD4_Treg,filter_only,40,USP15,False,False,False,False
CD4,CD4.c19.Treg.S1PR1,CD4_Treg,filter_only,41,CTLA4,False,False,False,True
CD4,CD4.c19.Treg.S1PR1,CD4_Treg,filter_only,42,CALM3,False,False,False,False
CD4,CD4.c19.Treg.S1PR1,CD4_Treg,filter_only,43,SKAP1,False,False,False,False
CD4,CD4.c19.Treg.S1PR1,CD4_Treg,filter_only,44,TTC39C,False,False,False,False
CD4,CD4.c19.Treg.S1PR1,CD4_Treg,filter_only,45,RTKN2,False,False,False,False
CD4,CD4.c19.Treg.S1PR1,CD4_Treg,filter_only,46,SELPLG,False,False,False,False
CD4,CD4.c19.Treg.S1PR1,CD4_Treg,filter_only,47,UBE2B,False,False,False,False
CD4,CD4.c19.Treg.S1PR1,CD4_Treg,filter_only,48,ISG20,False,False,False,False
CD4,CD4.c19.Treg.S1PR1,CD4_Treg,filter_only,49,ATP5L,False,False,False,False
CD4,CD4.c19.Treg.S1PR1,CD4_Treg,filter_only,50,DOK2,False,False,False,False
CD4,CD4.c19.Treg.S1PR1,CD4_Treg,regex_mask,1,FOXP3,False,False,False,True
CD4,CD4.c19.Treg.S1PR1,CD4_Treg,regex_mask,2,SELL,False,False,False,False
CD4,CD4.c19.Treg.S1PR1,CD4_Treg,regex_mask,3,KLF2,False,False,False,False
CD4,CD4.c19.Treg.S1PR1,CD4_Treg,regex_mask,4,HLA-DRB1,False,False,False,False
CD4,CD4.c19.Treg.S1PR1,CD4_Treg,regex_mask,5,FCMR,False,False,False,False
CD4,CD4.c19.Treg.S1PR1,CD4_Treg,regex_mask,6,LTB,False,False,False,False
CD4,CD4.c19.Treg.S1PR1,CD4_Treg,regex_mask,7,CD74,False,False,False,False
CD4,CD4.c19.Treg.S1PR1,CD4_Treg,regex_mask,8,GBP5,False,False,False,False
CD4,CD4.c19.Treg.S1PR1,CD4_Treg,regex_mask,9,HLA-DPB1,False,False,False,False
CD4,CD4.c19.Treg.S1PR1,CD4_Treg,regex_mask,10,HLA-DRA,False,False,False,False
CD4,CD4.c19.Treg.S1PR1,CD4_Treg,regex_mask,11,SAMHD1,False,False,False,False
CD4,CD4.c19.Treg.S1PR1,CD4_Treg,regex_mask,12,YWHAB,False,False,False,False
CD4,CD4.c19.Treg.S1PR1,CD4_Treg,regex_mask,13,PTPRCAP,False,False,False,False
CD4,CD4.c19.Treg.S1PR1,CD4_Treg,regex_mask,14,AES,False,False,False,False
CD4,CD4.c19.Treg.S1PR1,CD4_Treg,regex_mask,15,HPGD,False,False,False,False
CD4,CD4.c19.Treg.S1PR1,CD4_Treg,regex_mask,16,CD27,False,False,False,False
CD4,CD4.c19.Treg.S1PR1,CD4_Treg,regex_mask,17,SOD1,False,False,False,False
CD4,CD4.c19.Treg.S1PR1,CD4_Treg,regex_mask,18,LDHB,False,False,False,False
CD4,CD4.c19.Treg.S1PR1,CD4_Treg,regex_mask,19,FXYD5,False,False,False,False
CD4,CD4.c19.Treg.S1PR1,CD4_Treg,regex_mask,20,UGP2,False,False,False,False
CD4,CD4.c19.Treg.S1PR1,CD4_Treg,regex_mask,21,GLRX,False,False,False,False
CD4,CD4.c19.Treg.S1PR1,CD4_Treg,regex_mask,22,MIR4435-2HG,False,False,False,False
CD4,CD4.c19.Treg.S1PR1,CD4_Treg,regex_mask,23,HLA-DQA1,False,False,False,False
CD4,CD4.c19.Treg.S1PR1,CD4_Treg,regex_mask,24,EMP3,False,False,False,False
CD4,CD4.c19.Treg.S1PR1,CD4_Treg,regex_mask,25,IKZF2,False,False,False,True
CD4,CD4.c19.Treg.S1PR1,CD4_Treg,regex_mask,26,GBP2,False,False,False,False
CD4,CD4.c19.Treg.S1PR1,CD4_Treg,regex_mask,27,LIMD2,False,False,False,False
CD4,CD4.c19.Treg.S1PR1,CD4_Treg,regex_mask,28,HLA-DPA1,False,False,False,False
CD4,CD4.c19.Treg.S1PR1,CD4_Treg,regex_mask,29,CCR4,False,False,False,False
CD4,CD4.c19.Treg.S1PR1,CD4_Treg,regex_mask,30,STAM,False,False,False,False
CD4,CD4.c19.Treg.S1PR1,CD4_Treg,regex_mask,31,CACYBP,False,False,False,False
CD4,CD4.c19.Treg.S1PR1,CD4_Treg,regex_mask,32,SAT1,False,False,False,False
CD4,CD4.c19.Treg.S1PR1,CD4_Treg,regex_mask,33,CD52,False,False,False,False
CD4,CD4.c19.Treg.S1PR1,CD4_Treg,regex_mask,34,AQP3,False,False,False,False
CD4,CD4.c19.Treg.S1PR1,CD4_Treg,regex_mask,35,S100A4,False,False,False,False
CD4,CD4.c19.Treg.S1PR1,CD4_Treg,regex_mask,36,UQCRB,False,False,False,False
CD4,CD4.c19.Treg.S1PR1,CD4_Treg,regex_mask,37,USP15,False,False,False,False
CD4,CD4.c19.Treg.S1PR1,CD4_Treg,regex_mask,38,CTLA4,False,False,False,True
CD4,CD4.c19.Treg.S1PR1,CD4_Treg,regex_mask,39,CALM3,False,False,False,False
CD4,CD4.c19.Treg.S1PR1,CD4_Treg,regex_mask,40,SKAP1,False,False,False,False
CD4,CD4.c19.Treg.S1PR1,CD4_Treg,regex_mask,41,TTC39C,False,False,False,False
CD4,CD4.c19.Treg.S1PR1,CD4_Treg,regex_mask,42,RTKN2,False,False,False,False
CD4,CD4.c19.Treg.S1PR1,CD4_Treg,regex_mask,43,SELPLG,False,False,False,False
CD4,CD4.c19.Treg.S1PR1,CD4_Treg,regex_mask,44,UBE2B,False,False,False,False
CD4,CD4.c19.Treg.S1PR1,CD4_Treg,regex_mask,45,ISG20,False,False,False,False
CD4,CD4.c19.Treg.S1PR1,CD4_Treg,regex_mask,46,ATP5L,False,False,False,False
CD4,CD4.c19.Treg.S1PR1,CD4_Treg,regex_mask,47,DOK2,False,False,False,False
CD4,CD4.c19.Treg.S1PR1,CD4_Treg,regex_mask,48,UCP2,False,False,False,False
CD4,CD4.c19.Treg.S1PR1,CD4_Treg,regex_mask,49,RHOG,False,False,False,False
CD4,CD4.c19.Treg.S1PR1,CD4_Treg,regex_mask,50,CCM2,False,False,False,False
CD4,CD4.c19.Treg.S1PR1,CD4_Treg,full_core,1,FOXP3,False,False,False,True
CD4,CD4.c19.Treg.S1PR1,CD4_Treg,full_core,2,SELL,False,False,False,False
CD4,CD4.c19.Treg.S1PR1,CD4_Treg,full_core,3,KLF2,False,False,False,False
CD4,CD4.c19.Treg.S1PR1,CD4_Treg,full_core,4,HLA-DRB1,False,False,False,False
CD4,CD4.c19.Treg.S1PR1,CD4_Treg,full_core,5,LTB,False,False,False,False
CD4,CD4.c19.Treg.S1PR1,CD4_Treg,full_core,6,CD74,False,False,False,False
CD4,CD4.c19.Treg.S1PR1,CD4_Treg,full_core,7,HLA-DRA,False,False,False,False
CD4,CD4.c19.Treg.S1PR1,CD4_Treg,full_core,8,HPGD,False,False,False,False
CD4,CD4.c19.Treg.S1PR1,CD4_Treg,full_core,9,CD27,False,False,False,False
CD4,CD4.c19.Treg.S1PR1,CD4_Treg,full_core,10,SOD1,False,False,False,False
CD4,CD4.c19.Treg.S1PR1,CD4_Treg,full_core,11,LDHB,False,False,False,False
CD4,CD4.c19.Treg.S1PR1,CD4_Treg,full_core,12,GLRX,False,False,False,False
CD4,CD4.c19.Treg.S1PR1,CD4_Treg,full_core,13,MIR4435-2HG,False,False,False,False
CD4,CD4.c19.Treg.S1PR1,CD4_Treg,full_core,14,HLA-DQA1,False,False,False,False
CD4,CD4.c19.Treg.S1PR1,CD4_Treg,full_core,15,IKZF2,False,False,False,True
CD4,CD4.c19.Treg.S1PR1,CD4_Treg,full_core,16,HLA-DPA1,False,False,False,False
CD4,CD4.c19.Treg.S1PR1,CD4_Treg,full_core,17,CACYBP,False,False,False,False
CD4,CD4.c19.Treg.S1PR1,CD4_Treg,full_core,18,SAT1,False,False,False,False
CD4,CD4.c19.Treg.S1PR1,CD4_Treg,full_core,19,AQP3,False,False,False,False
CD4,CD4.c19.Treg.S1PR1,CD4_Treg,full_core,20,S100A4,False,False,False,False
CD4,CD4.c19.Treg.S1PR1,CD4_Treg,full_core,21,CTLA4,False,False,False,True
CD4,CD4.c19.Treg.S1PR1,CD4_Treg,full_core,22,CALM3,False,False,False,False
CD4,CD4.c19.Treg.S1PR1,CD4_Treg,full_core,23,RTKN2,False,False,False,False
CD4,CD4.c19.Treg.S1PR1,CD4_Treg,full_core,24,NOP10,False,False,False,False
CD4,CD4.c19.Treg.S1PR1,CD4_Treg,full_core,25,HLA-DQB1,False,False,False,False
CD4,CD4.c19.Treg.S1PR1,CD4_Treg,full_core,26,PMAIP1,False,False,False,False
CD4,CD4.c19.Treg.S1PR1,CD4_Treg,full_core,27,IL2RA,False,False,False,True
CD4,CD4.c19.Treg.S1PR1,CD4_Treg,full_core,28,HLA-DRB5,False,False,False,False
CD4,CD4.c19.Treg.S1PR1,CD4_Treg,full_core,29,SOD2,False,False,False,False
CD4,CD4.c19.Treg.S1PR1,CD4_Treg,full_core,30,BAG3,False,False,False,False
CD4,CD4.c19.Treg.S1PR1,CD4_Treg,full_core,31,HLA-DMA,False,False,False,False
CD4,CD4.c19.Treg.S1PR1,CD4_Treg,full_core,32,LGALS3,False,False,False,False
CD4,CD4.c19.Treg.S1PR1,CD4_Treg,full_core,33,ID3,False,False,False,False
CD4,CD4.c19.Treg.S1PR1,CD4_Treg,full_core,34,CCNG2,False,False,False,False
CD4,CD4.c19.Treg.S1PR1,CD4_Treg,full_core,35,ARL6IP1,False,False,False,False
CD4,CD4.c19.Treg.S1PR1,CD4_Treg,full_core,36,KLF3,False,False,False,False
CD4,CD4.c19.Treg.S1PR1,CD4_Treg,full_core,37,CDC25B,False,False,False,False
CD4,CD4.c19.Treg.S1PR1,CD4_Treg,full_core,38,DNAJB4,False,False,False,False
CD4,CD4.c19.Treg.S1PR1,CD4_Treg,full_core,39,C12orf75,False,False,False,False
CD4,CD4.c19.Treg.S1PR1,CD4_Treg,full_core,40,BATF,False,False,False,True
CD4,CD4.c19.Treg.S1PR1,CD4_Treg,full_core,41,H2AFY,False,False,False,False
CD4,CD4.c19.Treg.S1PR1,CD4_Treg,full_core,42,CD70,False,False,False,False
CD4,CD4.c19.Treg.S1PR1,CD4_Treg,full_core,43,TIGIT,False,False,False,True
CD4,CD4.c19.Treg.S1PR1,CD4_Treg,full_core,44,GK,False,False,False,False
CD4,CD4.c19.Treg.S1PR1,CD4_Treg,full_core,45,DBI,False,False,False,False
CD4,CD4.c19.Treg.S1PR1,CD4_Treg,full_core,46,FANK1,False,False,False,False
CD4,CD4.c19.Treg.S1PR1,CD4_Treg,full_core,47,SHMT2,False,False,False,False
CD4,CD4.c19.Treg.S1PR1,CD4_Treg,full_core,48,COX6A1,False,False,False,False
CD4,CD4.c19.Treg.S1PR1,CD4_Treg,full_core,49,CBX3,False,False,False,False
CD4,CD4.c19.Treg.S1PR1,CD4_Treg,full_core,50,CPNE2,False,False,False,False
CD4,CD4.c20.Treg.TNFRSF9,CD4_Treg,standard,1,FOXP3,False,False,False,True
CD4,CD4.c20.Treg.TNFRSF9,CD4_Treg,standard,2,CARD16,False,False,False,False
CD4,CD4.c20.Treg.TNFRSF9,CD4_Treg,standard,3,BATF,False,False,False,True
CD4,CD4.c20.Treg.TNFRSF9,CD4_Treg,standard,4,IL32,False,True,True,False
CD4,CD4.c20.Treg.TNFRSF9,CD4_Treg,standard,5,TNFRSF18,False,False,False,False
CD4,CD4.c20.Treg.TNFRSF9,CD4_Treg,standard,6,TIGIT,False,False,False,True
CD4,CD4.c20.Treg.TNFRSF9,CD4_Treg,standard,7,TNFRSF4,False,False,False,False
CD4,CD4.c20.Treg.TNFRSF9,CD4_Treg,standard,8,CTSC,False,False,False,False
CD4,CD4.c20.Treg.TNFRSF9,CD4_Treg,standard,9,HLA-A,True,True,False,False
CD4,CD4.c20.Treg.TNFRSF9,CD4_Treg,standard,10,CTLA4,False,False,False,True
CD4,CD4.c20.Treg.TNFRSF9,CD4_Treg,standard,11,CD27,False,False,False,False
CD4,CD4.c20.Treg.TNFRSF9,CD4_Treg,standard,12,CD7,False,False,False,False
CD4,CD4.c20.Treg.TNFRSF9,CD4_Treg,standard,13,CCR8,False,False,False,False
CD4,CD4.c20.Treg.TNFRSF9,CD4_Treg,standard,14,TNFRSF9,False,False,False,False
CD4,CD4.c20.Treg.TNFRSF9,CD4_Treg,standard,15,LAYN,False,False,False,False
CD4,CD4.c20.Treg.TNFRSF9,CD4_Treg,standard,16,DNPH1,False,False,False,False
CD4,CD4.c20.Treg.TNFRSF9,CD4_Treg,standard,17,TBC1D4,False,False,False,False
CD4,CD4.c20.Treg.TNFRSF9,CD4_Treg,standard,18,IL2RA,False,False,False,True
CD4,CD4.c20.Treg.TNFRSF9,CD4_Treg,standard,19,LAIR2,False,False,False,False
CD4,CD4.c20.Treg.TNFRSF9,CD4_Treg,standard,20,GLRX,False,False,False,False
CD4,CD4.c20.Treg.TNFRSF9,CD4_Treg,standard,21,GBP2,False,False,False,False
CD4,CD4.c20.Treg.TNFRSF9,CD4_Treg,standard,22,DUSP4,False,False,False,False
CD4,CD4.c20.Treg.TNFRSF9,CD4_Treg,standard,23,AC133644.2,False,False,False,False
CD4,CD4.c20.Treg.TNFRSF9,CD4_Treg,standard,24,HTATIP2,False,False,False,False
CD4,CD4.c20.Treg.TNFRSF9,CD4_Treg,standard,25,STAM,False,False,False,False
CD4,CD4.c20.Treg.TNFRSF9,CD4_Treg,standard,26,PMAIP1,False,False,False,False
CD4,CD4.c20.Treg.TNFRSF9,CD4_Treg,standard,27,SYNGR2,False,False,False,False
CD4,CD4.c20.Treg.TNFRSF9,CD4_Treg,standard,28,TNFRSF1B,False,False,False,False
CD4,CD4.c20.Treg.TNFRSF9,CD4_Treg,standard,29,IL1R2,False,False,False,False
CD4,CD4.c20.Treg.TNFRSF9,CD4_Treg,standard,30,GBP5,False,False,False,False
CD4,CD4.c20.Treg.TNFRSF9,CD4_Treg,standard,31,B2M,False,True,True,False
CD4,CD4.c20.Treg.TNFRSF9,CD4_Treg,standard,32,MIR4435-2HG,False,False,False,False
CD4,CD4.c20.Treg.TNFRSF9,CD4_Treg,standard,33,UCP2,False,False,False,False
CD4,CD4.c20.Treg.TNFRSF9,CD4_Treg,standard,34,IKZF2,False,False,False,True
CD4,CD4.c20.Treg.TNFRSF9,CD4_Treg,standard,35,ACP5,False,False,False,False
CD4,CD4.c20.Treg.TNFRSF9,CD4_Treg,standard,36,PKM,False,False,False,False
CD4,CD4.c20.Treg.TNFRSF9,CD4_Treg,standard,37,CD74,False,False,False,False
CD4,CD4.c20.Treg.TNFRSF9,CD4_Treg,standard,38,SAT1,False,False,False,False
CD4,CD4.c20.Treg.TNFRSF9,CD4_Treg,standard,39,FKBP1A,False,False,False,False
CD4,CD4.c20.Treg.TNFRSF9,CD4_Treg,standard,40,RPS27L,True,True,False,False
CD4,CD4.c20.Treg.TNFRSF9,CD4_Treg,standard,41,SPOCK2,False,False,False,False
CD4,CD4.c20.Treg.TNFRSF9,CD4_Treg,standard,42,SUMO2,False,False,False,False
CD4,CD4.c20.Treg.TNFRSF9,CD4_Treg,standard,43,IL2RG,False,False,False,False
CD4,CD4.c20.Treg.TNFRSF9,CD4_Treg,standard,44,ICOS,False,False,False,False
CD4,CD4.c20.Treg.TNFRSF9,CD4_Treg,standard,45,NAMPT,False,False,False,False
CD4,CD4.c20.Treg.TNFRSF9,CD4_Treg,standard,46,UGP2,False,False,False,False
CD4,CD4.c20.Treg.TNFRSF9,CD4_Treg,standard,47,SIRPG,False,False,False,False
CD4,CD4.c20.Treg.TNFRSF9,CD4_Treg,standard,48,RHBDD2,False,False,False,False
CD4,CD4.c20.Treg.TNFRSF9,CD4_Treg,standard,49,MAGEH1,False,False,False,False
CD4,CD4.c20.Treg.TNFRSF9,CD4_Treg,standard,50,ENO1,False,False,False,False
CD4,CD4.c20.Treg.TNFRSF9,CD4_Treg,filter_only,1,FOXP3,False,False,False,True
CD4,CD4.c20.Treg.TNFRSF9,CD4_Treg,filter_only,2,CARD16,False,False,False,False
CD4,CD4.c20.Treg.TNFRSF9,CD4_Treg,filter_only,3,BATF,False,False,False,True
CD4,CD4.c20.Treg.TNFRSF9,CD4_Treg,filter_only,4,TNFRSF18,False,False,False,False
CD4,CD4.c20.Treg.TNFRSF9,CD4_Treg,filter_only,5,TIGIT,False,False,False,True
CD4,CD4.c20.Treg.TNFRSF9,CD4_Treg,filter_only,6,TNFRSF4,False,False,False,False
CD4,CD4.c20.Treg.TNFRSF9,CD4_Treg,filter_only,7,CTSC,False,False,False,False
CD4,CD4.c20.Treg.TNFRSF9,CD4_Treg,filter_only,8,CTLA4,False,False,False,True
CD4,CD4.c20.Treg.TNFRSF9,CD4_Treg,filter_only,9,CD27,False,False,False,False
CD4,CD4.c20.Treg.TNFRSF9,CD4_Treg,filter_only,10,CD7,False,False,False,False
CD4,CD4.c20.Treg.TNFRSF9,CD4_Treg,filter_only,11,CCR8,False,False,False,False
CD4,CD4.c20.Treg.TNFRSF9,CD4_Treg,filter_only,12,TNFRSF9,False,False,False,False
CD4,CD4.c20.Treg.TNFRSF9,CD4_Treg,filter_only,13,LAYN,False,False,False,False
CD4,CD4.c20.Treg.TNFRSF9,CD4_Treg,filter_only,14,DNPH1,False,False,False,False
CD4,CD4.c20.Treg.TNFRSF9,CD4_Treg,filter_only,15,TBC1D4,False,False,False,False
CD4,CD4.c20.Treg.TNFRSF9,CD4_Treg,filter_only,16,IL2RA,False,False,False,True
CD4,CD4.c20.Treg.TNFRSF9,CD4_Treg,filter_only,17,LAIR2,False,False,False,False
CD4,CD4.c20.Treg.TNFRSF9,CD4_Treg,filter_only,18,GLRX,False,False,False,False
CD4,CD4.c20.Treg.TNFRSF9,CD4_Treg,filter_only,19,GBP2,False,False,False,False
CD4,CD4.c20.Treg.TNFRSF9,CD4_Treg,filter_only,20,DUSP4,False,False,False,False
CD4,CD4.c20.Treg.TNFRSF9,CD4_Treg,filter_only,21,AC133644.2,False,False,False,False
CD4,CD4.c20.Treg.TNFRSF9,CD4_Treg,filter_only,22,HTATIP2,False,False,False,False
CD4,CD4.c20.Treg.TNFRSF9,CD4_Treg,filter_only,23,STAM,False,False,False,False
CD4,CD4.c20.Treg.TNFRSF9,CD4_Treg,filter_only,24,PMAIP1,False,False,False,False
CD4,CD4.c20.Treg.TNFRSF9,CD4_Treg,filter_only,25,SYNGR2,False,False,False,False
CD4,CD4.c20.Treg.TNFRSF9,CD4_Treg,filter_only,26,TNFRSF1B,False,False,False,False
CD4,CD4.c20.Treg.TNFRSF9,CD4_Treg,filter_only,27,IL1R2,False,False,False,False
CD4,CD4.c20.Treg.TNFRSF9,CD4_Treg,filter_only,28,GBP5,False,False,False,False
CD4,CD4.c20.Treg.TNFRSF9,CD4_Treg,filter_only,29,MIR4435-2HG,False,False,False,False
CD4,CD4.c20.Treg.TNFRSF9,CD4_Treg,filter_only,30,UCP2,False,False,False,False
CD4,CD4.c20.Treg.TNFRSF9,CD4_Treg,filter_only,31,IKZF2,False,False,False,True
CD4,CD4.c20.Treg.TNFRSF9,CD4_Treg,filter_only,32,ACP5,False,False,False,False
CD4,CD4.c20.Treg.TNFRSF9,CD4_Treg,filter_only,33,PKM,False,False,False,False
CD4,CD4.c20.Treg.TNFRSF9,CD4_Treg,filter_only,34,CD74,False,False,False,False
CD4,CD4.c20.Treg.TNFRSF9,CD4_Treg,filter_only,35,SAT1,False,False,False,False
CD4,CD4.c20.Treg.TNFRSF9,CD4_Treg,filter_only,36,FKBP1A,False,False,False,False
CD4,CD4.c20.Treg.TNFRSF9,CD4_Treg,filter_only,37,RPS27L,True,True,False,False
CD4,CD4.c20.Treg.TNFRSF9,CD4_Treg,filter_only,38,SPOCK2,False,False,False,False
CD4,CD4.c20.Treg.TNFRSF9,CD4_Treg,filter_only,39,SUMO2,False,False,False,False
CD4,CD4.c20.Treg.TNFRSF9,CD4_Treg,filter_only,40,IL2RG,False,False,False,False
CD4,CD4.c20.Treg.TNFRSF9,CD4_Treg,filter_only,41,ICOS,False,False,False,False
CD4,CD4.c20.Treg.TNFRSF9,CD4_Treg,filter_only,42,NAMPT,False,False,False,False
CD4,CD4.c20.Treg.TNFRSF9,CD4_Treg,filter_only,43,UGP2,False,False,False,False
CD4,CD4.c20.Treg.TNFRSF9,CD4_Treg,filter_only,44,SIRPG,False,False,False,False
CD4,CD4.c20.Treg.TNFRSF9,CD4_Treg,filter_only,45,RHBDD2,False,False,False,False
CD4,CD4.c20.Treg.TNFRSF9,CD4_Treg,filter_only,46,MAGEH1,False,False,False,False
CD4,CD4.c20.Treg.TNFRSF9,CD4_Treg,filter_only,47,ENO1,False,False,False,False
CD4,CD4.c20.Treg.TNFRSF9,CD4_Treg,filter_only,48,OAZ1,False,False,False,False
CD4,CD4.c20.Treg.TNFRSF9,CD4_Treg,filter_only,49,LTB,False,False,False,False
CD4,CD4.c20.Treg.TNFRSF9,CD4_Treg,filter_only,50,SOD1,False,False,False,False
CD4,CD4.c20.Treg.TNFRSF9,CD4_Treg,regex_mask,1,FOXP3,False,False,False,True
CD4,CD4.c20.Treg.TNFRSF9,CD4_Treg,regex_mask,2,CARD16,False,False,False,False
CD4,CD4.c20.Treg.TNFRSF9,CD4_Treg,regex_mask,3,BATF,False,False,False,True
CD4,CD4.c20.Treg.TNFRSF9,CD4_Treg,regex_mask,4,TNFRSF18,False,False,False,False
CD4,CD4.c20.Treg.TNFRSF9,CD4_Treg,regex_mask,5,TIGIT,False,False,False,True
CD4,CD4.c20.Treg.TNFRSF9,CD4_Treg,regex_mask,6,TNFRSF4,False,False,False,False
CD4,CD4.c20.Treg.TNFRSF9,CD4_Treg,regex_mask,7,CTSC,False,False,False,False
CD4,CD4.c20.Treg.TNFRSF9,CD4_Treg,regex_mask,8,CTLA4,False,False,False,True
CD4,CD4.c20.Treg.TNFRSF9,CD4_Treg,regex_mask,9,CD27,False,False,False,False
CD4,CD4.c20.Treg.TNFRSF9,CD4_Treg,regex_mask,10,CD7,False,False,False,False
CD4,CD4.c20.Treg.TNFRSF9,CD4_Treg,regex_mask,11,CCR8,False,False,False,False
CD4,CD4.c20.Treg.TNFRSF9,CD4_Treg,regex_mask,12,TNFRSF9,False,False,False,False
CD4,CD4.c20.Treg.TNFRSF9,CD4_Treg,regex_mask,13,LAYN,False,False,False,False
CD4,CD4.c20.Treg.TNFRSF9,CD4_Treg,regex_mask,14,DNPH1,False,False,False,False
CD4,CD4.c20.Treg.TNFRSF9,CD4_Treg,regex_mask,15,TBC1D4,False,False,False,False
CD4,CD4.c20.Treg.TNFRSF9,CD4_Treg,regex_mask,16,IL2RA,False,False,False,True
CD4,CD4.c20.Treg.TNFRSF9,CD4_Treg,regex_mask,17,LAIR2,False,False,False,False
CD4,CD4.c20.Treg.TNFRSF9,CD4_Treg,regex_mask,18,GLRX,False,False,False,False
CD4,CD4.c20.Treg.TNFRSF9,CD4_Treg,regex_mask,19,GBP2,False,False,False,False
CD4,CD4.c20.Treg.TNFRSF9,CD4_Treg,regex_mask,20,DUSP4,False,False,False,False
CD4,CD4.c20.Treg.TNFRSF9,CD4_Treg,regex_mask,21,AC133644.2,False,False,False,False
CD4,CD4.c20.Treg.TNFRSF9,CD4_Treg,regex_mask,22,HTATIP2,False,False,False,False
CD4,CD4.c20.Treg.TNFRSF9,CD4_Treg,regex_mask,23,STAM,False,False,False,False
CD4,CD4.c20.Treg.TNFRSF9,CD4_Treg,regex_mask,24,PMAIP1,False,False,False,False
CD4,CD4.c20.Treg.TNFRSF9,CD4_Treg,regex_mask,25,SYNGR2,False,False,False,False
CD4,CD4.c20.Treg.TNFRSF9,CD4_Treg,regex_mask,26,TNFRSF1B,False,False,False,False
CD4,CD4.c20.Treg.TNFRSF9,CD4_Treg,regex_mask,27,IL1R2,False,False,False,False
CD4,CD4.c20.Treg.TNFRSF9,CD4_Treg,regex_mask,28,GBP5,False,False,False,False
CD4,CD4.c20.Treg.TNFRSF9,CD4_Treg,regex_mask,29,MIR4435-2HG,False,False,False,False
CD4,CD4.c20.Treg.TNFRSF9,CD4_Treg,regex_mask,30,UCP2,False,False,False,False
CD4,CD4.c20.Treg.TNFRSF9,CD4_Treg,regex_mask,31,IKZF2,False,False,False,True
CD4,CD4.c20.Treg.TNFRSF9,CD4_Treg,regex_mask,32,ACP5,False,False,False,False
CD4,CD4.c20.Treg.TNFRSF9,CD4_Treg,regex_mask,33,PKM,False,False,False,False
CD4,CD4.c20.Treg.TNFRSF9,CD4_Treg,regex_mask,34,CD74,False,False,False,False
CD4,CD4.c20.Treg.TNFRSF9,CD4_Treg,regex_mask,35,SAT1,False,False,False,False
CD4,CD4.c20.Treg.TNFRSF9,CD4_Treg,regex_mask,36,FKBP1A,False,False,False,False
CD4,CD4.c20.Treg.TNFRSF9,CD4_Treg,regex_mask,37,SPOCK2,False,False,False,False
CD4,CD4.c20.Treg.TNFRSF9,CD4_Treg,regex_mask,38,SUMO2,False,False,False,False
CD4,CD4.c20.Treg.TNFRSF9,CD4_Treg,regex_mask,39,IL2RG,False,False,False,False
CD4,CD4.c20.Treg.TNFRSF9,CD4_Treg,regex_mask,40,ICOS,False,False,False,False
CD4,CD4.c20.Treg.TNFRSF9,CD4_Treg,regex_mask,41,NAMPT,False,False,False,False
CD4,CD4.c20.Treg.TNFRSF9,CD4_Treg,regex_mask,42,UGP2,False,False,False,False
CD4,CD4.c20.Treg.TNFRSF9,CD4_Treg,regex_mask,43,SIRPG,False,False,False,False
CD4,CD4.c20.Treg.TNFRSF9,CD4_Treg,regex_mask,44,RHBDD2,False,False,False,False
CD4,CD4.c20.Treg.TNFRSF9,CD4_Treg,regex_mask,45,MAGEH1,False,False,False,False
CD4,CD4.c20.Treg.TNFRSF9,CD4_Treg,regex_mask,46,ENO1,False,False,False,False
CD4,CD4.c20.Treg.TNFRSF9,CD4_Treg,regex_mask,47,OAZ1,False,False,False,False
CD4,CD4.c20.Treg.TNFRSF9,CD4_Treg,regex_mask,48,LTB,False,False,False,False
CD4,CD4.c20.Treg.TNFRSF9,CD4_Treg,regex_mask,49,SOD1,False,False,False,False
CD4,CD4.c20.Treg.TNFRSF9,CD4_Treg,regex_mask,50,PARK7,False,False,False,False
CD4,CD4.c20.Treg.TNFRSF9,CD4_Treg,full_core,1,FOXP3,False,False,False,True
CD4,CD4.c20.Treg.TNFRSF9,CD4_Treg,full_core,2,BATF,False,False,False,True
CD4,CD4.c20.Treg.TNFRSF9,CD4_Treg,full_core,3,TNFRSF18,False,False,False,False
CD4,CD4.c20.Treg.TNFRSF9,CD4_Treg,full_core,4,TIGIT,False,False,False,True
CD4,CD4.c20.Treg.TNFRSF9,CD4_Treg,full_core,5,TNFRSF4,False,False,False,False
CD4,CD4.c20.Treg.TNFRSF9,CD4_Treg,full_core,6,CTLA4,False,False,False,True
CD4,CD4.c20.Treg.TNFRSF9,CD4_Treg,full_core,7,CD27,False,False,False,False
CD4,CD4.c20.Treg.TNFRSF9,CD4_Treg,full_core,8,CD7,False,False,False,False
CD4,CD4.c20.Treg.TNFRSF9,CD4_Treg,full_core,9,CCR8,False,False,False,False
CD4,CD4.c20.Treg.TNFRSF9,CD4_Treg,full_core,10,TNFRSF9,False,False,False,False
CD4,CD4.c20.Treg.TNFRSF9,CD4_Treg,full_core,11,LAYN,False,False,False,False
CD4,CD4.c20.Treg.TNFRSF9,CD4_Treg,full_core,12,DNPH1,False,False,False,False
CD4,CD4.c20.Treg.TNFRSF9,CD4_Treg,full_core,13,IL2RA,False,False,False,True
CD4,CD4.c20.Treg.TNFRSF9,CD4_Treg,full_core,14,LAIR2,False,False,False,False
CD4,CD4.c20.Treg.TNFRSF9,CD4_Treg,full_core,15,GLRX,False,False,False,False
CD4,CD4.c20.Treg.TNFRSF9,CD4_Treg,full_core,16,DUSP4,False,False,False,False
CD4,CD4.c20.Treg.TNFRSF9,CD4_Treg,full_core,17,AC133644.2,False,False,False,False
CD4,CD4.c20.Treg.TNFRSF9,CD4_Treg,full_core,18,HTATIP2,False,False,False,False
CD4,CD4.c20.Treg.TNFRSF9,CD4_Treg,full_core,19,PMAIP1,False,False,False,False
CD4,CD4.c20.Treg.TNFRSF9,CD4_Treg,full_core,20,SYNGR2,False,False,False,False
CD4,CD4.c20.Treg.TNFRSF9,CD4_Treg,full_core,21,IL1R2,False,False,False,False
CD4,CD4.c20.Treg.TNFRSF9,CD4_Treg,full_core,22,MIR4435-2HG,False,False,False,False
CD4,CD4.c20.Treg.TNFRSF9,CD4_Treg,full_core,23,IKZF2,False,False,False,True
CD4,CD4.c20.Treg.TNFRSF9,CD4_Treg,full_core,24,ACP5,False,False,False,False
CD4,CD4.c20.Treg.TNFRSF9,CD4_Treg,full_core,25,PKM,False,False,False,False
CD4,CD4.c20.Treg.TNFRSF9,CD4_Treg,full_core,26,CD74,False,False,False,False
CD4,CD4.c20.Treg.TNFRSF9,CD4_Treg,full_core,27,SAT1,False,False,False,False
CD4,CD4.c20.Treg.TNFRSF9,CD4_Treg,full_core,28,FKBP1A,False,False,False,False
CD4,CD4.c20.Treg.TNFRSF9,CD4_Treg,full_core,29,SIRPG,False,False,False,False
CD4,CD4.c20.Treg.TNFRSF9,CD4_Treg,full_core,30,MAGEH1,False,False,False,False
CD4,CD4.c20.Treg.TNFRSF9,CD4_Treg,full_core,31,ENO1,False,False,False,False
CD4,CD4.c20.Treg.TNFRSF9,CD4_Treg,full_core,32,LTB,False,False,False,False
CD4,CD4.c20.Treg.TNFRSF9,CD4_Treg,full_core,33,SOD1,False,False,False,False
CD4,CD4.c20.Treg.TNFRSF9,CD4_Treg,full_core,34,PARK7,False,False,False,False
CD4,CD4.c20.Treg.TNFRSF9,CD4_Treg,full_core,35,MRPS6,False,False,False,False
CD4,CD4.c20.Treg.TNFRSF9,CD4_Treg,full_core,36,CORO1B,False,False,False,False
CD4,CD4.c20.Treg.TNFRSF9,CD4_Treg,full_core,37,S100A4,False,False,False,False
CD4,CD4.c20.Treg.TNFRSF9,CD4_Treg,full_core,38,PHLDA1,False,False,False,False
CD4,CD4.c20.Treg.TNFRSF9,CD4_Treg,full_core,39,GK,False,False,False,False
CD4,CD4.c20.Treg.TNFRSF9,CD4_Treg,full_core,40,AC145110.1,False,False,False,False
CD4,CD4.c20.Treg.TNFRSF9,CD4_Treg,full_core,41,CACYBP,False,False,False,False
CD4,CD4.c20.Treg.TNFRSF9,CD4_Treg,full_core,42,RTKN2,False,False,False,False
CD4,CD4.c20.Treg.TNFRSF9,CD4_Treg,full_core,43,ARPC1B,False,False,False,False
CD4,CD4.c20.Treg.TNFRSF9,CD4_Treg,full_core,44,CXCR6,False,False,False,False
CD4,CD4.c20.Treg.TNFRSF9,CD4_Treg,full_core,45,HPGD,False,False,False,False
CD4,CD4.c20.Treg.TNFRSF9,CD4_Treg,full_core,46,ENTPD1,False,False,False,False
CD4,CD4.c20.Treg.TNFRSF9,CD4_Treg,full_core,47,GCNT1,False,False,False,False
CD4,CD4.c20.Treg.TNFRSF9,CD4_Treg,full_core,48,PPM1G,False,False,False,False
CD4,CD4.c20.Treg.TNFRSF9,CD4_Treg,full_core,49,CALM3,False,False,False,False
CD4,CD4.c20.Treg.TNFRSF9,CD4_Treg,full_core,50,CUL9,False,False,False,False
CD4,CD4.c21.Treg.OAS1,CD4_Treg,standard,1,FOXP3,False,False,False,True
CD4,CD4.c21.Treg.OAS1,CD4_Treg,standard,2,ISG15,False,False,False,False
CD4,CD4.c21.Treg.OAS1,CD4_Treg,standard,3,IFI6,False,False,False,False
CD4,CD4.c21.Treg.OAS1,CD4_Treg,standard,4,SAT1,False,False,False,False
CD4,CD4.c21.Treg.OAS1,CD4_Treg,standard,5,CARD16,False,False,False,False
CD4,CD4.c21.Treg.OAS1,CD4_Treg,standard,6,MX1,False,False,False,False
CD4,CD4.c21.Treg.OAS1,CD4_Treg,standard,7,IL32,False,True,True,False
CD4,CD4.c21.Treg.OAS1,CD4_Treg,standard,8,LY6E,False,False,False,False
CD4,CD4.c21.Treg.OAS1,CD4_Treg,standard,9,OAS1,False,False,False,False
CD4,CD4.c21.Treg.OAS1,CD4_Treg,standard,10,BATF,False,False,False,True
CD4,CD4.c21.Treg.OAS1,CD4_Treg,standard,11,GBP5,False,False,False,False
CD4,CD4.c21.Treg.OAS1,CD4_Treg,standard,12,EPSTI1,False,False,False,False
CD4,CD4.c21.Treg.OAS1,CD4_Treg,standard,13,TNFRSF18,False,False,False,False
CD4,CD4.c21.Treg.OAS1,CD4_Treg,standard,14,CD27,False,False,False,False
CD4,CD4.c21.Treg.OAS1,CD4_Treg,standard,15,STAT1,False,False,False,False
CD4,CD4.c21.Treg.OAS1,CD4_Treg,standard,16,TNFRSF4,False,False,False,False
CD4,CD4.c21.Treg.OAS1,CD4_Treg,standard,17,CD7,False,False,False,False
CD4,CD4.c21.Treg.OAS1,CD4_Treg,standard,18,IL2RA,False,False,False,True
CD4,CD4.c21.Treg.OAS1,CD4_Treg,standard,19,BST2,False,False,False,False
CD4,CD4.c21.Treg.OAS1,CD4_Treg,standard,20,TIGIT,False,False,False,True
CD4,CD4.c21.Treg.OAS1,CD4_Treg,standard,21,HLA-A,True,True,False,False
CD4,CD4.c21.Treg.OAS1,CD4_Treg,standard,22,MIR4435-2HG,False,False,False,False
CD4,CD4.c21.Treg.OAS1,CD4_Treg,standard,23,GBP2,False,False,False,False
CD4,CD4.c21.Treg.OAS1,CD4_Treg,standard,24,PSMB9,False,False,False,False
CD4,CD4.c21.Treg.OAS1,CD4_Treg,standard,25,RNF213,False,False,False,False
CD4,CD4.c21.Treg.OAS1,CD4_Treg,standard,26,CTLA4,False,False,False,True
CD4,CD4.c21.Treg.OAS1,CD4_Treg,standard,27,ISG20,False,False,False,False
CD4,CD4.c21.Treg.OAS1,CD4_Treg,standard,28,XAF1,False,False,False,False
CD4,CD4.c21.Treg.OAS1,CD4_Treg,standard,29,AC133644.2,False,False,False,False
CD4,CD4.c21.Treg.OAS1,CD4_Treg,standard,30,ACP5,False,False,False,False
CD4,CD4.c21.Treg.OAS1,CD4_Treg,standard,31,CTSC,False,False,False,False
CD4,CD4.c21.Treg.OAS1,CD4_Treg,standard,32,IFI35,False,False,False,False
CD4,CD4.c21.Treg.OAS1,CD4_Treg,standard,33,UBE2L6,False,False,False,False
CD4,CD4.c21.Treg.OAS1,CD4_Treg,standard,34,HERC5,False,False,False,False
CD4,CD4.c21.Treg.OAS1,CD4_Treg,standard,35,HSPA1A,True,True,False,False
CD4,CD4.c21.Treg.OAS1,CD4_Treg,standard,36,DNPH1,False,False,False,False
CD4,CD4.c21.Treg.OAS1,CD4_Treg,standard,37,B2M,False,True,True,False
CD4,CD4.c21.Treg.OAS1,CD4_Treg,standard,38,PIM2,False,False,False,False
CD4,CD4.c21.Treg.OAS1,CD4_Treg,standard,39,COX5A,False,False,False,False
CD4,CD4.c21.Treg.OAS1,CD4_Treg,standard,40,EIF2AK2,True,True,False,False
CD4,CD4.c21.Treg.OAS1,CD4_Treg,standard,41,IL1R2,False,False,False,False
CD4,CD4.c21.Treg.OAS1,CD4_Treg,standard,42,CD74,False,False,False,False
CD4,CD4.c21.Treg.OAS1,CD4_Treg,standard,43,SOD1,False,False,False,False
CD4,CD4.c21.Treg.OAS1,CD4_Treg,standard,44,CACYBP,False,False,False,False
CD4,CD4.c21.Treg.OAS1,CD4_Treg,standard,45,IL2RG,False,False,False,False
CD4,CD4.c21.Treg.OAS1,CD4_Treg,standard,46,IFI44L,False,False,False,False
CD4,CD4.c21.Treg.OAS1,CD4_Treg,standard,47,SP100,False,False,False,False
CD4,CD4.c21.Treg.OAS1,CD4_Treg,standard,48,CALM3,False,False,False,False
CD4,CD4.c21.Treg.OAS1,CD4_Treg,standard,49,CCR8,False,False,False,False
CD4,CD4.c21.Treg.OAS1,CD4_Treg,standard,50,HSPA1B,True,True,False,False
CD4,CD4.c21.Treg.OAS1,CD4_Treg,filter_only,1,FOXP3,False,False,False,True
CD4,CD4.c21.Treg.OAS1,CD4_Treg,filter_only,2,ISG15,False,False,False,False
CD4,CD4.c21.Treg.OAS1,CD4_Treg,filter_only,3,IFI6,False,False,False,False
CD4,CD4.c21.Treg.OAS1,CD4_Treg,filter_only,4,SAT1,False,False,False,False
CD4,CD4.c21.Treg.OAS1,CD4_Treg,filter_only,5,CARD16,False,False,False,False
CD4,CD4.c21.Treg.OAS1,CD4_Treg,filter_only,6,MX1,False,False,False,False
CD4,CD4.c21.Treg.OAS1,CD4_Treg,filter_only,7,LY6E,False,False,False,False
CD4,CD4.c21.Treg.OAS1,CD4_Treg,filter_only,8,OAS1,False,False,False,False
CD4,CD4.c21.Treg.OAS1,CD4_Treg,filter_only,9,BATF,False,False,False,True
CD4,CD4.c21.Treg.OAS1,CD4_Treg,filter_only,10,GBP5,False,False,False,False
CD4,CD4.c21.Treg.OAS1,CD4_Treg,filter_only,11,EPSTI1,False,False,False,False
CD4,CD4.c21.Treg.OAS1,CD4_Treg,filter_only,12,TNFRSF18,False,False,False,False
CD4,CD4.c21.Treg.OAS1,CD4_Treg,filter_only,13,CD27,False,False,False,False
CD4,CD4.c21.Treg.OAS1,CD4_Treg,filter_only,14,STAT1,False,False,False,False
CD4,CD4.c21.Treg.OAS1,CD4_Treg,filter_only,15,TNFRSF4,False,False,False,False
CD4,CD4.c21.Treg.OAS1,CD4_Treg,filter_only,16,CD7,False,False,False,False
CD4,CD4.c21.Treg.OAS1,CD4_Treg,filter_only,17,IL2RA,False,False,False,True
CD4,CD4.c21.Treg.OAS1,CD4_Treg,filter_only,18,BST2,False,False,False,False
CD4,CD4.c21.Treg.OAS1,CD4_Treg,filter_only,19,TIGIT,False,False,False,True
CD4,CD4.c21.Treg.OAS1,CD4_Treg,filter_only,20,MIR4435-2HG,False,False,False,False
CD4,CD4.c21.Treg.OAS1,CD4_Treg,filter_only,21,GBP2,False,False,False,False
CD4,CD4.c21.Treg.OAS1,CD4_Treg,filter_only,22,PSMB9,False,False,False,False
CD4,CD4.c21.Treg.OAS1,CD4_Treg,filter_only,23,RNF213,False,False,False,False
CD4,CD4.c21.Treg.OAS1,CD4_Treg,filter_only,24,CTLA4,False,False,False,True
CD4,CD4.c21.Treg.OAS1,CD4_Treg,filter_only,25,ISG20,False,False,False,False
CD4,CD4.c21.Treg.OAS1,CD4_Treg,filter_only,26,XAF1,False,False,False,False
CD4,CD4.c21.Treg.OAS1,CD4_Treg,filter_only,27,AC133644.2,False,False,False,False
CD4,CD4.c21.Treg.OAS1,CD4_Treg,filter_only,28,ACP5,False,False,False,False
CD4,CD4.c21.Treg.OAS1,CD4_Treg,filter_only,29,CTSC,False,False,False,False
CD4,CD4.c21.Treg.OAS1,CD4_Treg,filter_only,30,IFI35,False,False,False,False
CD4,CD4.c21.Treg.OAS1,CD4_Treg,filter_only,31,UBE2L6,False,False,False,False
CD4,CD4.c21.Treg.OAS1,CD4_Treg,filter_only,32,HERC5,False,False,False,False
CD4,CD4.c21.Treg.OAS1,CD4_Treg,filter_only,33,HSPA1A,True,True,False,False
CD4,CD4.c21.Treg.OAS1,CD4_Treg,filter_only,34,DNPH1,False,False,False,False
CD4,CD4.c21.Treg.OAS1,CD4_Treg,filter_only,35,PIM2,False,False,False,False
CD4,CD4.c21.Treg.OAS1,CD4_Treg,filter_only,36,COX5A,False,False,False,False
CD4,CD4.c21.Treg.OAS1,CD4_Treg,filter_only,37,EIF2AK2,True,True,False,False
CD4,CD4.c21.Treg.OAS1,CD4_Treg,filter_only,38,IL1R2,False,False,False,False
CD4,CD4.c21.Treg.OAS1,CD4_Treg,filter_only,39,CD74,False,False,False,False
CD4,CD4.c21.Treg.OAS1,CD4_Treg,filter_only,40,SOD1,False,False,False,False
CD4,CD4.c21.Treg.OAS1,CD4_Treg,filter_only,41,CACYBP,False,False,False,False
CD4,CD4.c21.Treg.OAS1,CD4_Treg,filter_only,42,IL2RG,False,False,False,False
CD4,CD4.c21.Treg.OAS1,CD4_Treg,filter_only,43,IFI44L,False,False,False,False
CD4,CD4.c21.Treg.OAS1,CD4_Treg,filter_only,44,SP100,False,False,False,False
CD4,CD4.c21.Treg.OAS1,CD4_Treg,filter_only,45,CALM3,False,False,False,False
CD4,CD4.c21.Treg.OAS1,CD4_Treg,filter_only,46,CCR8,False,False,False,False
CD4,CD4.c21.Treg.OAS1,CD4_Treg,filter_only,47,HSPA1B,True,True,False,False
CD4,CD4.c21.Treg.OAS1,CD4_Treg,filter_only,48,IKZF2,False,False,False,True
CD4,CD4.c21.Treg.OAS1,CD4_Treg,filter_only,49,SAMD9L,False,False,False,False
CD4,CD4.c21.Treg.OAS1,CD4_Treg,filter_only,50,SYNGR2,False,False,False,False
CD4,CD4.c21.Treg.OAS1,CD4_Treg,regex_mask,1,FOXP3,False,False,False,True
CD4,CD4.c21.Treg.OAS1,CD4_Treg,regex_mask,2,ISG15,False,False,False,False
CD4,CD4.c21.Treg.OAS1,CD4_Treg,regex_mask,3,IFI6,False,False,False,False
CD4,CD4.c21.Treg.OAS1,CD4_Treg,regex_mask,4,SAT1,False,False,False,False
CD4,CD4.c21.Treg.OAS1,CD4_Treg,regex_mask,5,CARD16,False,False,False,False
CD4,CD4.c21.Treg.OAS1,CD4_Treg,regex_mask,6,MX1,False,False,False,False
CD4,CD4.c21.Treg.OAS1,CD4_Treg,regex_mask,7,LY6E,False,False,False,False
CD4,CD4.c21.Treg.OAS1,CD4_Treg,regex_mask,8,OAS1,False,False,False,False
CD4,CD4.c21.Treg.OAS1,CD4_Treg,regex_mask,9,BATF,False,False,False,True
CD4,CD4.c21.Treg.OAS1,CD4_Treg,regex_mask,10,GBP5,False,False,False,False
CD4,CD4.c21.Treg.OAS1,CD4_Treg,regex_mask,11,EPSTI1,False,False,False,False
CD4,CD4.c21.Treg.OAS1,CD4_Treg,regex_mask,12,TNFRSF18,False,False,False,False
CD4,CD4.c21.Treg.OAS1,CD4_Treg,regex_mask,13,CD27,False,False,False,False
CD4,CD4.c21.Treg.OAS1,CD4_Treg,regex_mask,14,STAT1,False,False,False,False
CD4,CD4.c21.Treg.OAS1,CD4_Treg,regex_mask,15,TNFRSF4,False,False,False,False
CD4,CD4.c21.Treg.OAS1,CD4_Treg,regex_mask,16,CD7,False,False,False,False
CD4,CD4.c21.Treg.OAS1,CD4_Treg,regex_mask,17,IL2RA,False,False,False,True
CD4,CD4.c21.Treg.OAS1,CD4_Treg,regex_mask,18,BST2,False,False,False,False
CD4,CD4.c21.Treg.OAS1,CD4_Treg,regex_mask,19,TIGIT,False,False,False,True
CD4,CD4.c21.Treg.OAS1,CD4_Treg,regex_mask,20,MIR4435-2HG,False,False,False,False
CD4,CD4.c21.Treg.OAS1,CD4_Treg,regex_mask,21,GBP2,False,False,False,False
CD4,CD4.c21.Treg.OAS1,CD4_Treg,regex_mask,22,PSMB9,False,False,False,False
CD4,CD4.c21.Treg.OAS1,CD4_Treg,regex_mask,23,RNF213,False,False,False,False
CD4,CD4.c21.Treg.OAS1,CD4_Treg,regex_mask,24,CTLA4,False,False,False,True
CD4,CD4.c21.Treg.OAS1,CD4_Treg,regex_mask,25,ISG20,False,False,False,False
CD4,CD4.c21.Treg.OAS1,CD4_Treg,regex_mask,26,XAF1,False,False,False,False
CD4,CD4.c21.Treg.OAS1,CD4_Treg,regex_mask,27,AC133644.2,False,False,False,False
CD4,CD4.c21.Treg.OAS1,CD4_Treg,regex_mask,28,ACP5,False,False,False,False
CD4,CD4.c21.Treg.OAS1,CD4_Treg,regex_mask,29,CTSC,False,False,False,False
CD4,CD4.c21.Treg.OAS1,CD4_Treg,regex_mask,30,IFI35,False,False,False,False
CD4,CD4.c21.Treg.OAS1,CD4_Treg,regex_mask,31,UBE2L6,False,False,False,False
CD4,CD4.c21.Treg.OAS1,CD4_Treg,regex_mask,32,HERC5,False,False,False,False
CD4,CD4.c21.Treg.OAS1,CD4_Treg,regex_mask,33,DNPH1,False,False,False,False
CD4,CD4.c21.Treg.OAS1,CD4_Treg,regex_mask,34,PIM2,False,False,False,False
CD4,CD4.c21.Treg.OAS1,CD4_Treg,regex_mask,35,COX5A,False,False,False,False
CD4,CD4.c21.Treg.OAS1,CD4_Treg,regex_mask,36,IL1R2,False,False,False,False
CD4,CD4.c21.Treg.OAS1,CD4_Treg,regex_mask,37,CD74,False,False,False,False
CD4,CD4.c21.Treg.OAS1,CD4_Treg,regex_mask,38,SOD1,False,False,False,False
CD4,CD4.c21.Treg.OAS1,CD4_Treg,regex_mask,39,CACYBP,False,False,False,False
CD4,CD4.c21.Treg.OAS1,CD4_Treg,regex_mask,40,IL2RG,False,False,False,False
CD4,CD4.c21.Treg.OAS1,CD4_Treg,regex_mask,41,IFI44L,False,False,False,False
CD4,CD4.c21.Treg.OAS1,CD4_Treg,regex_mask,42,SP100,False,False,False,False
CD4,CD4.c21.Treg.OAS1,CD4_Treg,regex_mask,43,CALM3,False,False,False,False
CD4,CD4.c21.Treg.OAS1,CD4_Treg,regex_mask,44,CCR8,False,False,False,False
CD4,CD4.c21.Treg.OAS1,CD4_Treg,regex_mask,45,IKZF2,False,False,False,True
CD4,CD4.c21.Treg.OAS1,CD4_Treg,regex_mask,46,SAMD9L,False,False,False,False
CD4,CD4.c21.Treg.OAS1,CD4_Treg,regex_mask,47,SYNGR2,False,False,False,False
CD4,CD4.c21.Treg.OAS1,CD4_Treg,regex_mask,48,PSMB8,False,False,False,False
CD4,CD4.c21.Treg.OAS1,CD4_Treg,regex_mask,49,BIRC3,False,False,False,False
CD4,CD4.c21.Treg.OAS1,CD4_Treg,regex_mask,50,TNFRSF1B,False,False,False,False
CD4,CD4.c21.Treg.OAS1,CD4_Treg,full_core,1,FOXP3,False,False,False,True
CD4,CD4.c21.Treg.OAS1,CD4_Treg,full_core,2,ISG15,False,False,False,False
CD4,CD4.c21.Treg.OAS1,CD4_Treg,full_core,3,IFI6,False,False,False,False
CD4,CD4.c21.Treg.OAS1,CD4_Treg,full_core,4,SAT1,False,False,False,False
CD4,CD4.c21.Treg.OAS1,CD4_Treg,full_core,5,MX1,False,False,False,False
CD4,CD4.c21.Treg.OAS1,CD4_Treg,full_core,6,OAS1,False,False,False,False
CD4,CD4.c21.Treg.OAS1,CD4_Treg,full_core,7,BATF,False,False,False,True
CD4,CD4.c21.Treg.OAS1,CD4_Treg,full_core,8,TNFRSF18,False,False,False,False
CD4,CD4.c21.Treg.OAS1,CD4_Treg,full_core,9,CD27,False,False,False,False
CD4,CD4.c21.Treg.OAS1,CD4_Treg,full_core,10,STAT1,False,False,False,False
CD4,CD4.c21.Treg.OAS1,CD4_Treg,full_core,11,TNFRSF4,False,False,False,False
CD4,CD4.c21.Treg.OAS1,CD4_Treg,full_core,12,CD7,False,False,False,False
CD4,CD4.c21.Treg.OAS1,CD4_Treg,full_core,13,IL2RA,False,False,False,True
CD4,CD4.c21.Treg.OAS1,CD4_Treg,full_core,14,BST2,False,False,False,False
CD4,CD4.c21.Treg.OAS1,CD4_Treg,full_core,15,TIGIT,False,False,False,True
CD4,CD4.c21.Treg.OAS1,CD4_Treg,full_core,16,MIR4435-2HG,False,False,False,False
CD4,CD4.c21.Treg.OAS1,CD4_Treg,full_core,17,CTLA4,False,False,False,True
CD4,CD4.c21.Treg.OAS1,CD4_Treg,full_core,18,AC133644.2,False,False,False,False
CD4,CD4.c21.Treg.OAS1,CD4_Treg,full_core,19,ACP5,False,False,False,False
CD4,CD4.c21.Treg.OAS1,CD4_Treg,full_core,20,HERC5,False,False,False,False
CD4,CD4.c21.Treg.OAS1,CD4_Treg,full_core,21,DNPH1,False,False,False,False
CD4,CD4.c21.Treg.OAS1,CD4_Treg,full_core,22,COX5A,False,False,False,False
CD4,CD4.c21.Treg.OAS1,CD4_Treg,full_core,23,IL1R2,False,False,False,False
CD4,CD4.c21.Treg.OAS1,CD4_Treg,full_core,24,CD74,False,False,False,False
CD4,CD4.c21.Treg.OAS1,CD4_Treg,full_core,25,SOD1,False,False,False,False
CD4,CD4.c21.Treg.OAS1,CD4_Treg,full_core,26,CACYBP,False,False,False,False
CD4,CD4.c21.Treg.OAS1,CD4_Treg,full_core,27,IFI44L,False,False,False,False
CD4,CD4.c21.Treg.OAS1,CD4_Treg,full_core,28,CALM3,False,False,False,False
CD4,CD4.c21.Treg.OAS1,CD4_Treg,full_core,29,CCR8,False,False,False,False
CD4,CD4.c21.Treg.OAS1,CD4_Treg,full_core,30,IKZF2,False,False,False,True
CD4,CD4.c21.Treg.OAS1,CD4_Treg,full_core,31,SYNGR2,False,False,False,False
CD4,CD4.c21.Treg.OAS1,CD4_Treg,full_core,32,PSMB8,False,False,False,False
CD4,CD4.c21.Treg.OAS1,CD4_Treg,full_core,33,TYMP,False,False,False,False
CD4,CD4.c21.Treg.OAS1,CD4_Treg,full_core,34,SELL,False,False,False,False
CD4,CD4.c21.Treg.OAS1,CD4_Treg,full_core,35,OASL,False,False,False,False
CD4,CD4.c21.Treg.OAS1,CD4_Treg,full_core,36,LAYN,False,False,False,False
CD4,CD4.c21.Treg.OAS1,CD4_Treg,full_core,37,TNFRSF9,False,False,False,False
CD4,CD4.c21.Treg.OAS1,CD4_Treg,full_core,38,HTATIP2,False,False,False,False
CD4,CD4.c21.Treg.OAS1,CD4_Treg,full_core,39,GLRX,False,False,False,False
CD4,CD4.c21.Treg.OAS1,CD4_Treg,full_core,40,LAP3,False,False,False,False
CD4,CD4.c21.Treg.OAS1,CD4_Treg,full_core,41,LAIR2,False,False,False,False
CD4,CD4.c21.Treg.OAS1,CD4_Treg,full_core,42,DNAJB4,False,False,False,False
CD4,CD4.c21.Treg.OAS1,CD4_Treg,full_core,43,LTB,False,False,False,False
CD4,CD4.c21.Treg.OAS1,CD4_Treg,full_core,44,GCNT1,False,False,False,False
CD4,CD4.c21.Treg.OAS1,CD4_Treg,full_core,45,RTKN2,False,False,False,False
CD4,CD4.c21.Treg.OAS1,CD4_Treg,full_core,46,USP18,False,False,False,False
CD4,CD4.c21.Treg.OAS1,CD4_Treg,full_core,47,MAGEH1,False,False,False,False
CD4,CD4.c21.Treg.OAS1,CD4_Treg,full_core,48,GK,False,False,False,False
CD4,CD4.c21.Treg.OAS1,CD4_Treg,full_core,49,PARK7,False,False,False,False
CD4,CD4.c21.Treg.OAS1,CD4_Treg,full_core,50,AC017002.1,False,False,False,False
CD4,CD4.c22.ISG.IFIT1,CD4_ISG,standard,1,IFITM1,False,False,False,False
CD4,CD4.c22.ISG.IFIT1,CD4_ISG,standard,2,ISG15,False,False,False,True
CD4,CD4.c22.ISG.IFIT1,CD4_ISG,standard,3,MX1,False,False,False,True
CD4,CD4.c22.ISG.IFIT1,CD4_ISG,standard,4,IFI6,False,False,False,True
CD4,CD4.c22.ISG.IFIT1,CD4_ISG,standard,5,LY6E,False,False,False,False
CD4,CD4.c22.ISG.IFIT1,CD4_ISG,standard,6,STAT1,False,False,False,True
CD4,CD4.c22.ISG.IFIT1,CD4_ISG,standard,7,IRF7,False,False,False,False
CD4,CD4.c22.ISG.IFIT1,CD4_ISG,standard,8,MX2,False,False,False,False
CD4,CD4.c22.ISG.IFIT1,CD4_ISG,standard,9,ISG20,False,False,False,False
CD4,CD4.c22.ISG.IFIT1,CD4_ISG,standard,10,EIF2AK2,True,True,False,False
CD4,CD4.c22.ISG.IFIT1,CD4_ISG,standard,11,XAF1,False,False,False,False
CD4,CD4.c22.ISG.IFIT1,CD4_ISG,standard,12,IFI44L,False,False,False,False
CD4,CD4.c22.ISG.IFIT1,CD4_ISG,standard,13,EPSTI1,False,False,False,False
CD4,CD4.c22.ISG.IFIT1,CD4_ISG,standard,14,TRIM22,False,False,False,False
CD4,CD4.c22.ISG.IFIT1,CD4_ISG,standard,15,UBE2L6,False,False,False,False
CD4,CD4.c22.ISG.IFIT1,CD4_ISG,standard,16,OAS1,False,False,False,True
CD4,CD4.c22.ISG.IFIT1,CD4_ISG,standard,17,RNF213,False,False,False,False
CD4,CD4.c22.ISG.IFIT1,CD4_ISG,standard,18,PLSCR1,False,False,False,False
CD4,CD4.c22.ISG.IFIT1,CD4_ISG,standard,19,IFI44,False,False,False,False
CD4,CD4.c22.ISG.IFIT1,CD4_ISG,standard,20,IFIT1,False,False,False,True
CD4,CD4.c22.ISG.IFIT1,CD4_ISG,standard,21,IFI35,False,False,False,False
CD4,CD4.c22.ISG.IFIT1,CD4_ISG,standard,22,RSAD2,False,False,False,False
CD4,CD4.c22.ISG.IFIT1,CD4_ISG,standard,23,HERC5,False,False,False,False
CD4,CD4.c22.ISG.IFIT1,CD4_ISG,standard,24,CMPK2,False,False,False,False
CD4,CD4.c22.ISG.IFIT1,CD4_ISG,standard,25,IFIT3,False,False,False,False
CD4,CD4.c22.ISG.IFIT1,CD4_ISG,standard,26,SAMD9L,False,False,False,False
CD4,CD4.c22.ISG.IFIT1,CD4_ISG,standard,27,OAS3,False,False,False,False
CD4,CD4.c22.ISG.IFIT1,CD4_ISG,standard,28,MT2A,False,False,False,False
CD4,CD4.c22.ISG.IFIT1,CD4_ISG,standard,29,PSMB9,False,False,False,False
CD4,CD4.c22.ISG.IFIT1,CD4_ISG,standard,30,DRAP1,False,False,False,False
CD4,CD4.c22.ISG.IFIT1,CD4_ISG,standard,31,LGALS9,False,False,False,False
CD4,CD4.c22.ISG.IFIT1,CD4_ISG,standard,32,SP100,False,False,False,False
CD4,CD4.c22.ISG.IFIT1,CD4_ISG,standard,33,BST2,False,False,False,False
CD4,CD4.c22.ISG.IFIT1,CD4_ISG,standard,34,PARP9,False,False,False,False
CD4,CD4.c22.ISG.IFIT1,CD4_ISG,standard,35,DDX60L,False,False,False,False
CD4,CD4.c22.ISG.IFIT1,CD4_ISG,standard,36,SP110,False,False,False,False
CD4,CD4.c22.ISG.IFIT1,CD4_ISG,standard,37,IFITM2,False,False,False,False
CD4,CD4.c22.ISG.IFIT1,CD4_ISG,standard,38,IFI16,False,False,False,False
CD4,CD4.c22.ISG.IFIT1,CD4_ISG,standard,39,TMEM123,False,False,False,False
CD4,CD4.c22.ISG.IFIT1,CD4_ISG,standard,40,PARP14,False,False,False,False
CD4,CD4.c22.ISG.IFIT1,CD4_ISG,standard,41,SAMD9,False,False,False,False
CD4,CD4.c22.ISG.IFIT1,CD4_ISG,standard,42,OAS2,False,False,False,False
CD4,CD4.c22.ISG.IFIT1,CD4_ISG,standard,43,SMCHD1,False,False,False,False
CD4,CD4.c22.ISG.IFIT1,CD4_ISG,standard,44,OASL,False,False,False,False
CD4,CD4.c22.ISG.IFIT1,CD4_ISG,standard,45,NT5C3A,False,False,False,False
CD4,CD4.c22.ISG.IFIT1,CD4_ISG,standard,46,C5orf56,False,False,False,False
CD4,CD4.c22.ISG.IFIT1,CD4_ISG,standard,47,USP18,False,False,False,False
CD4,CD4.c22.ISG.IFIT1,CD4_ISG,standard,48,STAT2,False,False,False,False
CD4,CD4.c22.ISG.IFIT1,CD4_ISG,standard,49,C19orf66,False,False,False,False
CD4,CD4.c22.ISG.IFIT1,CD4_ISG,standard,50,GBP1,False,False,False,False
CD4,CD4.c22.ISG.IFIT1,CD4_ISG,filter_only,1,IFITM1,False,False,False,False
CD4,CD4.c22.ISG.IFIT1,CD4_ISG,filter_only,2,ISG15,False,False,False,True
CD4,CD4.c22.ISG.IFIT1,CD4_ISG,filter_only,3,MX1,False,False,False,True
CD4,CD4.c22.ISG.IFIT1,CD4_ISG,filter_only,4,IFI6,False,False,False,True
CD4,CD4.c22.ISG.IFIT1,CD4_ISG,filter_only,5,LY6E,False,False,False,False
CD4,CD4.c22.ISG.IFIT1,CD4_ISG,filter_only,6,STAT1,False,False,False,True
CD4,CD4.c22.ISG.IFIT1,CD4_ISG,filter_only,7,IRF7,False,False,False,False
CD4,CD4.c22.ISG.IFIT1,CD4_ISG,filter_only,8,MX2,False,False,False,False
CD4,CD4.c22.ISG.IFIT1,CD4_ISG,filter_only,9,ISG20,False,False,False,False
CD4,CD4.c22.ISG.IFIT1,CD4_ISG,filter_only,10,EIF2AK2,True,True,False,False
CD4,CD4.c22.ISG.IFIT1,CD4_ISG,filter_only,11,XAF1,False,False,False,False
CD4,CD4.c22.ISG.IFIT1,CD4_ISG,filter_only,12,IFI44L,False,False,False,False
CD4,CD4.c22.ISG.IFIT1,CD4_ISG,filter_only,13,EPSTI1,False,False,False,False
CD4,CD4.c22.ISG.IFIT1,CD4_ISG,filter_only,14,TRIM22,False,False,False,False
CD4,CD4.c22.ISG.IFIT1,CD4_ISG,filter_only,15,UBE2L6,False,False,False,False
CD4,CD4.c22.ISG.IFIT1,CD4_ISG,filter_only,16,OAS1,False,False,False,True
CD4,CD4.c22.ISG.IFIT1,CD4_ISG,filter_only,17,RNF213,False,False,False,False
CD4,CD4.c22.ISG.IFIT1,CD4_ISG,filter_only,18,PLSCR1,False,False,False,False
CD4,CD4.c22.ISG.IFIT1,CD4_ISG,filter_only,19,IFI44,False,False,False,False
CD4,CD4.c22.ISG.IFIT1,CD4_ISG,filter_only,20,IFIT1,False,False,False,True
CD4,CD4.c22.ISG.IFIT1,CD4_ISG,filter_only,21,IFI35,False,False,False,False
CD4,CD4.c22.ISG.IFIT1,CD4_ISG,filter_only,22,RSAD2,False,False,False,False
CD4,CD4.c22.ISG.IFIT1,CD4_ISG,filter_only,23,HERC5,False,False,False,False
CD4,CD4.c22.ISG.IFIT1,CD4_ISG,filter_only,24,CMPK2,False,False,False,False
CD4,CD4.c22.ISG.IFIT1,CD4_ISG,filter_only,25,IFIT3,False,False,False,False
CD4,CD4.c22.ISG.IFIT1,CD4_ISG,filter_only,26,SAMD9L,False,False,False,False
CD4,CD4.c22.ISG.IFIT1,CD4_ISG,filter_only,27,OAS3,False,False,False,False
CD4,CD4.c22.ISG.IFIT1,CD4_ISG,filter_only,28,MT2A,False,False,False,False
CD4,CD4.c22.ISG.IFIT1,CD4_ISG,filter_only,29,PSMB9,False,False,False,False
CD4,CD4.c22.ISG.IFIT1,CD4_ISG,filter_only,30,DRAP1,False,False,False,False
CD4,CD4.c22.ISG.IFIT1,CD4_ISG,filter_only,31,LGALS9,False,False,False,False
CD4,CD4.c22.ISG.IFIT1,CD4_ISG,filter_only,32,SP100,False,False,False,False
CD4,CD4.c22.ISG.IFIT1,CD4_ISG,filter_only,33,BST2,False,False,False,False
CD4,CD4.c22.ISG.IFIT1,CD4_ISG,filter_only,34,PARP9,False,False,False,False
CD4,CD4.c22.ISG.IFIT1,CD4_ISG,filter_only,35,DDX60L,False,False,False,False
CD4,CD4.c22.ISG.IFIT1,CD4_ISG,filter_only,36,SP110,False,False,False,False
CD4,CD4.c22.ISG.IFIT1,CD4_ISG,filter_only,37,IFITM2,False,False,False,False
CD4,CD4.c22.ISG.IFIT1,CD4_ISG,filter_only,38,IFI16,False,False,False,False
CD4,CD4.c22.ISG.IFIT1,CD4_ISG,filter_only,39,TMEM123,False,False,False,False
CD4,CD4.c22.ISG.IFIT1,CD4_ISG,filter_only,40,PARP14,False,False,False,False
CD4,CD4.c22.ISG.IFIT1,CD4_ISG,filter_only,41,SAMD9,False,False,False,False
CD4,CD4.c22.ISG.IFIT1,CD4_ISG,filter_only,42,OAS2,False,False,False,False
CD4,CD4.c22.ISG.IFIT1,CD4_ISG,filter_only,43,SMCHD1,False,False,False,False
CD4,CD4.c22.ISG.IFIT1,CD4_ISG,filter_only,44,OASL,False,False,False,False
CD4,CD4.c22.ISG.IFIT1,CD4_ISG,filter_only,45,NT5C3A,False,False,False,False
CD4,CD4.c22.ISG.IFIT1,CD4_ISG,filter_only,46,C5orf56,False,False,False,False
CD4,CD4.c22.ISG.IFIT1,CD4_ISG,filter_only,47,USP18,False,False,False,False
CD4,CD4.c22.ISG.IFIT1,CD4_ISG,filter_only,48,STAT2,False,False,False,False
CD4,CD4.c22.ISG.IFIT1,CD4_ISG,filter_only,49,C19orf66,False,False,False,False
CD4,CD4.c22.ISG.IFIT1,CD4_ISG,filter_only,50,GBP1,False,False,False,False
CD4,CD4.c22.ISG.IFIT1,CD4_ISG,regex_mask,1,IFITM1,False,False,False,False
CD4,CD4.c22.ISG.IFIT1,CD4_ISG,regex_mask,2,ISG15,False,False,False,True
CD4,CD4.c22.ISG.IFIT1,CD4_ISG,regex_mask,3,MX1,False,False,False,True
CD4,CD4.c22.ISG.IFIT1,CD4_ISG,regex_mask,4,IFI6,False,False,False,True
CD4,CD4.c22.ISG.IFIT1,CD4_ISG,regex_mask,5,LY6E,False,False,False,False
CD4,CD4.c22.ISG.IFIT1,CD4_ISG,regex_mask,6,STAT1,False,False,False,True
CD4,CD4.c22.ISG.IFIT1,CD4_ISG,regex_mask,7,IRF7,False,False,False,False
CD4,CD4.c22.ISG.IFIT1,CD4_ISG,regex_mask,8,MX2,False,False,False,False
CD4,CD4.c22.ISG.IFIT1,CD4_ISG,regex_mask,9,ISG20,False,False,False,False
CD4,CD4.c22.ISG.IFIT1,CD4_ISG,regex_mask,10,XAF1,False,False,False,False
CD4,CD4.c22.ISG.IFIT1,CD4_ISG,regex_mask,11,IFI44L,False,False,False,False
CD4,CD4.c22.ISG.IFIT1,CD4_ISG,regex_mask,12,EPSTI1,False,False,False,False
CD4,CD4.c22.ISG.IFIT1,CD4_ISG,regex_mask,13,TRIM22,False,False,False,False
CD4,CD4.c22.ISG.IFIT1,CD4_ISG,regex_mask,14,UBE2L6,False,False,False,False
CD4,CD4.c22.ISG.IFIT1,CD4_ISG,regex_mask,15,OAS1,False,False,False,True
CD4,CD4.c22.ISG.IFIT1,CD4_ISG,regex_mask,16,RNF213,False,False,False,False
CD4,CD4.c22.ISG.IFIT1,CD4_ISG,regex_mask,17,PLSCR1,False,False,False,False
CD4,CD4.c22.ISG.IFIT1,CD4_ISG,regex_mask,18,IFI44,False,False,False,False
CD4,CD4.c22.ISG.IFIT1,CD4_ISG,regex_mask,19,IFIT1,False,False,False,True
CD4,CD4.c22.ISG.IFIT1,CD4_ISG,regex_mask,20,IFI35,False,False,False,False
CD4,CD4.c22.ISG.IFIT1,CD4_ISG,regex_mask,21,RSAD2,False,False,False,False
CD4,CD4.c22.ISG.IFIT1,CD4_ISG,regex_mask,22,HERC5,False,False,False,False
CD4,CD4.c22.ISG.IFIT1,CD4_ISG,regex_mask,23,CMPK2,False,False,False,False
CD4,CD4.c22.ISG.IFIT1,CD4_ISG,regex_mask,24,IFIT3,False,False,False,False
CD4,CD4.c22.ISG.IFIT1,CD4_ISG,regex_mask,25,SAMD9L,False,False,False,False
CD4,CD4.c22.ISG.IFIT1,CD4_ISG,regex_mask,26,OAS3,False,False,False,False
CD4,CD4.c22.ISG.IFIT1,CD4_ISG,regex_mask,27,MT2A,False,False,False,False
CD4,CD4.c22.ISG.IFIT1,CD4_ISG,regex_mask,28,PSMB9,False,False,False,False
CD4,CD4.c22.ISG.IFIT1,CD4_ISG,regex_mask,29,DRAP1,False,False,False,False
CD4,CD4.c22.ISG.IFIT1,CD4_ISG,regex_mask,30,LGALS9,False,False,False,False
CD4,CD4.c22.ISG.IFIT1,CD4_ISG,regex_mask,31,SP100,False,False,False,False
CD4,CD4.c22.ISG.IFIT1,CD4_ISG,regex_mask,32,BST2,False,False,False,False
CD4,CD4.c22.ISG.IFIT1,CD4_ISG,regex_mask,33,PARP9,False,False,False,False
CD4,CD4.c22.ISG.IFIT1,CD4_ISG,regex_mask,34,DDX60L,False,False,False,False
CD4,CD4.c22.ISG.IFIT1,CD4_ISG,regex_mask,35,SP110,False,False,False,False
CD4,CD4.c22.ISG.IFIT1,CD4_ISG,regex_mask,36,IFITM2,False,False,False,False
CD4,CD4.c22.ISG.IFIT1,CD4_ISG,regex_mask,37,IFI16,False,False,False,False
CD4,CD4.c22.ISG.IFIT1,CD4_ISG,regex_mask,38,TMEM123,False,False,False,False
CD4,CD4.c22.ISG.IFIT1,CD4_ISG,regex_mask,39,PARP14,False,False,False,False
CD4,CD4.c22.ISG.IFIT1,CD4_ISG,regex_mask,40,SAMD9,False,False,False,False
CD4,CD4.c22.ISG.IFIT1,CD4_ISG,regex_mask,41,OAS2,False,False,False,False
CD4,CD4.c22.ISG.IFIT1,CD4_ISG,regex_mask,42,SMCHD1,False,False,False,False
CD4,CD4.c22.ISG.IFIT1,CD4_ISG,regex_mask,43,OASL,False,False,False,False
CD4,CD4.c22.ISG.IFIT1,CD4_ISG,regex_mask,44,NT5C3A,False,False,False,False
CD4,CD4.c22.ISG.IFIT1,CD4_ISG,regex_mask,45,C5orf56,False,False,False,False
CD4,CD4.c22.ISG.IFIT1,CD4_ISG,regex_mask,46,USP18,False,False,False,False
CD4,CD4.c22.ISG.IFIT1,CD4_ISG,regex_mask,47,STAT2,False,False,False,False
CD4,CD4.c22.ISG.IFIT1,CD4_ISG,regex_mask,48,C19orf66,False,False,False,False
CD4,CD4.c22.ISG.IFIT1,CD4_ISG,regex_mask,49,GBP1,False,False,False,False
CD4,CD4.c22.ISG.IFIT1,CD4_ISG,regex_mask,50,ZNFX1,False,False,False,False
CD4,CD4.c22.ISG.IFIT1,CD4_ISG,full_core,1,ISG15,False,False,False,True
CD4,CD4.c22.ISG.IFIT1,CD4_ISG,full_core,2,MX1,False,False,False,True
CD4,CD4.c22.ISG.IFIT1,CD4_ISG,full_core,3,IFI6,False,False,False,True
CD4,CD4.c22.ISG.IFIT1,CD4_ISG,full_core,4,STAT1,False,False,False,True
CD4,CD4.c22.ISG.IFIT1,CD4_ISG,full_core,5,IFI44L,False,False,False,False
CD4,CD4.c22.ISG.IFIT1,CD4_ISG,full_core,6,OAS1,False,False,False,True
CD4,CD4.c22.ISG.IFIT1,CD4_ISG,full_core,7,PLSCR1,False,False,False,False
CD4,CD4.c22.ISG.IFIT1,CD4_ISG,full_core,8,IFIT1,False,False,False,True
CD4,CD4.c22.ISG.IFIT1,CD4_ISG,full_core,9,RSAD2,False,False,False,False
CD4,CD4.c22.ISG.IFIT1,CD4_ISG,full_core,10,HERC5,False,False,False,False
CD4,CD4.c22.ISG.IFIT1,CD4_ISG,full_core,11,CMPK2,False,False,False,False
CD4,CD4.c22.ISG.IFIT1,CD4_ISG,full_core,12,IFIT3,False,False,False,False
CD4,CD4.c22.ISG.IFIT1,CD4_ISG,full_core,13,OAS3,False,False,False,False
CD4,CD4.c22.ISG.IFIT1,CD4_ISG,full_core,14,MT2A,False,False,False,False
CD4,CD4.c22.ISG.IFIT1,CD4_ISG,full_core,15,LGALS9,False,False,False,False
CD4,CD4.c22.ISG.IFIT1,CD4_ISG,full_core,16,BST2,False,False,False,False
CD4,CD4.c22.ISG.IFIT1,CD4_ISG,full_core,17,OASL,False,False,False,False
CD4,CD4.c22.ISG.IFIT1,CD4_ISG,full_core,18,USP18,False,False,False,False
CD4,CD4.c22.ISG.IFIT1,CD4_ISG,full_core,19,GBP1,False,False,False,False
CD4,CD4.c22.ISG.IFIT1,CD4_ISG,full_core,20,LAP3,False,False,False,False
CD4,CD4.c22.ISG.IFIT1,CD4_ISG,full_core,21,SAT1,False,False,False,False
CD4,CD4.c22.ISG.IFIT1,CD4_ISG,full_core,22,LAMP3,False,False,False,False
CD4,CD4.c22.ISG.IFIT1,CD4_ISG,full_core,23,HSH2D,False,False,False,False
CD4,CD4.c22.ISG.IFIT1,CD4_ISG,full_core,24,PSME2,False,False,False,False
CD4,CD4.c22.ISG.IFIT1,CD4_ISG,full_core,25,PSMB8,False,False,False,False
CD4,CD4.c22.ISG.IFIT1,CD4_ISG,full_core,26,IFIT2,False,False,False,False
CD4,CD4.c22.ISG.IFIT1,CD4_ISG,full_core,27,NFKBIZ,False,False,False,False
CD4,CD4.c22.ISG.IFIT1,CD4_ISG,full_core,28,SPATS2L,False,False,False,False
CD4,CD4.c22.ISG.IFIT1,CD4_ISG,full_core,29,MTHFD2,False,False,False,False
CD4,CD4.c22.ISG.IFIT1,CD4_ISG,full_core,30,TYMP,False,False,False,False
CD4,CD4.c22.ISG.IFIT1,CD4_ISG,full_core,31,SELL,False,False,False,False
CD4,CD4.c22.ISG.IFIT1,CD4_ISG,full_core,32,TSHZ2,False,False,False,False
CD4,CD4.c22.ISG.IFIT1,CD4_ISG,full_core,33,TNFSF13B,False,False,False,False
CD4,CD4.c22.ISG.IFIT1,CD4_ISG,full_core,34,DNAJB1,False,False,False,False
CD4,CD4.c22.ISG.IFIT1,CD4_ISG,full_core,35,IFITM3,False,False,False,False
CD4,CD4.c22.ISG.IFIT1,CD4_ISG,full_core,36,PSMA6,False,False,False,False
CD4,CD4.c22.ISG.IFIT1,CD4_ISG,full_core,37,PPP1CC,False,False,False,False
CD4,CD4.c22.ISG.IFIT1,CD4_ISG,full_core,38,NEAT1,False,False,False,False
CD4,CD4.c22.ISG.IFIT1,CD4_ISG,full_core,39,IDH2,False,False,False,False
CD4,CD4.c22.ISG.IFIT1,CD4_ISG,full_core,40,FURIN,False,False,False,False
CD4,CD4.c22.ISG.IFIT1,CD4_ISG,full_core,41,LAG3,False,False,False,False
CD4,CD4.c22.ISG.IFIT1,CD4_ISG,full_core,42,GNG5,False,False,False,False
CD4,CD4.c22.ISG.IFIT1,CD4_ISG,full_core,43,CTSH,False,False,False,False
CD4,CD4.c22.ISG.IFIT1,CD4_ISG,full_core,44,ETV7,False,False,False,False
CD4,CD4.c22.ISG.IFIT1,CD4_ISG,full_core,45,PSMA3,False,False,False,False
CD4,CD4.c22.ISG.IFIT1,CD4_ISG,full_core,46,CXCL13,False,False,False,False
CD4,CD4.c22.ISG.IFIT1,CD4_ISG,full_core,47,USPL1,False,False,False,False
CD4,CD4.c22.ISG.IFIT1,CD4_ISG,full_core,48,SOD2,False,False,False,False
CD4,CD4.c22.ISG.IFIT1,CD4_ISG,full_core,49,MIF,False,False,False,False
CD4,CD4.c22.ISG.IFIT1,CD4_ISG,full_core,50,PSMA5,False,False,False,False
MSC,CAFs MSC iCAF-like,Fibro_iCAF,standard,1,DCN,False,False,False,True
MSC,CAFs MSC iCAF-like,Fibro_iCAF,standard,2,APOD,False,False,False,False
MSC,CAFs MSC iCAF-like,Fibro_iCAF,standard,3,LUM,False,False,False,True
MSC,CAFs MSC iCAF-like,Fibro_iCAF,standard,4,FTL,False,False,False,False
MSC,CAFs MSC iCAF-like,Fibro_iCAF,standard,5,C1S,False,False,False,False
MSC,CAFs MSC iCAF-like,Fibro_iCAF,standard,6,MFAP4,False,False,False,False
MSC,CAFs MSC iCAF-like,Fibro_iCAF,standard,7,CTSK,False,False,False,False
MSC,CAFs MSC iCAF-like,Fibro_iCAF,standard,8,FBLN1,False,False,False,False
MSC,CAFs MSC iCAF-like,Fibro_iCAF,standard,9,SERPINF1,False,False,False,False
MSC,CAFs MSC iCAF-like,Fibro_iCAF,standard,10,RARRES2,False,False,False,False
MSC,CAFs MSC iCAF-like,Fibro_iCAF,standard,11,CXCL12,False,False,False,True
MSC,CAFs MSC iCAF-like,Fibro_iCAF,standard,12,TMEM176B,False,False,False,False
MSC,CAFs MSC iCAF-like,Fibro_iCAF,standard,13,PTGDS,False,False,False,False
MSC,CAFs MSC iCAF-like,Fibro_iCAF,standard,14,CCDC80,False,False,False,False
MSC,CAFs MSC iCAF-like,Fibro_iCAF,standard,15,LRP1,False,False,False,False
MSC,CAFs MSC iCAF-like,Fibro_iCAF,standard,16,SFRP2,False,False,False,False
MSC,CAFs MSC iCAF-like,Fibro_iCAF,standard,17,TMEM176A,False,False,False,False
MSC,CAFs MSC iCAF-like,Fibro_iCAF,standard,18,SEPP1,False,False,False,False
MSC,CAFs MSC iCAF-like,Fibro_iCAF,standard,19,MEG3,False,False,False,False
MSC,CAFs MSC iCAF-like,Fibro_iCAF,standard,20,SERPING1,False,False,False,False
MSC,CAFs MSC iCAF-like,Fibro_iCAF,standard,21,C3,False,False,False,False
MSC,CAFs MSC iCAF-like,Fibro_iCAF,standard,22,IGF1,False,False,False,False
MSC,CAFs MSC iCAF-like,Fibro_iCAF,standard,23,ISLR,False,False,False,False
MSC,CAFs MSC iCAF-like,Fibro_iCAF,standard,24,SRPX,False,False,False,False
MSC,CAFs MSC iCAF-like,Fibro_iCAF,standard,25,MXRA8,False,False,False,False
MSC,CAFs MSC iCAF-like,Fibro_iCAF,standard,26,CFD,False,False,False,False
MSC,CAFs MSC iCAF-like,Fibro_iCAF,standard,27,FGF7,False,False,False,False
MSC,CAFs MSC iCAF-like,Fibro_iCAF,standard,28,SPON2,False,False,False,False
MSC,CAFs MSC iCAF-like,Fibro_iCAF,standard,29,MGP,False,False,False,False
MSC,CAFs MSC iCAF-like,Fibro_iCAF,standard,30,LGALS3,False,False,False,False
MSC,CAFs MSC iCAF-like,Fibro_iCAF,standard,31,C1R,False,False,False,False
MSC,CAFs MSC iCAF-like,Fibro_iCAF,standard,32,EFEMP1,False,False,False,False
MSC,CAFs MSC iCAF-like,Fibro_iCAF,standard,33,COL6A3,False,False,False,False
MSC,CAFs MSC iCAF-like,Fibro_iCAF,standard,34,COL1A2,False,False,False,False
MSC,CAFs MSC iCAF-like,Fibro_iCAF,standard,35,OLFML3,False,False,False,False
MSC,CAFs MSC iCAF-like,Fibro_iCAF,standard,36,PDGFRL,False,False,False,False
MSC,CAFs MSC iCAF-like,Fibro_iCAF,standard,37,PLTP,False,False,False,False
MSC,CAFs MSC iCAF-like,Fibro_iCAF,standard,38,COL1A1,False,False,False,True
MSC,CAFs MSC iCAF-like,Fibro_iCAF,standard,39,COL6A2,False,False,False,False
MSC,CAFs MSC iCAF-like,Fibro_iCAF,standard,40,IGFBP6,False,False,False,False
MSC,CAFs MSC iCAF-like,Fibro_iCAF,standard,41,FTH1,False,False,False,False
MSC,CAFs MSC iCAF-like,Fibro_iCAF,standard,42,ZFP36L2,False,False,False,False
MSC,CAFs MSC iCAF-like,Fibro_iCAF,standard,43,PSAP,False,False,False,False
MSC,CAFs MSC iCAF-like,Fibro_iCAF,standard,44,PDGFRA,False,False,False,True
MSC,CAFs MSC iCAF-like,Fibro_iCAF,standard,45,PRNP,False,False,False,False
MSC,CAFs MSC iCAF-like,Fibro_iCAF,standard,46,MMP2,False,False,False,False
MSC,CAFs MSC iCAF-like,Fibro_iCAF,standard,47,LSP1,False,False,False,False
MSC,CAFs MSC iCAF-like,Fibro_iCAF,standard,48,MDK,False,False,False,False
MSC,CAFs MSC iCAF-like,Fibro_iCAF,standard,49,CXCL14,False,False,False,True
MSC,CAFs MSC iCAF-like,Fibro_iCAF,standard,50,EGR1,False,False,False,False
MSC,CAFs MSC iCAF-like,Fibro_iCAF,filter_only,1,DCN,False,False,False,True
MSC,CAFs MSC iCAF-like,Fibro_iCAF,filter_only,2,APOD,False,False,False,False
MSC,CAFs MSC iCAF-like,Fibro_iCAF,filter_only,3,LUM,False,False,False,True
MSC,CAFs MSC iCAF-like,Fibro_iCAF,filter_only,4,FTL,False,False,False,False
MSC,CAFs MSC iCAF-like,Fibro_iCAF,filter_only,5,C1S,False,False,False,False
MSC,CAFs MSC iCAF-like,Fibro_iCAF,filter_only,6,MFAP4,False,False,False,False
MSC,CAFs MSC iCAF-like,Fibro_iCAF,filter_only,7,CTSK,False,False,False,False
MSC,CAFs MSC iCAF-like,Fibro_iCAF,filter_only,8,FBLN1,False,False,False,False
MSC,CAFs MSC iCAF-like,Fibro_iCAF,filter_only,9,SERPINF1,False,False,False,False
MSC,CAFs MSC iCAF-like,Fibro_iCAF,filter_only,10,RARRES2,False,False,False,False
MSC,CAFs MSC iCAF-like,Fibro_iCAF,filter_only,11,CXCL12,False,False,False,True
MSC,CAFs MSC iCAF-like,Fibro_iCAF,filter_only,12,TMEM176B,False,False,False,False
MSC,CAFs MSC iCAF-like,Fibro_iCAF,filter_only,13,PTGDS,False,False,False,False
MSC,CAFs MSC iCAF-like,Fibro_iCAF,filter_only,14,CCDC80,False,False,False,False
MSC,CAFs MSC iCAF-like,Fibro_iCAF,filter_only,15,LRP1,False,False,False,False
MSC,CAFs MSC iCAF-like,Fibro_iCAF,filter_only,16,SFRP2,False,False,False,False
MSC,CAFs MSC iCAF-like,Fibro_iCAF,filter_only,17,TMEM176A,False,False,False,False
MSC,CAFs MSC iCAF-like,Fibro_iCAF,filter_only,18,SEPP1,False,False,False,False
MSC,CAFs MSC iCAF-like,Fibro_iCAF,filter_only,19,MEG3,False,False,False,False
MSC,CAFs MSC iCAF-like,Fibro_iCAF,filter_only,20,SERPING1,False,False,False,False
MSC,CAFs MSC iCAF-like,Fibro_iCAF,filter_only,21,C3,False,False,False,False
MSC,CAFs MSC iCAF-like,Fibro_iCAF,filter_only,22,IGF1,False,False,False,False
MSC,CAFs MSC iCAF-like,Fibro_iCAF,filter_only,23,ISLR,False,False,False,False
MSC,CAFs MSC iCAF-like,Fibro_iCAF,filter_only,24,SRPX,False,False,False,False
MSC,CAFs MSC iCAF-like,Fibro_iCAF,filter_only,25,MXRA8,False,False,False,False
MSC,CAFs MSC iCAF-like,Fibro_iCAF,filter_only,26,CFD,False,False,False,False
MSC,CAFs MSC iCAF-like,Fibro_iCAF,filter_only,27,FGF7,False,False,False,False
MSC,CAFs MSC iCAF-like,Fibro_iCAF,filter_only,28,SPON2,False,False,False,False
MSC,CAFs MSC iCAF-like,Fibro_iCAF,filter_only,29,MGP,False,False,False,False
MSC,CAFs MSC iCAF-like,Fibro_iCAF,filter_only,30,LGALS3,False,False,False,False
MSC,CAFs MSC iCAF-like,Fibro_iCAF,filter_only,31,C1R,False,False,False,False
MSC,CAFs MSC iCAF-like,Fibro_iCAF,filter_only,32,EFEMP1,False,False,False,False
MSC,CAFs MSC iCAF-like,Fibro_iCAF,filter_only,33,COL6A3,False,False,False,False
MSC,CAFs MSC iCAF-like,Fibro_iCAF,filter_only,34,COL1A2,False,False,False,False
MSC,CAFs MSC iCAF-like,Fibro_iCAF,filter_only,35,OLFML3,False,False,False,False
MSC,CAFs MSC iCAF-like,Fibro_iCAF,filter_only,36,PDGFRL,False,False,False,False
MSC,CAFs MSC iCAF-like,Fibro_iCAF,filter_only,37,PLTP,False,False,False,False
MSC,CAFs MSC iCAF-like,Fibro_iCAF,filter_only,38,COL1A1,False,False,False,True
MSC,CAFs MSC iCAF-like,Fibro_iCAF,filter_only,39,COL6A2,False,False,False,False
MSC,CAFs MSC iCAF-like,Fibro_iCAF,filter_only,40,IGFBP6,False,False,False,False
MSC,CAFs MSC iCAF-like,Fibro_iCAF,filter_only,41,FTH1,False,False,False,False
MSC,CAFs MSC iCAF-like,Fibro_iCAF,filter_only,42,ZFP36L2,False,False,False,False
MSC,CAFs MSC iCAF-like,Fibro_iCAF,filter_only,43,PSAP,False,False,False,False
MSC,CAFs MSC iCAF-like,Fibro_iCAF,filter_only,44,PDGFRA,False,False,False,True
MSC,CAFs MSC iCAF-like,Fibro_iCAF,filter_only,45,PRNP,False,False,False,False
MSC,CAFs MSC iCAF-like,Fibro_iCAF,filter_only,46,MMP2,False,False,False,False
MSC,CAFs MSC iCAF-like,Fibro_iCAF,filter_only,47,LSP1,False,False,False,False
MSC,CAFs MSC iCAF-like,Fibro_iCAF,filter_only,48,MDK,False,False,False,False
MSC,CAFs MSC iCAF-like,Fibro_iCAF,filter_only,49,CXCL14,False,False,False,True
MSC,CAFs MSC iCAF-like,Fibro_iCAF,filter_only,50,EGR1,False,False,False,False
MSC,CAFs MSC iCAF-like,Fibro_iCAF,regex_mask,1,DCN,False,False,False,True
MSC,CAFs MSC iCAF-like,Fibro_iCAF,regex_mask,2,APOD,False,False,False,False
MSC,CAFs MSC iCAF-like,Fibro_iCAF,regex_mask,3,LUM,False,False,False,True
MSC,CAFs MSC iCAF-like,Fibro_iCAF,regex_mask,4,FTL,False,False,False,False
MSC,CAFs MSC iCAF-like,Fibro_iCAF,regex_mask,5,C1S,False,False,False,False
MSC,CAFs MSC iCAF-like,Fibro_iCAF,regex_mask,6,MFAP4,False,False,False,False
MSC,CAFs MSC iCAF-like,Fibro_iCAF,regex_mask,7,CTSK,False,False,False,False
MSC,CAFs MSC iCAF-like,Fibro_iCAF,regex_mask,8,FBLN1,False,False,False,False
MSC,CAFs MSC iCAF-like,Fibro_iCAF,regex_mask,9,SERPINF1,False,False,False,False
MSC,CAFs MSC iCAF-like,Fibro_iCAF,regex_mask,10,RARRES2,False,False,False,False
MSC,CAFs MSC iCAF-like,Fibro_iCAF,regex_mask,11,CXCL12,False,False,False,True
MSC,CAFs MSC iCAF-like,Fibro_iCAF,regex_mask,12,TMEM176B,False,False,False,False
MSC,CAFs MSC iCAF-like,Fibro_iCAF,regex_mask,13,PTGDS,False,False,False,False
MSC,CAFs MSC iCAF-like,Fibro_iCAF,regex_mask,14,CCDC80,False,False,False,False
MSC,CAFs MSC iCAF-like,Fibro_iCAF,regex_mask,15,LRP1,False,False,False,False
MSC,CAFs MSC iCAF-like,Fibro_iCAF,regex_mask,16,SFRP2,False,False,False,False
MSC,CAFs MSC iCAF-like,Fibro_iCAF,regex_mask,17,TMEM176A,False,False,False,False
MSC,CAFs MSC iCAF-like,Fibro_iCAF,regex_mask,18,SEPP1,False,False,False,False
MSC,CAFs MSC iCAF-like,Fibro_iCAF,regex_mask,19,MEG3,False,False,False,False
MSC,CAFs MSC iCAF-like,Fibro_iCAF,regex_mask,20,SERPING1,False,False,False,False
MSC,CAFs MSC iCAF-like,Fibro_iCAF,regex_mask,21,C3,False,False,False,False
MSC,CAFs MSC iCAF-like,Fibro_iCAF,regex_mask,22,IGF1,False,False,False,False
MSC,CAFs MSC iCAF-like,Fibro_iCAF,regex_mask,23,ISLR,False,False,False,False
MSC,CAFs MSC iCAF-like,Fibro_iCAF,regex_mask,24,SRPX,False,False,False,False
MSC,CAFs MSC iCAF-like,Fibro_iCAF,regex_mask,25,MXRA8,False,False,False,False
MSC,CAFs MSC iCAF-like,Fibro_iCAF,regex_mask,26,CFD,False,False,False,False
MSC,CAFs MSC iCAF-like,Fibro_iCAF,regex_mask,27,FGF7,False,False,False,False
MSC,CAFs MSC iCAF-like,Fibro_iCAF,regex_mask,28,SPON2,False,False,False,False
MSC,CAFs MSC iCAF-like,Fibro_iCAF,regex_mask,29,MGP,False,False,False,False
MSC,CAFs MSC iCAF-like,Fibro_iCAF,regex_mask,30,LGALS3,False,False,False,False
MSC,CAFs MSC iCAF-like,Fibro_iCAF,regex_mask,31,C1R,False,False,False,False
MSC,CAFs MSC iCAF-like,Fibro_iCAF,regex_mask,32,EFEMP1,False,False,False,False
MSC,CAFs MSC iCAF-like,Fibro_iCAF,regex_mask,33,COL6A3,False,False,False,False
MSC,CAFs MSC iCAF-like,Fibro_iCAF,regex_mask,34,COL1A2,False,False,False,False
MSC,CAFs MSC iCAF-like,Fibro_iCAF,regex_mask,35,OLFML3,False,False,False,False
MSC,CAFs MSC iCAF-like,Fibro_iCAF,regex_mask,36,PDGFRL,False,False,False,False
MSC,CAFs MSC iCAF-like,Fibro_iCAF,regex_mask,37,PLTP,False,False,False,False
MSC,CAFs MSC iCAF-like,Fibro_iCAF,regex_mask,38,COL1A1,False,False,False,True
MSC,CAFs MSC iCAF-like,Fibro_iCAF,regex_mask,39,COL6A2,False,False,False,False
MSC,CAFs MSC iCAF-like,Fibro_iCAF,regex_mask,40,IGFBP6,False,False,False,False
MSC,CAFs MSC iCAF-like,Fibro_iCAF,regex_mask,41,FTH1,False,False,False,False
MSC,CAFs MSC iCAF-like,Fibro_iCAF,regex_mask,42,ZFP36L2,False,False,False,False
MSC,CAFs MSC iCAF-like,Fibro_iCAF,regex_mask,43,PSAP,False,False,False,False
MSC,CAFs MSC iCAF-like,Fibro_iCAF,regex_mask,44,PDGFRA,False,False,False,True
MSC,CAFs MSC iCAF-like,Fibro_iCAF,regex_mask,45,PRNP,False,False,False,False
MSC,CAFs MSC iCAF-like,Fibro_iCAF,regex_mask,46,MMP2,False,False,False,False
MSC,CAFs MSC iCAF-like,Fibro_iCAF,regex_mask,47,LSP1,False,False,False,False
MSC,CAFs MSC iCAF-like,Fibro_iCAF,regex_mask,48,MDK,False,False,False,False
MSC,CAFs MSC iCAF-like,Fibro_iCAF,regex_mask,49,CXCL14,False,False,False,True
MSC,CAFs MSC iCAF-like,Fibro_iCAF,regex_mask,50,EGR1,False,False,False,False
MSC,CAFs MSC iCAF-like,Fibro_iCAF,full_core,1,DCN,False,False,False,True
MSC,CAFs MSC iCAF-like,Fibro_iCAF,full_core,2,APOD,False,False,False,False
MSC,CAFs MSC iCAF-like,Fibro_iCAF,full_core,3,LUM,False,False,False,True
MSC,CAFs MSC iCAF-like,Fibro_iCAF,full_core,4,C1S,False,False,False,False
MSC,CAFs MSC iCAF-like,Fibro_iCAF,full_core,5,MFAP4,False,False,False,False
MSC,CAFs MSC iCAF-like,Fibro_iCAF,full_core,6,CTSK,False,False,False,False
MSC,CAFs MSC iCAF-like,Fibro_iCAF,full_core,7,FBLN1,False,False,False,False
MSC,CAFs MSC iCAF-like,Fibro_iCAF,full_core,8,SERPINF1,False,False,False,False
MSC,CAFs MSC iCAF-like,Fibro_iCAF,full_core,9,RARRES2,False,False,False,False
MSC,CAFs MSC iCAF-like,Fibro_iCAF,full_core,10,CXCL12,False,False,False,True
MSC,CAFs MSC iCAF-like,Fibro_iCAF,full_core,11,PTGDS,False,False,False,False
MSC,CAFs MSC iCAF-like,Fibro_iCAF,full_core,12,CCDC80,False,False,False,False
MSC,CAFs MSC iCAF-like,Fibro_iCAF,full_core,13,LRP1,False,False,False,False
MSC,CAFs MSC iCAF-like,Fibro_iCAF,full_core,14,SFRP2,False,False,False,False
MSC,CAFs MSC iCAF-like,Fibro_iCAF,full_core,15,TMEM176A,False,False,False,False
MSC,CAFs MSC iCAF-like,Fibro_iCAF,full_core,16,MEG3,False,False,False,False
MSC,CAFs MSC iCAF-like,Fibro_iCAF,full_core,17,C3,False,False,False,False
MSC,CAFs MSC iCAF-like,Fibro_iCAF,full_core,18,IGF1,False,False,False,False
MSC,CAFs MSC iCAF-like,Fibro_iCAF,full_core,19,ISLR,False,False,False,False
MSC,CAFs MSC iCAF-like,Fibro_iCAF,full_core,20,SRPX,False,False,False,False
MSC,CAFs MSC iCAF-like,Fibro_iCAF,full_core,21,MXRA8,False,False,False,False
MSC,CAFs MSC iCAF-like,Fibro_iCAF,full_core,22,CFD,False,False,False,False
MSC,CAFs MSC iCAF-like,Fibro_iCAF,full_core,23,FGF7,False,False,False,False
MSC,CAFs MSC iCAF-like,Fibro_iCAF,full_core,24,SPON2,False,False,False,False
MSC,CAFs MSC iCAF-like,Fibro_iCAF,full_core,25,MGP,False,False,False,False
MSC,CAFs MSC iCAF-like,Fibro_iCAF,full_core,26,C1R,False,False,False,False
MSC,CAFs MSC iCAF-like,Fibro_iCAF,full_core,27,EFEMP1,False,False,False,False
MSC,CAFs MSC iCAF-like,Fibro_iCAF,full_core,28,COL6A3,False,False,False,False
MSC,CAFs MSC iCAF-like,Fibro_iCAF,full_core,29,COL1A2,False,False,False,False
MSC,CAFs MSC iCAF-like,Fibro_iCAF,full_core,30,OLFML3,False,False,False,False
MSC,CAFs MSC iCAF-like,Fibro_iCAF,full_core,31,PDGFRL,False,False,False,False
MSC,CAFs MSC iCAF-like,Fibro_iCAF,full_core,32,COL1A1,False,False,False,True
MSC,CAFs MSC iCAF-like,Fibro_iCAF,full_core,33,COL6A2,False,False,False,False
MSC,CAFs MSC iCAF-like,Fibro_iCAF,full_core,34,IGFBP6,False,False,False,False
MSC,CAFs MSC iCAF-like,Fibro_iCAF,full_core,35,PDGFRA,False,False,False,True
MSC,CAFs MSC iCAF-like,Fibro_iCAF,full_core,36,MMP2,False,False,False,False
MSC,CAFs MSC iCAF-like,Fibro_iCAF,full_core,37,LSP1,False,False,False,False
MSC,CAFs MSC iCAF-like,Fibro_iCAF,full_core,38,CXCL14,False,False,False,True
MSC,CAFs MSC iCAF-like,Fibro_iCAF,full_core,39,GPNMB,False,False,False,False
MSC,CAFs MSC iCAF-like,Fibro_iCAF,full_core,40,TIMP1,False,False,False,False
MSC,CAFs MSC iCAF-like,Fibro_iCAF,full_core,41,COL6A1,False,False,False,False
MSC,CAFs MSC iCAF-like,Fibro_iCAF,full_core,42,COL3A1,False,False,False,False
MSC,CAFs MSC iCAF-like,Fibro_iCAF,full_core,43,AEBP1,False,False,False,False
MSC,CAFs MSC iCAF-like,Fibro_iCAF,full_core,44,FBLN5,False,False,False,False
MSC,CAFs MSC iCAF-like,Fibro_iCAF,full_core,45,PCOLCE,False,False,False,False
MSC,CAFs MSC iCAF-like,Fibro_iCAF,full_core,46,DPT,False,False,False,False
MSC,CAFs MSC iCAF-like,Fibro_iCAF,full_core,47,GEM,False,False,False,False
MSC,CAFs MSC iCAF-like,Fibro_iCAF,full_core,48,APOE,False,False,False,False
MSC,CAFs MSC iCAF-like,Fibro_iCAF,full_core,49,GPC3,False,False,False,False
MSC,CAFs MSC iCAF-like,Fibro_iCAF,full_core,50,ALDH1A1,False,False,False,False
MSC,CAFs myCAF-like,Fibro_myCAF,standard,1,COL1A1,False,False,False,True
MSC,CAFs myCAF-like,Fibro_myCAF,standard,2,COL1A2,False,False,False,False
MSC,CAFs myCAF-like,Fibro_myCAF,standard,3,COL3A1,False,False,False,True
MSC,CAFs myCAF-like,Fibro_myCAF,standard,4,LUM,False,False,False,False
MSC,CAFs myCAF-like,Fibro_myCAF,standard,5,POSTN,False,False,False,False
MSC,CAFs myCAF-like,Fibro_myCAF,standard,6,COL6A3,False,False,False,False
MSC,CAFs myCAF-like,Fibro_myCAF,standard,7,SFRP2,False,False,False,False
MSC,CAFs myCAF-like,Fibro_myCAF,standard,8,VCAN,False,False,False,False
MSC,CAFs myCAF-like,Fibro_myCAF,standard,9,COL5A2,False,False,False,False
MSC,CAFs myCAF-like,Fibro_myCAF,standard,10,DCN,False,False,False,False
MSC,CAFs myCAF-like,Fibro_myCAF,standard,11,FN1,False,False,False,False
MSC,CAFs myCAF-like,Fibro_myCAF,standard,12,COL6A1,False,False,False,False
MSC,CAFs myCAF-like,Fibro_myCAF,standard,13,AEBP1,False,False,False,False
MSC,CAFs myCAF-like,Fibro_myCAF,standard,14,CTSK,False,False,False,False
MSC,CAFs myCAF-like,Fibro_myCAF,standard,15,CTHRC1,False,False,False,False
MSC,CAFs myCAF-like,Fibro_myCAF,standard,16,COL5A1,False,False,False,False
MSC,CAFs myCAF-like,Fibro_myCAF,standard,17,LGALS1,False,False,False,False
MSC,CAFs myCAF-like,Fibro_myCAF,standard,18,COL6A2,False,False,False,False
MSC,CAFs myCAF-like,Fibro_myCAF,standard,19,SPARC,False,False,False,False
MSC,CAFs myCAF-like,Fibro_myCAF,standard,20,ISLR,False,False,False,False
MSC,CAFs myCAF-like,Fibro_myCAF,standard,21,MFAP2,False,False,False,False
MSC,CAFs myCAF-like,Fibro_myCAF,standard,22,THBS2,False,False,False,False
MSC,CAFs myCAF-like,Fibro_myCAF,standard,23,MXRA8,False,False,False,False
MSC,CAFs myCAF-like,Fibro_myCAF,standard,24,RARRES2,False,False,False,False
MSC,CAFs myCAF-like,Fibro_myCAF,standard,25,MMP2,False,False,False,False
MSC,CAFs myCAF-like,Fibro_myCAF,standard,26,CCDC80,False,False,False,False
MSC,CAFs myCAF-like,Fibro_myCAF,standard,27,C1S,False,False,False,False
MSC,CAFs myCAF-like,Fibro_myCAF,standard,28,BGN,False,False,False,False
MSC,CAFs myCAF-like,Fibro_myCAF,standard,29,TIMP2,False,False,False,False
MSC,CAFs myCAF-like,Fibro_myCAF,standard,30,CDH11,False,False,False,False
MSC,CAFs myCAF-like,Fibro_myCAF,standard,31,MXRA5,False,False,False,False
MSC,CAFs myCAF-like,Fibro_myCAF,standard,32,FBLN1,False,False,False,False
MSC,CAFs myCAF-like,Fibro_myCAF,standard,33,THY1,False,False,False,False
MSC,CAFs myCAF-like,Fibro_myCAF,standard,34,LRP1,False,False,False,False
MSC,CAFs myCAF-like,Fibro_myCAF,standard,35,SPON2,False,False,False,False
MSC,CAFs myCAF-like,Fibro_myCAF,standard,36,CERCAM,False,False,False,False
MSC,CAFs myCAF-like,Fibro_myCAF,standard,37,COL12A1,False,False,False,False
MSC,CAFs myCAF-like,Fibro_myCAF,standard,38,FSTL1,False,False,False,False
MSC,CAFs myCAF-like,Fibro_myCAF,standard,39,RCN3,False,False,False,False
MSC,CAFs myCAF-like,Fibro_myCAF,standard,40,CD99,False,False,False,False
MSC,CAFs myCAF-like,Fibro_myCAF,standard,41,FBN1,False,False,False,False
MSC,CAFs myCAF-like,Fibro_myCAF,standard,42,PCOLCE,False,False,False,False
MSC,CAFs myCAF-like,Fibro_myCAF,standard,43,ADAM12,False,False,False,False
MSC,CAFs myCAF-like,Fibro_myCAF,standard,44,MMP14,False,False,False,False
MSC,CAFs myCAF-like,Fibro_myCAF,standard,45,PPIC,False,False,False,False
MSC,CAFs myCAF-like,Fibro_myCAF,standard,46,COL8A1,False,False,False,False
MSC,CAFs myCAF-like,Fibro_myCAF,standard,47,MDK,False,False,False,False
MSC,CAFs myCAF-like,Fibro_myCAF,standard,48,ASPN,False,False,False,False
MSC,CAFs myCAF-like,Fibro_myCAF,standard,49,FAP,False,False,False,False
MSC,CAFs myCAF-like,Fibro_myCAF,standard,50,SERPINF1,False,False,False,False
MSC,CAFs myCAF-like,Fibro_myCAF,filter_only,1,COL1A1,False,False,False,True
MSC,CAFs myCAF-like,Fibro_myCAF,filter_only,2,COL1A2,False,False,False,False
MSC,CAFs myCAF-like,Fibro_myCAF,filter_only,3,COL3A1,False,False,False,True
MSC,CAFs myCAF-like,Fibro_myCAF,filter_only,4,LUM,False,False,False,False
MSC,CAFs myCAF-like,Fibro_myCAF,filter_only,5,POSTN,False,False,False,False
MSC,CAFs myCAF-like,Fibro_myCAF,filter_only,6,COL6A3,False,False,False,False
MSC,CAFs myCAF-like,Fibro_myCAF,filter_only,7,SFRP2,False,False,False,False
MSC,CAFs myCAF-like,Fibro_myCAF,filter_only,8,VCAN,False,False,False,False
MSC,CAFs myCAF-like,Fibro_myCAF,filter_only,9,COL5A2,False,False,False,False
MSC,CAFs myCAF-like,Fibro_myCAF,filter_only,10,DCN,False,False,False,False
MSC,CAFs myCAF-like,Fibro_myCAF,filter_only,11,FN1,False,False,False,False
MSC,CAFs myCAF-like,Fibro_myCAF,filter_only,12,COL6A1,False,False,False,False
MSC,CAFs myCAF-like,Fibro_myCAF,filter_only,13,AEBP1,False,False,False,False
MSC,CAFs myCAF-like,Fibro_myCAF,filter_only,14,CTSK,False,False,False,False
MSC,CAFs myCAF-like,Fibro_myCAF,filter_only,15,CTHRC1,False,False,False,False
MSC,CAFs myCAF-like,Fibro_myCAF,filter_only,16,COL5A1,False,False,False,False
MSC,CAFs myCAF-like,Fibro_myCAF,filter_only,17,LGALS1,False,False,False,False
MSC,CAFs myCAF-like,Fibro_myCAF,filter_only,18,COL6A2,False,False,False,False
MSC,CAFs myCAF-like,Fibro_myCAF,filter_only,19,SPARC,False,False,False,False
MSC,CAFs myCAF-like,Fibro_myCAF,filter_only,20,ISLR,False,False,False,False
MSC,CAFs myCAF-like,Fibro_myCAF,filter_only,21,MFAP2,False,False,False,False
MSC,CAFs myCAF-like,Fibro_myCAF,filter_only,22,THBS2,False,False,False,False
MSC,CAFs myCAF-like,Fibro_myCAF,filter_only,23,MXRA8,False,False,False,False
MSC,CAFs myCAF-like,Fibro_myCAF,filter_only,24,RARRES2,False,False,False,False
MSC,CAFs myCAF-like,Fibro_myCAF,filter_only,25,MMP2,False,False,False,False
MSC,CAFs myCAF-like,Fibro_myCAF,filter_only,26,CCDC80,False,False,False,False
MSC,CAFs myCAF-like,Fibro_myCAF,filter_only,27,C1S,False,False,False,False
MSC,CAFs myCAF-like,Fibro_myCAF,filter_only,28,BGN,False,False,False,False
MSC,CAFs myCAF-like,Fibro_myCAF,filter_only,29,TIMP2,False,False,False,False
MSC,CAFs myCAF-like,Fibro_myCAF,filter_only,30,CDH11,False,False,False,False
MSC,CAFs myCAF-like,Fibro_myCAF,filter_only,31,MXRA5,False,False,False,False
MSC,CAFs myCAF-like,Fibro_myCAF,filter_only,32,FBLN1,False,False,False,False
MSC,CAFs myCAF-like,Fibro_myCAF,filter_only,33,THY1,False,False,False,False
MSC,CAFs myCAF-like,Fibro_myCAF,filter_only,34,LRP1,False,False,False,False
MSC,CAFs myCAF-like,Fibro_myCAF,filter_only,35,SPON2,False,False,False,False
MSC,CAFs myCAF-like,Fibro_myCAF,filter_only,36,CERCAM,False,False,False,False
MSC,CAFs myCAF-like,Fibro_myCAF,filter_only,37,COL12A1,False,False,False,False
MSC,CAFs myCAF-like,Fibro_myCAF,filter_only,38,FSTL1,False,False,False,False
MSC,CAFs myCAF-like,Fibro_myCAF,filter_only,39,RCN3,False,False,False,False
MSC,CAFs myCAF-like,Fibro_myCAF,filter_only,40,CD99,False,False,False,False
MSC,CAFs myCAF-like,Fibro_myCAF,filter_only,41,FBN1,False,False,False,False
MSC,CAFs myCAF-like,Fibro_myCAF,filter_only,42,PCOLCE,False,False,False,False
MSC,CAFs myCAF-like,Fibro_myCAF,filter_only,43,ADAM12,False,False,False,False
MSC,CAFs myCAF-like,Fibro_myCAF,filter_only,44,MMP14,False,False,False,False
MSC,CAFs myCAF-like,Fibro_myCAF,filter_only,45,PPIC,False,False,False,False
MSC,CAFs myCAF-like,Fibro_myCAF,filter_only,46,COL8A1,False,False,False,False
MSC,CAFs myCAF-like,Fibro_myCAF,filter_only,47,MDK,False,False,False,False
MSC,CAFs myCAF-like,Fibro_myCAF,filter_only,48,ASPN,False,False,False,False
MSC,CAFs myCAF-like,Fibro_myCAF,filter_only,49,FAP,False,False,False,False
MSC,CAFs myCAF-like,Fibro_myCAF,filter_only,50,SERPINF1,False,False,False,False
MSC,CAFs myCAF-like,Fibro_myCAF,regex_mask,1,COL1A1,False,False,False,True
MSC,CAFs myCAF-like,Fibro_myCAF,regex_mask,2,COL1A2,False,False,False,False
MSC,CAFs myCAF-like,Fibro_myCAF,regex_mask,3,COL3A1,False,False,False,True
MSC,CAFs myCAF-like,Fibro_myCAF,regex_mask,4,LUM,False,False,False,False
MSC,CAFs myCAF-like,Fibro_myCAF,regex_mask,5,POSTN,False,False,False,False
MSC,CAFs myCAF-like,Fibro_myCAF,regex_mask,6,COL6A3,False,False,False,False
MSC,CAFs myCAF-like,Fibro_myCAF,regex_mask,7,SFRP2,False,False,False,False
MSC,CAFs myCAF-like,Fibro_myCAF,regex_mask,8,VCAN,False,False,False,False
MSC,CAFs myCAF-like,Fibro_myCAF,regex_mask,9,COL5A2,False,False,False,False
MSC,CAFs myCAF-like,Fibro_myCAF,regex_mask,10,DCN,False,False,False,False
MSC,CAFs myCAF-like,Fibro_myCAF,regex_mask,11,FN1,False,False,False,False
MSC,CAFs myCAF-like,Fibro_myCAF,regex_mask,12,COL6A1,False,False,False,False
MSC,CAFs myCAF-like,Fibro_myCAF,regex_mask,13,AEBP1,False,False,False,False
MSC,CAFs myCAF-like,Fibro_myCAF,regex_mask,14,CTSK,False,False,False,False
MSC,CAFs myCAF-like,Fibro_myCAF,regex_mask,15,CTHRC1,False,False,False,False
MSC,CAFs myCAF-like,Fibro_myCAF,regex_mask,16,COL5A1,False,False,False,False
MSC,CAFs myCAF-like,Fibro_myCAF,regex_mask,17,LGALS1,False,False,False,False
MSC,CAFs myCAF-like,Fibro_myCAF,regex_mask,18,COL6A2,False,False,False,False
MSC,CAFs myCAF-like,Fibro_myCAF,regex_mask,19,SPARC,False,False,False,False
MSC,CAFs myCAF-like,Fibro_myCAF,regex_mask,20,ISLR,False,False,False,False
MSC,CAFs myCAF-like,Fibro_myCAF,regex_mask,21,MFAP2,False,False,False,False
MSC,CAFs myCAF-like,Fibro_myCAF,regex_mask,22,THBS2,False,False,False,False
MSC,CAFs myCAF-like,Fibro_myCAF,regex_mask,23,MXRA8,False,False,False,False
MSC,CAFs myCAF-like,Fibro_myCAF,regex_mask,24,RARRES2,False,False,False,False
MSC,CAFs myCAF-like,Fibro_myCAF,regex_mask,25,MMP2,False,False,False,False
MSC,CAFs myCAF-like,Fibro_myCAF,regex_mask,26,CCDC80,False,False,False,False
MSC,CAFs myCAF-like,Fibro_myCAF,regex_mask,27,C1S,False,False,False,False
MSC,CAFs myCAF-like,Fibro_myCAF,regex_mask,28,BGN,False,False,False,False
MSC,CAFs myCAF-like,Fibro_myCAF,regex_mask,29,TIMP2,False,False,False,False
MSC,CAFs myCAF-like,Fibro_myCAF,regex_mask,30,CDH11,False,False,False,False
MSC,CAFs myCAF-like,Fibro_myCAF,regex_mask,31,MXRA5,False,False,False,False
MSC,CAFs myCAF-like,Fibro_myCAF,regex_mask,32,FBLN1,False,False,False,False
MSC,CAFs myCAF-like,Fibro_myCAF,regex_mask,33,THY1,False,False,False,False
MSC,CAFs myCAF-like,Fibro_myCAF,regex_mask,34,LRP1,False,False,False,False
MSC,CAFs myCAF-like,Fibro_myCAF,regex_mask,35,SPON2,False,False,False,False
MSC,CAFs myCAF-like,Fibro_myCAF,regex_mask,36,CERCAM,False,False,False,False
MSC,CAFs myCAF-like,Fibro_myCAF,regex_mask,37,COL12A1,False,False,False,False
MSC,CAFs myCAF-like,Fibro_myCAF,regex_mask,38,FSTL1,False,False,False,False
MSC,CAFs myCAF-like,Fibro_myCAF,regex_mask,39,RCN3,False,False,False,False
MSC,CAFs myCAF-like,Fibro_myCAF,regex_mask,40,CD99,False,False,False,False
MSC,CAFs myCAF-like,Fibro_myCAF,regex_mask,41,FBN1,False,False,False,False
MSC,CAFs myCAF-like,Fibro_myCAF,regex_mask,42,PCOLCE,False,False,False,False
MSC,CAFs myCAF-like,Fibro_myCAF,regex_mask,43,ADAM12,False,False,False,False
MSC,CAFs myCAF-like,Fibro_myCAF,regex_mask,44,MMP14,False,False,False,False
MSC,CAFs myCAF-like,Fibro_myCAF,regex_mask,45,PPIC,False,False,False,False
MSC,CAFs myCAF-like,Fibro_myCAF,regex_mask,46,COL8A1,False,False,False,False
MSC,CAFs myCAF-like,Fibro_myCAF,regex_mask,47,MDK,False,False,False,False
MSC,CAFs myCAF-like,Fibro_myCAF,regex_mask,48,ASPN,False,False,False,False
MSC,CAFs myCAF-like,Fibro_myCAF,regex_mask,49,FAP,False,False,False,False
MSC,CAFs myCAF-like,Fibro_myCAF,regex_mask,50,SERPINF1,False,False,False,False
MSC,CAFs myCAF-like,Fibro_myCAF,full_core,1,COL1A1,False,False,False,True
MSC,CAFs myCAF-like,Fibro_myCAF,full_core,2,COL1A2,False,False,False,False
MSC,CAFs myCAF-like,Fibro_myCAF,full_core,3,COL3A1,False,False,False,True
MSC,CAFs myCAF-like,Fibro_myCAF,full_core,4,LUM,False,False,False,False
MSC,CAFs myCAF-like,Fibro_myCAF,full_core,5,POSTN,False,False,False,False
MSC,CAFs myCAF-like,Fibro_myCAF,full_core,6,COL6A3,False,False,False,False
MSC,CAFs myCAF-like,Fibro_myCAF,full_core,7,SFRP2,False,False,False,False
MSC,CAFs myCAF-like,Fibro_myCAF,full_core,8,VCAN,False,False,False,False
MSC,CAFs myCAF-like,Fibro_myCAF,full_core,9,COL5A2,False,False,False,False
MSC,CAFs myCAF-like,Fibro_myCAF,full_core,10,DCN,False,False,False,False
MSC,CAFs myCAF-like,Fibro_myCAF,full_core,11,FN1,False,False,False,False
MSC,CAFs myCAF-like,Fibro_myCAF,full_core,12,COL6A1,False,False,False,False
MSC,CAFs myCAF-like,Fibro_myCAF,full_core,13,AEBP1,False,False,False,False
MSC,CAFs myCAF-like,Fibro_myCAF,full_core,14,CTSK,False,False,False,False
MSC,CAFs myCAF-like,Fibro_myCAF,full_core,15,CTHRC1,False,False,False,False
MSC,CAFs myCAF-like,Fibro_myCAF,full_core,16,COL5A1,False,False,False,False
MSC,CAFs myCAF-like,Fibro_myCAF,full_core,17,LGALS1,False,False,False,False
MSC,CAFs myCAF-like,Fibro_myCAF,full_core,18,COL6A2,False,False,False,False
MSC,CAFs myCAF-like,Fibro_myCAF,full_core,19,SPARC,False,False,False,False
MSC,CAFs myCAF-like,Fibro_myCAF,full_core,20,ISLR,False,False,False,False
MSC,CAFs myCAF-like,Fibro_myCAF,full_core,21,MFAP2,False,False,False,False
MSC,CAFs myCAF-like,Fibro_myCAF,full_core,22,THBS2,False,False,False,False
MSC,CAFs myCAF-like,Fibro_myCAF,full_core,23,MXRA8,False,False,False,False
MSC,CAFs myCAF-like,Fibro_myCAF,full_core,24,RARRES2,False,False,False,False
MSC,CAFs myCAF-like,Fibro_myCAF,full_core,25,MMP2,False,False,False,False
MSC,CAFs myCAF-like,Fibro_myCAF,full_core,26,CCDC80,False,False,False,False
MSC,CAFs myCAF-like,Fibro_myCAF,full_core,27,C1S,False,False,False,False
MSC,CAFs myCAF-like,Fibro_myCAF,full_core,28,BGN,False,False,False,False
MSC,CAFs myCAF-like,Fibro_myCAF,full_core,29,TIMP2,False,False,False,False
MSC,CAFs myCAF-like,Fibro_myCAF,full_core,30,CDH11,False,False,False,False
MSC,CAFs myCAF-like,Fibro_myCAF,full_core,31,MXRA5,False,False,False,False
MSC,CAFs myCAF-like,Fibro_myCAF,full_core,32,FBLN1,False,False,False,False
MSC,CAFs myCAF-like,Fibro_myCAF,full_core,33,THY1,False,False,False,False
MSC,CAFs myCAF-like,Fibro_myCAF,full_core,34,LRP1,False,False,False,False
MSC,CAFs myCAF-like,Fibro_myCAF,full_core,35,SPON2,False,False,False,False
MSC,CAFs myCAF-like,Fibro_myCAF,full_core,36,CERCAM,False,False,False,False
MSC,CAFs myCAF-like,Fibro_myCAF,full_core,37,COL12A1,False,False,False,False
MSC,CAFs myCAF-like,Fibro_myCAF,full_core,38,FSTL1,False,False,False,False
MSC,CAFs myCAF-like,Fibro_myCAF,full_core,39,RCN3,False,False,False,False
MSC,CAFs myCAF-like,Fibro_myCAF,full_core,40,FBN1,False,False,False,False
MSC,CAFs myCAF-like,Fibro_myCAF,full_core,41,PCOLCE,False,False,False,False
MSC,CAFs myCAF-like,Fibro_myCAF,full_core,42,ADAM12,False,False,False,False
MSC,CAFs myCAF-like,Fibro_myCAF,full_core,43,MMP14,False,False,False,False
MSC,CAFs myCAF-like,Fibro_myCAF,full_core,44,COL8A1,False,False,False,False
MSC,CAFs myCAF-like,Fibro_myCAF,full_core,45,ASPN,False,False,False,False
MSC,CAFs myCAF-like,Fibro_myCAF,full_core,46,FAP,False,False,False,False
MSC,CAFs myCAF-like,Fibro_myCAF,full_core,47,SERPINF1,False,False,False,False
MSC,CAFs myCAF-like,Fibro_myCAF,full_core,48,CTGF,False,False,False,False
MSC,CAFs myCAF-like,Fibro_myCAF,full_core,49,COL10A1,False,False,False,False
MSC,CAFs myCAF-like,Fibro_myCAF,full_core,50,CTSB,False,False,False,False
MSC,Cycling PVL,Fibro_PVL,standard,1,TUBA1B,True,True,False,False
MSC,Cycling PVL,Fibro_PVL,standard,2,TYMS,True,True,False,False
MSC,Cycling PVL,Fibro_PVL,standard,3,STMN1,False,False,False,False
MSC,Cycling PVL,Fibro_PVL,standard,4,H2AFZ,True,True,False,False
MSC,Cycling PVL,Fibro_PVL,standard,5,HMGN2,False,False,False,False
MSC,Cycling PVL,Fibro_PVL,standard,6,TK1,True,True,False,False
MSC,Cycling PVL,Fibro_PVL,standard,7,TUBB,False,False,False,False
MSC,Cycling PVL,Fibro_PVL,standard,8,ACTA2,False,False,False,True
MSC,Cycling PVL,Fibro_PVL,standard,9,RPA3,False,False,False,False
MSC,Cycling PVL,Fibro_PVL,standard,10,RAN,False,False,False,False
MSC,Cycling PVL,Fibro_PVL,standard,11,KIAA0101,True,True,False,False
MSC,Cycling PVL,Fibro_PVL,standard,12,SLC25A5,False,False,False,False
MSC,Cycling PVL,Fibro_PVL,standard,13,RANBP1,True,True,False,False
MSC,Cycling PVL,Fibro_PVL,standard,14,CENPF,True,True,False,False
MSC,Cycling PVL,Fibro_PVL,standard,15,PFN1,False,False,False,False
MSC,Cycling PVL,Fibro_PVL,standard,16,PCNA,False,False,False,False
MSC,Cycling PVL,Fibro_PVL,standard,17,CKS2,True,True,False,False
MSC,Cycling PVL,Fibro_PVL,standard,18,LGALS1,False,False,False,False
MSC,Cycling PVL,Fibro_PVL,standard,19,HMGB1,True,True,False,False
MSC,Cycling PVL,Fibro_PVL,standard,20,BIRC5,False,False,False,False
MSC,Cycling PVL,Fibro_PVL,standard,21,SMC2,False,False,False,False
MSC,Cycling PVL,Fibro_PVL,standard,22,SDC2,False,False,False,False
MSC,Cycling PVL,Fibro_PVL,standard,23,NDUFA4L2,False,False,False,False
MSC,Cycling PVL,Fibro_PVL,standard,24,DTYMK,True,True,False,False
MSC,Cycling PVL,Fibro_PVL,standard,25,MAD2L1,True,True,False,False
MSC,Cycling PVL,Fibro_PVL,standard,26,DUT,False,False,False,False
MSC,Cycling PVL,Fibro_PVL,standard,27,UBE2T,True,True,False,False
MSC,Cycling PVL,Fibro_PVL,standard,28,GGH,False,False,False,False
MSC,Cycling PVL,Fibro_PVL,standard,29,PTTG1,True,True,False,False
MSC,Cycling PVL,Fibro_PVL,standard,30,CKS1B,True,True,False,False
MSC,Cycling PVL,Fibro_PVL,standard,31,TMEM106C,False,False,False,False
MSC,Cycling PVL,Fibro_PVL,standard,32,VPS29,False,False,False,False
MSC,Cycling PVL,Fibro_PVL,standard,33,LMNB1,True,True,False,False
MSC,Cycling PVL,Fibro_PVL,standard,34,H2AFV,False,False,False,False
MSC,Cycling PVL,Fibro_PVL,standard,35,MKI67,False,False,False,False
MSC,Cycling PVL,Fibro_PVL,standard,36,UBE2C,True,True,False,False
MSC,Cycling PVL,Fibro_PVL,standard,37,TIMP1,False,False,False,False
MSC,Cycling PVL,Fibro_PVL,standard,38,GAPDH,False,False,False,False
MSC,Cycling PVL,Fibro_PVL,standard,39,NUCKS1,False,False,False,False
MSC,Cycling PVL,Fibro_PVL,standard,40,MYL9,False,False,False,False
MSC,Cycling PVL,Fibro_PVL,standard,41,CENPW,True,True,False,False
MSC,Cycling PVL,Fibro_PVL,standard,42,MYLK,False,False,False,False
MSC,Cycling PVL,Fibro_PVL,standard,43,THY1,False,False,False,False
MSC,Cycling PVL,Fibro_PVL,standard,44,NAP1L1,False,False,False,False
MSC,Cycling PVL,Fibro_PVL,standard,45,TOP2A,False,False,False,False
MSC,Cycling PVL,Fibro_PVL,standard,46,LINC00152,True,True,False,False
MSC,Cycling PVL,Fibro_PVL,standard,47,SMC4,True,True,False,False
MSC,Cycling PVL,Fibro_PVL,standard,48,UQCC2,False,False,False,False
MSC,Cycling PVL,Fibro_PVL,standard,49,IDH2,False,False,False,False
MSC,Cycling PVL,Fibro_PVL,standard,50,HMGB2,True,True,False,False
MSC,Cycling PVL,Fibro_PVL,filter_only,1,TUBA1B,True,True,False,False
MSC,Cycling PVL,Fibro_PVL,filter_only,2,TYMS,True,True,False,False
MSC,Cycling PVL,Fibro_PVL,filter_only,3,STMN1,False,False,False,False
MSC,Cycling PVL,Fibro_PVL,filter_only,4,H2AFZ,True,True,False,False
MSC,Cycling PVL,Fibro_PVL,filter_only,5,HMGN2,False,False,False,False
MSC,Cycling PVL,Fibro_PVL,filter_only,6,TK1,True,True,False,False
MSC,Cycling PVL,Fibro_PVL,filter_only,7,TUBB,False,False,False,False
MSC,Cycling PVL,Fibro_PVL,filter_only,8,ACTA2,False,False,False,True
MSC,Cycling PVL,Fibro_PVL,filter_only,9,RPA3,False,False,False,False
MSC,Cycling PVL,Fibro_PVL,filter_only,10,RAN,False,False,False,False
MSC,Cycling PVL,Fibro_PVL,filter_only,11,KIAA0101,True,True,False,False
MSC,Cycling PVL,Fibro_PVL,filter_only,12,SLC25A5,False,False,False,False
MSC,Cycling PVL,Fibro_PVL,filter_only,13,RANBP1,True,True,False,False
MSC,Cycling PVL,Fibro_PVL,filter_only,14,CENPF,True,True,False,False
MSC,Cycling PVL,Fibro_PVL,filter_only,15,PFN1,False,False,False,False
MSC,Cycling PVL,Fibro_PVL,filter_only,16,PCNA,False,False,False,False
MSC,Cycling PVL,Fibro_PVL,filter_only,17,CKS2,True,True,False,False
MSC,Cycling PVL,Fibro_PVL,filter_only,18,LGALS1,False,False,False,False
MSC,Cycling PVL,Fibro_PVL,filter_only,19,HMGB1,True,True,False,False
MSC,Cycling PVL,Fibro_PVL,filter_only,20,BIRC5,False,False,False,False
MSC,Cycling PVL,Fibro_PVL,filter_only,21,SMC2,False,False,False,False
MSC,Cycling PVL,Fibro_PVL,filter_only,22,SDC2,False,False,False,False
MSC,Cycling PVL,Fibro_PVL,filter_only,23,NDUFA4L2,False,False,False,False
MSC,Cycling PVL,Fibro_PVL,filter_only,24,DTYMK,True,True,False,False
MSC,Cycling PVL,Fibro_PVL,filter_only,25,MAD2L1,True,True,False,False
MSC,Cycling PVL,Fibro_PVL,filter_only,26,DUT,False,False,False,False
MSC,Cycling PVL,Fibro_PVL,filter_only,27,UBE2T,True,True,False,False
MSC,Cycling PVL,Fibro_PVL,filter_only,28,GGH,False,False,False,False
MSC,Cycling PVL,Fibro_PVL,filter_only,29,PTTG1,True,True,False,False
MSC,Cycling PVL,Fibro_PVL,filter_only,30,CKS1B,True,True,False,False
MSC,Cycling PVL,Fibro_PVL,filter_only,31,TMEM106C,False,False,False,False
MSC,Cycling PVL,Fibro_PVL,filter_only,32,VPS29,False,False,False,False
MSC,Cycling PVL,Fibro_PVL,filter_only,33,LMNB1,True,True,False,False
MSC,Cycling PVL,Fibro_PVL,filter_only,34,H2AFV,False,False,False,False
MSC,Cycling PVL,Fibro_PVL,filter_only,35,MKI67,False,False,False,False
MSC,Cycling PVL,Fibro_PVL,filter_only,36,UBE2C,True,True,False,False
MSC,Cycling PVL,Fibro_PVL,filter_only,37,TIMP1,False,False,False,False
MSC,Cycling PVL,Fibro_PVL,filter_only,38,GAPDH,False,False,False,False
MSC,Cycling PVL,Fibro_PVL,filter_only,39,NUCKS1,False,False,False,False
MSC,Cycling PVL,Fibro_PVL,filter_only,40,MYL9,False,False,False,False
MSC,Cycling PVL,Fibro_PVL,filter_only,41,CENPW,True,True,False,False
MSC,Cycling PVL,Fibro_PVL,filter_only,42,MYLK,False,False,False,False
MSC,Cycling PVL,Fibro_PVL,filter_only,43,THY1,False,False,False,False
MSC,Cycling PVL,Fibro_PVL,filter_only,44,NAP1L1,False,False,False,False
MSC,Cycling PVL,Fibro_PVL,filter_only,45,TOP2A,False,False,False,False
MSC,Cycling PVL,Fibro_PVL,filter_only,46,LINC00152,True,True,False,False
MSC,Cycling PVL,Fibro_PVL,filter_only,47,SMC4,True,True,False,False
MSC,Cycling PVL,Fibro_PVL,filter_only,48,UQCC2,False,False,False,False
MSC,Cycling PVL,Fibro_PVL,filter_only,49,IDH2,False,False,False,False
MSC,Cycling PVL,Fibro_PVL,filter_only,50,HMGB2,True,True,False,False
MSC,Cycling PVL,Fibro_PVL,regex_mask,1,STMN1,False,False,False,False
MSC,Cycling PVL,Fibro_PVL,regex_mask,2,HMGN2,False,False,False,False
MSC,Cycling PVL,Fibro_PVL,regex_mask,3,TUBB,False,False,False,False
MSC,Cycling PVL,Fibro_PVL,regex_mask,4,ACTA2,False,False,False,True
MSC,Cycling PVL,Fibro_PVL,regex_mask,5,RPA3,False,False,False,False
MSC,Cycling PVL,Fibro_PVL,regex_mask,6,RAN,False,False,False,False
MSC,Cycling PVL,Fibro_PVL,regex_mask,7,SLC25A5,False,False,False,False
MSC,Cycling PVL,Fibro_PVL,regex_mask,8,PFN1,False,False,False,False
MSC,Cycling PVL,Fibro_PVL,regex_mask,9,PCNA,False,False,False,False
MSC,Cycling PVL,Fibro_PVL,regex_mask,10,LGALS1,False,False,False,False
MSC,Cycling PVL,Fibro_PVL,regex_mask,11,BIRC5,False,False,False,False
MSC,Cycling PVL,Fibro_PVL,regex_mask,12,SMC2,False,False,False,False
MSC,Cycling PVL,Fibro_PVL,regex_mask,13,SDC2,False,False,False,False
MSC,Cycling PVL,Fibro_PVL,regex_mask,14,NDUFA4L2,False,False,False,False
MSC,Cycling PVL,Fibro_PVL,regex_mask,15,DUT,False,False,False,False
MSC,Cycling PVL,Fibro_PVL,regex_mask,16,GGH,False,False,False,False
MSC,Cycling PVL,Fibro_PVL,regex_mask,17,TMEM106C,False,False,False,False
MSC,Cycling PVL,Fibro_PVL,regex_mask,18,VPS29,False,False,False,False
MSC,Cycling PVL,Fibro_PVL,regex_mask,19,H2AFV,False,False,False,False
MSC,Cycling PVL,Fibro_PVL,regex_mask,20,MKI67,False,False,False,False
MSC,Cycling PVL,Fibro_PVL,regex_mask,21,TIMP1,False,False,False,False
MSC,Cycling PVL,Fibro_PVL,regex_mask,22,GAPDH,False,False,False,False
MSC,Cycling PVL,Fibro_PVL,regex_mask,23,NUCKS1,False,False,False,False
MSC,Cycling PVL,Fibro_PVL,regex_mask,24,MYL9,False,False,False,False
MSC,Cycling PVL,Fibro_PVL,regex_mask,25,MYLK,False,False,False,False
MSC,Cycling PVL,Fibro_PVL,regex_mask,26,THY1,False,False,False,False
MSC,Cycling PVL,Fibro_PVL,regex_mask,27,NAP1L1,False,False,False,False
MSC,Cycling PVL,Fibro_PVL,regex_mask,28,TOP2A,False,False,False,False
MSC,Cycling PVL,Fibro_PVL,regex_mask,29,UQCC2,False,False,False,False
MSC,Cycling PVL,Fibro_PVL,regex_mask,30,IDH2,False,False,False,False
MSC,Cycling PVL,Fibro_PVL,regex_mask,31,COL4A2,False,False,False,False
MSC,Cycling PVL,Fibro_PVL,regex_mask,32,CENPK,False,False,False,False
MSC,Cycling PVL,Fibro_PVL,regex_mask,33,CALD1,False,False,False,False
MSC,Cycling PVL,Fibro_PVL,regex_mask,34,COX7A2,False,False,False,False
MSC,Cycling PVL,Fibro_PVL,regex_mask,35,CFL1,False,False,False,False
MSC,Cycling PVL,Fibro_PVL,regex_mask,36,CENPU,False,False,False,False
MSC,Cycling PVL,Fibro_PVL,regex_mask,37,ENPEP,False,False,False,False
MSC,Cycling PVL,Fibro_PVL,regex_mask,38,MIR4435-2HG,False,False,False,False
MSC,Cycling PVL,Fibro_PVL,regex_mask,39,COMMD4,False,False,False,False
MSC,Cycling PVL,Fibro_PVL,regex_mask,40,MZT2B,False,False,False,False
MSC,Cycling PVL,Fibro_PVL,regex_mask,41,TPM1,False,False,False,False
MSC,Cycling PVL,Fibro_PVL,regex_mask,42,GUCY1B3,False,False,False,False
MSC,Cycling PVL,Fibro_PVL,regex_mask,43,SIVA1,False,False,False,False
MSC,Cycling PVL,Fibro_PVL,regex_mask,44,CENPN,False,False,False,False
MSC,Cycling PVL,Fibro_PVL,regex_mask,45,HNRNPD,False,False,False,False
MSC,Cycling PVL,Fibro_PVL,regex_mask,46,TPM2,False,False,False,False
MSC,Cycling PVL,Fibro_PVL,regex_mask,47,MAP3K7CL,False,False,False,False
MSC,Cycling PVL,Fibro_PVL,regex_mask,48,ATP5G3,False,False,False,False
MSC,Cycling PVL,Fibro_PVL,regex_mask,49,MYL6,False,False,False,False
MSC,Cycling PVL,Fibro_PVL,regex_mask,50,CALU,False,False,False,False
MSC,Cycling PVL,Fibro_PVL,full_core,1,STMN1,False,False,False,False
MSC,Cycling PVL,Fibro_PVL,full_core,2,ACTA2,False,False,False,True
MSC,Cycling PVL,Fibro_PVL,full_core,3,SLC25A5,False,False,False,False
MSC,Cycling PVL,Fibro_PVL,full_core,4,PCNA,False,False,False,False
MSC,Cycling PVL,Fibro_PVL,full_core,5,LGALS1,False,False,False,False
MSC,Cycling PVL,Fibro_PVL,full_core,6,BIRC5,False,False,False,False
MSC,Cycling PVL,Fibro_PVL,full_core,7,SDC2,False,False,False,False
MSC,Cycling PVL,Fibro_PVL,full_core,8,NDUFA4L2,False,False,False,False
MSC,Cycling PVL,Fibro_PVL,full_core,9,GGH,False,False,False,False
MSC,Cycling PVL,Fibro_PVL,full_core,10,MKI67,False,False,False,False
MSC,Cycling PVL,Fibro_PVL,full_core,11,TIMP1,False,False,False,False
MSC,Cycling PVL,Fibro_PVL,full_core,12,MYL9,False,False,False,False
MSC,Cycling PVL,Fibro_PVL,full_core,13,MYLK,False,False,False,False
MSC,Cycling PVL,Fibro_PVL,full_core,14,THY1,False,False,False,False
MSC,Cycling PVL,Fibro_PVL,full_core,15,TOP2A,False,False,False,False
MSC,Cycling PVL,Fibro_PVL,full_core,16,LINC00152,True,True,False,False
MSC,Cycling PVL,Fibro_PVL,full_core,17,COL4A2,False,False,False,False
MSC,Cycling PVL,Fibro_PVL,full_core,18,CENPK,False,False,False,False
MSC,Cycling PVL,Fibro_PVL,full_core,19,CALD1,False,False,False,False
MSC,Cycling PVL,Fibro_PVL,full_core,20,CENPU,False,False,False,False
MSC,Cycling PVL,Fibro_PVL,full_core,21,ENPEP,False,False,False,False
MSC,Cycling PVL,Fibro_PVL,full_core,22,MIR4435-2HG,False,False,False,False
MSC,Cycling PVL,Fibro_PVL,full_core,23,MZT2B,False,False,False,False
MSC,Cycling PVL,Fibro_PVL,full_core,24,TPM1,False,False,False,False
MSC,Cycling PVL,Fibro_PVL,full_core,25,GUCY1B3,False,False,False,False
MSC,Cycling PVL,Fibro_PVL,full_core,26,CENPN,False,False,False,False
MSC,Cycling PVL,Fibro_PVL,full_core,27,TPM2,False,False,False,False
MSC,Cycling PVL,Fibro_PVL,full_core,28,MAP3K7CL,False,False,False,False
MSC,Cycling PVL,Fibro_PVL,full_core,29,CALU,False,False,False,False
MSC,Cycling PVL,Fibro_PVL,full_core,30,PTN,False,False,False,False
MSC,Cycling PVL,Fibro_PVL,full_core,31,COL18A1,False,False,False,False
MSC,Cycling PVL,Fibro_PVL,full_core,32,COL4A1,False,False,False,False
MSC,Cycling PVL,Fibro_PVL,full_core,33,CYBA,False,False,False,False
MSC,Cycling PVL,Fibro_PVL,full_core,34,DNAJC9,False,False,False,False
MSC,Cycling PVL,Fibro_PVL,full_core,35,RGS5,False,False,False,True
MSC,Cycling PVL,Fibro_PVL,full_core,36,SEPT4,False,False,False,False
MSC,Cycling PVL,Fibro_PVL,full_core,37,COL5A3,False,False,False,False
MSC,Cycling PVL,Fibro_PVL,full_core,38,S1PR3,False,False,False,False
MSC,Cycling PVL,Fibro_PVL,full_core,39,PHLDA2,False,False,False,False
MSC,Cycling PVL,Fibro_PVL,full_core,40,EMP3,False,False,False,False
MSC,Cycling PVL,Fibro_PVL,full_core,41,COL5A2,False,False,False,False
MSC,Cycling PVL,Fibro_PVL,full_core,42,MINOS1,False,False,False,False
MSC,Cycling PVL,Fibro_PVL,full_core,43,TAGLN,False,False,False,True
MSC,Cycling PVL,Fibro_PVL,full_core,44,EGFL6,False,False,False,False
MSC,Cycling PVL,Fibro_PVL,full_core,45,NME1,False,False,False,False
MSC,Cycling PVL,Fibro_PVL,full_core,46,SEPT11,False,False,False,False
MSC,Cycling PVL,Fibro_PVL,full_core,47,CD82,False,False,False,False
MSC,Cycling PVL,Fibro_PVL,full_core,48,TPM4,False,False,False,False
MSC,Cycling PVL,Fibro_PVL,full_core,49,PGAM1,False,False,False,False
MSC,Cycling PVL,Fibro_PVL,full_core,50,GJC1,False,False,False,False
MSC,Endothelial ACKR1,Endothelial,standard,1,ACKR1,False,False,False,False
MSC,Endothelial ACKR1,Endothelial,standard,2,CD74,False,False,False,False
MSC,Endothelial ACKR1,Endothelial,standard,3,VWF,False,False,False,True
MSC,Endothelial ACKR1,Endothelial,standard,4,HLA-DRA,False,False,False,False
MSC,Endothelial ACKR1,Endothelial,standard,5,HLA-DRB1,False,False,False,False
MSC,Endothelial ACKR1,Endothelial,standard,6,HLA-DPA1,False,False,False,False
MSC,Endothelial ACKR1,Endothelial,standard,7,PLVAP,False,False,False,False
MSC,Endothelial ACKR1,Endothelial,standard,8,AQP1,False,False,False,False
MSC,Endothelial ACKR1,Endothelial,standard,9,RAMP3,False,False,False,False
MSC,Endothelial ACKR1,Endothelial,standard,10,HLA-DRB5,False,False,False,False
MSC,Endothelial ACKR1,Endothelial,standard,11,PECAM1,False,False,False,True
MSC,Endothelial ACKR1,Endothelial,standard,12,DUSP23,False,False,False,False
MSC,Endothelial ACKR1,Endothelial,standard,13,PRCP,False,False,False,False
MSC,Endothelial ACKR1,Endothelial,standard,14,HLA-DPB1,False,False,False,False
MSC,Endothelial ACKR1,Endothelial,standard,15,ZNF385D,False,False,False,False
MSC,Endothelial ACKR1,Endothelial,standard,16,ENG,False,False,False,False
MSC,Endothelial ACKR1,Endothelial,standard,17,NPDC1,False,False,False,False
MSC,Endothelial ACKR1,Endothelial,standard,18,FKBP1A,False,False,False,False
MSC,Endothelial ACKR1,Endothelial,standard,19,HLA-DQB1,False,False,False,False
MSC,Endothelial ACKR1,Endothelial,standard,20,RNASE1,False,False,False,False
MSC,Endothelial ACKR1,Endothelial,standard,21,CLU,False,False,False,False
MSC,Endothelial ACKR1,Endothelial,standard,22,TGFBR2,False,False,False,False
MSC,Endothelial ACKR1,Endothelial,standard,23,PDLIM1,False,False,False,False
MSC,Endothelial ACKR1,Endothelial,standard,24,EMCN,False,False,False,False
MSC,Endothelial ACKR1,Endothelial,standard,25,ARL4A,False,False,False,False
MSC,Endothelial ACKR1,Endothelial,standard,26,HLA-DMA,False,False,False,False
MSC,Endothelial ACKR1,Endothelial,standard,27,CXorf36,False,False,False,False
MSC,Endothelial ACKR1,Endothelial,standard,28,CCL14,False,False,False,False
MSC,Endothelial ACKR1,Endothelial,standard,29,TM4SF1,False,False,False,False
MSC,Endothelial ACKR1,Endothelial,standard,30,TSPAN7,False,False,False,False
MSC,Endothelial ACKR1,Endothelial,standard,31,S100A10,False,False,False,False
MSC,Endothelial ACKR1,Endothelial,standard,32,ETS2,False,False,False,False
MSC,Endothelial ACKR1,Endothelial,standard,33,SNCG,False,False,False,False
MSC,Endothelial ACKR1,Endothelial,standard,34,HLA-E,True,True,False,False
MSC,Endothelial ACKR1,Endothelial,standard,35,IL33,False,False,False,False
MSC,Endothelial ACKR1,Endothelial,standard,36,ADGRL4,False,False,False,False
MSC,Endothelial ACKR1,Endothelial,standard,37,TPM3,False,False,False,False
MSC,Endothelial ACKR1,Endothelial,standard,38,SDCBP,False,False,False,False
MSC,Endothelial ACKR1,Endothelial,standard,39,ITGA6,False,False,False,False
MSC,Endothelial ACKR1,Endothelial,standard,40,CALCRL,False,False,False,False
MSC,Endothelial ACKR1,Endothelial,standard,41,CDC42EP3,False,False,False,False
MSC,Endothelial ACKR1,Endothelial,standard,42,EGFL7,False,False,False,False
MSC,Endothelial ACKR1,Endothelial,standard,43,SPRY1,False,False,False,False
MSC,Endothelial ACKR1,Endothelial,standard,44,MCTP1,False,False,False,False
MSC,Endothelial ACKR1,Endothelial,standard,45,HLA-DQA1,False,False,False,False
MSC,Endothelial ACKR1,Endothelial,standard,46,ADAM15,False,False,False,False
MSC,Endothelial ACKR1,Endothelial,standard,47,FXYD5,False,False,False,False
MSC,Endothelial ACKR1,Endothelial,standard,48,SELP,False,False,False,False
MSC,Endothelial ACKR1,Endothelial,standard,49,RAMP2,False,False,False,False
MSC,Endothelial ACKR1,Endothelial,standard,50,CYYR1,False,False,False,False
MSC,Endothelial ACKR1,Endothelial,filter_only,1,ACKR1,False,False,False,False
MSC,Endothelial ACKR1,Endothelial,filter_only,2,CD74,False,False,False,False
MSC,Endothelial ACKR1,Endothelial,filter_only,3,VWF,False,False,False,True
MSC,Endothelial ACKR1,Endothelial,filter_only,4,HLA-DRA,False,False,False,False
MSC,Endothelial ACKR1,Endothelial,filter_only,5,HLA-DRB1,False,False,False,False
MSC,Endothelial ACKR1,Endothelial,filter_only,6,HLA-DPA1,False,False,False,False
MSC,Endothelial ACKR1,Endothelial,filter_only,7,PLVAP,False,False,False,False
MSC,Endothelial ACKR1,Endothelial,filter_only,8,AQP1,False,False,False,False
MSC,Endothelial ACKR1,Endothelial,filter_only,9,RAMP3,False,False,False,False
MSC,Endothelial ACKR1,Endothelial,filter_only,10,HLA-DRB5,False,False,False,False
MSC,Endothelial ACKR1,Endothelial,filter_only,11,PECAM1,False,False,False,True
MSC,Endothelial ACKR1,Endothelial,filter_only,12,DUSP23,False,False,False,False
MSC,Endothelial ACKR1,Endothelial,filter_only,13,PRCP,False,False,False,False
MSC,Endothelial ACKR1,Endothelial,filter_only,14,HLA-DPB1,False,False,False,False
MSC,Endothelial ACKR1,Endothelial,filter_only,15,ZNF385D,False,False,False,False
MSC,Endothelial ACKR1,Endothelial,filter_only,16,ENG,False,False,False,False
MSC,Endothelial ACKR1,Endothelial,filter_only,17,NPDC1,False,False,False,False
MSC,Endothelial ACKR1,Endothelial,filter_only,18,FKBP1A,False,False,False,False
MSC,Endothelial ACKR1,Endothelial,filter_only,19,HLA-DQB1,False,False,False,False
MSC,Endothelial ACKR1,Endothelial,filter_only,20,RNASE1,False,False,False,False
MSC,Endothelial ACKR1,Endothelial,filter_only,21,CLU,False,False,False,False
MSC,Endothelial ACKR1,Endothelial,filter_only,22,TGFBR2,False,False,False,False
MSC,Endothelial ACKR1,Endothelial,filter_only,23,PDLIM1,False,False,False,False
MSC,Endothelial ACKR1,Endothelial,filter_only,24,EMCN,False,False,False,False
MSC,Endothelial ACKR1,Endothelial,filter_only,25,ARL4A,False,False,False,False
MSC,Endothelial ACKR1,Endothelial,filter_only,26,HLA-DMA,False,False,False,False
MSC,Endothelial ACKR1,Endothelial,filter_only,27,CXorf36,False,False,False,False
MSC,Endothelial ACKR1,Endothelial,filter_only,28,CCL14,False,False,False,False
MSC,Endothelial ACKR1,Endothelial,filter_only,29,TM4SF1,False,False,False,False
MSC,Endothelial ACKR1,Endothelial,filter_only,30,TSPAN7,False,False,False,False
MSC,Endothelial ACKR1,Endothelial,filter_only,31,S100A10,False,False,False,False
MSC,Endothelial ACKR1,Endothelial,filter_only,32,ETS2,False,False,False,False
MSC,Endothelial ACKR1,Endothelial,filter_only,33,SNCG,False,False,False,False
MSC,Endothelial ACKR1,Endothelial,filter_only,34,HLA-E,True,True,False,False
MSC,Endothelial ACKR1,Endothelial,filter_only,35,IL33,False,False,False,False
MSC,Endothelial ACKR1,Endothelial,filter_only,36,ADGRL4,False,False,False,False
MSC,Endothelial ACKR1,Endothelial,filter_only,37,TPM3,False,False,False,False
MSC,Endothelial ACKR1,Endothelial,filter_only,38,SDCBP,False,False,False,False
MSC,Endothelial ACKR1,Endothelial,filter_only,39,ITGA6,False,False,False,False
MSC,Endothelial ACKR1,Endothelial,filter_only,40,CALCRL,False,False,False,False
MSC,Endothelial ACKR1,Endothelial,filter_only,41,CDC42EP3,False,False,False,False
MSC,Endothelial ACKR1,Endothelial,filter_only,42,EGFL7,False,False,False,False
MSC,Endothelial ACKR1,Endothelial,filter_only,43,SPRY1,False,False,False,False
MSC,Endothelial ACKR1,Endothelial,filter_only,44,MCTP1,False,False,False,False
MSC,Endothelial ACKR1,Endothelial,filter_only,45,HLA-DQA1,False,False,False,False
MSC,Endothelial ACKR1,Endothelial,filter_only,46,ADAM15,False,False,False,False
MSC,Endothelial ACKR1,Endothelial,filter_only,47,FXYD5,False,False,False,False
MSC,Endothelial ACKR1,Endothelial,filter_only,48,SELP,False,False,False,False
MSC,Endothelial ACKR1,Endothelial,filter_only,49,RAMP2,False,False,False,False
MSC,Endothelial ACKR1,Endothelial,filter_only,50,CYYR1,False,False,False,False
MSC,Endothelial ACKR1,Endothelial,regex_mask,1,ACKR1,False,False,False,False
MSC,Endothelial ACKR1,Endothelial,regex_mask,2,CD74,False,False,False,False
MSC,Endothelial ACKR1,Endothelial,regex_mask,3,VWF,False,False,False,True
MSC,Endothelial ACKR1,Endothelial,regex_mask,4,HLA-DRA,False,False,False,False
MSC,Endothelial ACKR1,Endothelial,regex_mask,5,HLA-DRB1,False,False,False,False
MSC,Endothelial ACKR1,Endothelial,regex_mask,6,HLA-DPA1,False,False,False,False
MSC,Endothelial ACKR1,Endothelial,regex_mask,7,PLVAP,False,False,False,False
MSC,Endothelial ACKR1,Endothelial,regex_mask,8,AQP1,False,False,False,False
MSC,Endothelial ACKR1,Endothelial,regex_mask,9,RAMP3,False,False,False,False
MSC,Endothelial ACKR1,Endothelial,regex_mask,10,HLA-DRB5,False,False,False,False
MSC,Endothelial ACKR1,Endothelial,regex_mask,11,PECAM1,False,False,False,True
MSC,Endothelial ACKR1,Endothelial,regex_mask,12,DUSP23,False,False,False,False
MSC,Endothelial ACKR1,Endothelial,regex_mask,13,PRCP,False,False,False,False
MSC,Endothelial ACKR1,Endothelial,regex_mask,14,HLA-DPB1,False,False,False,False
MSC,Endothelial ACKR1,Endothelial,regex_mask,15,ZNF385D,False,False,False,False
MSC,Endothelial ACKR1,Endothelial,regex_mask,16,ENG,False,False,False,False
MSC,Endothelial ACKR1,Endothelial,regex_mask,17,NPDC1,False,False,False,False
MSC,Endothelial ACKR1,Endothelial,regex_mask,18,FKBP1A,False,False,False,False
MSC,Endothelial ACKR1,Endothelial,regex_mask,19,HLA-DQB1,False,False,False,False
MSC,Endothelial ACKR1,Endothelial,regex_mask,20,RNASE1,False,False,False,False
MSC,Endothelial ACKR1,Endothelial,regex_mask,21,CLU,False,False,False,False
MSC,Endothelial ACKR1,Endothelial,regex_mask,22,TGFBR2,False,False,False,False
MSC,Endothelial ACKR1,Endothelial,regex_mask,23,PDLIM1,False,False,False,False
MSC,Endothelial ACKR1,Endothelial,regex_mask,24,EMCN,False,False,False,False
MSC,Endothelial ACKR1,Endothelial,regex_mask,25,ARL4A,False,False,False,False
MSC,Endothelial ACKR1,Endothelial,regex_mask,26,HLA-DMA,False,False,False,False
MSC,Endothelial ACKR1,Endothelial,regex_mask,27,CXorf36,False,False,False,False
MSC,Endothelial ACKR1,Endothelial,regex_mask,28,CCL14,False,False,False,False
MSC,Endothelial ACKR1,Endothelial,regex_mask,29,TM4SF1,False,False,False,False
MSC,Endothelial ACKR1,Endothelial,regex_mask,30,TSPAN7,False,False,False,False
MSC,Endothelial ACKR1,Endothelial,regex_mask,31,S100A10,False,False,False,False
MSC,Endothelial ACKR1,Endothelial,regex_mask,32,ETS2,False,False,False,False
MSC,Endothelial ACKR1,Endothelial,regex_mask,33,SNCG,False,False,False,False
MSC,Endothelial ACKR1,Endothelial,regex_mask,34,IL33,False,False,False,False
MSC,Endothelial ACKR1,Endothelial,regex_mask,35,ADGRL4,False,False,False,False
MSC,Endothelial ACKR1,Endothelial,regex_mask,36,TPM3,False,False,False,False
MSC,Endothelial ACKR1,Endothelial,regex_mask,37,SDCBP,False,False,False,False
MSC,Endothelial ACKR1,Endothelial,regex_mask,38,ITGA6,False,False,False,False
MSC,Endothelial ACKR1,Endothelial,regex_mask,39,CALCRL,False,False,False,False
MSC,Endothelial ACKR1,Endothelial,regex_mask,40,CDC42EP3,False,False,False,False
MSC,Endothelial ACKR1,Endothelial,regex_mask,41,EGFL7,False,False,False,False
MSC,Endothelial ACKR1,Endothelial,regex_mask,42,SPRY1,False,False,False,False
MSC,Endothelial ACKR1,Endothelial,regex_mask,43,MCTP1,False,False,False,False
MSC,Endothelial ACKR1,Endothelial,regex_mask,44,HLA-DQA1,False,False,False,False
MSC,Endothelial ACKR1,Endothelial,regex_mask,45,ADAM15,False,False,False,False
MSC,Endothelial ACKR1,Endothelial,regex_mask,46,FXYD5,False,False,False,False
MSC,Endothelial ACKR1,Endothelial,regex_mask,47,SELP,False,False,False,False
MSC,Endothelial ACKR1,Endothelial,regex_mask,48,RAMP2,False,False,False,False
MSC,Endothelial ACKR1,Endothelial,regex_mask,49,CYYR1,False,False,False,False
MSC,Endothelial ACKR1,Endothelial,regex_mask,50,GUK1,False,False,False,False
MSC,Endothelial ACKR1,Endothelial,full_core,1,ACKR1,False,False,False,False
MSC,Endothelial ACKR1,Endothelial,full_core,2,CD74,False,False,False,False
MSC,Endothelial ACKR1,Endothelial,full_core,3,VWF,False,False,False,True
MSC,Endothelial ACKR1,Endothelial,full_core,4,HLA-DRA,False,False,False,False
MSC,Endothelial ACKR1,Endothelial,full_core,5,HLA-DRB1,False,False,False,False
MSC,Endothelial ACKR1,Endothelial,full_core,6,HLA-DPA1,False,False,False,False
MSC,Endothelial ACKR1,Endothelial,full_core,7,PLVAP,False,False,False,False
MSC,Endothelial ACKR1,Endothelial,full_core,8,AQP1,False,False,False,False
MSC,Endothelial ACKR1,Endothelial,full_core,9,RAMP3,False,False,False,False
MSC,Endothelial ACKR1,Endothelial,full_core,10,HLA-DRB5,False,False,False,False
MSC,Endothelial ACKR1,Endothelial,full_core,11,PECAM1,False,False,False,True
MSC,Endothelial ACKR1,Endothelial,full_core,12,DUSP23,False,False,False,False
MSC,Endothelial ACKR1,Endothelial,full_core,13,PRCP,False,False,False,False
MSC,Endothelial ACKR1,Endothelial,full_core,14,HLA-DPB1,False,False,False,False
MSC,Endothelial ACKR1,Endothelial,full_core,15,ZNF385D,False,False,False,False
MSC,Endothelial ACKR1,Endothelial,full_core,16,HLA-DQB1,False,False,False,False
MSC,Endothelial ACKR1,Endothelial,full_core,17,CLU,False,False,False,False
MSC,Endothelial ACKR1,Endothelial,full_core,18,CCL14,False,False,False,False
MSC,Endothelial ACKR1,Endothelial,full_core,19,TM4SF1,False,False,False,False
MSC,Endothelial ACKR1,Endothelial,full_core,20,TSPAN7,False,False,False,False
MSC,Endothelial ACKR1,Endothelial,full_core,21,CALCRL,False,False,False,False
MSC,Endothelial ACKR1,Endothelial,full_core,22,HLA-DQA1,False,False,False,False
MSC,Endothelial ACKR1,Endothelial,full_core,23,SELP,False,False,False,False
MSC,Endothelial ACKR1,Endothelial,full_core,24,SDPR,False,False,False,False
MSC,Endothelial ACKR1,Endothelial,full_core,25,GIMAP7,False,False,False,False
MSC,Endothelial ACKR1,Endothelial,full_core,26,SELE,False,False,False,False
MSC,Endothelial ACKR1,Endothelial,full_core,27,CD93,False,False,False,False
MSC,Endothelial ACKR1,Endothelial,full_core,28,LIFR,False,False,False,False
MSC,Endothelial ACKR1,Endothelial,full_core,29,ADAMTS9,False,False,False,False
MSC,Endothelial ACKR1,Endothelial,full_core,30,S1PR1,False,False,False,False
MSC,Endothelial ACKR1,Endothelial,full_core,31,SLCO2A1,False,False,False,False
MSC,Endothelial ACKR1,Endothelial,full_core,32,OLFM1,False,False,False,False
MSC,Endothelial ACKR1,Endothelial,full_core,33,COTL1,False,False,False,False
MSC,Endothelial ACKR1,Endothelial,full_core,34,CD34,False,False,False,False
MSC,Endothelial ACKR1,Endothelial,full_core,35,VWA1,False,False,False,False
MSC,Endothelial ACKR1,Endothelial,full_core,36,THBD,False,False,False,False
MSC,Endothelial ACKR1,Endothelial,full_core,37,CNKSR3,False,False,False,False
MSC,Endothelial ACKR1,Endothelial,full_core,38,CLDN5,False,False,False,True
MSC,Endothelial ACKR1,Endothelial,full_core,39,MEOX1,False,False,False,False
MSC,Endothelial ACKR1,Endothelial,full_core,40,PTPRB,False,False,False,False
MSC,Endothelial ACKR1,Endothelial,full_core,41,FAM167B,False,False,False,False
MSC,Endothelial ACKR1,Endothelial,full_core,42,MMRN2,False,False,False,False
MSC,Endothelial ACKR1,Endothelial,full_core,43,HYAL2,False,False,False,False
MSC,Endothelial ACKR1,Endothelial,full_core,44,TGM2,False,False,False,False
MSC,Endothelial ACKR1,Endothelial,full_core,45,SCARB1,False,False,False,False
MSC,Endothelial ACKR1,Endothelial,full_core,46,ADM5,False,False,False,False
MSC,Endothelial ACKR1,Endothelial,full_core,47,RAB3C,False,False,False,False
MSC,Endothelial ACKR1,Endothelial,full_core,48,SRGN,False,False,False,False
MSC,Endothelial ACKR1,Endothelial,full_core,49,HAPLN3,False,False,False,False
MSC,Endothelial ACKR1,Endothelial,full_core,50,NEAT1,False,False,False,False
MSC,Endothelial CXCL12,Endothelial,standard,1,SRGN,False,False,False,False
MSC,Endothelial CXCL12,Endothelial,standard,2,SRP14,False,False,False,False
MSC,Endothelial CXCL12,Endothelial,standard,3,RAMP2,False,False,False,False
MSC,Endothelial CXCL12,Endothelial,standard,4,TM4SF1,False,False,False,False
MSC,Endothelial CXCL12,Endothelial,standard,5,SLC9A3R2,False,False,False,False
MSC,Endothelial CXCL12,Endothelial,standard,6,CLEC14A,False,False,False,False
MSC,Endothelial CXCL12,Endothelial,standard,7,RNASE1,False,False,False,False
MSC,Endothelial CXCL12,Endothelial,standard,8,CLDN5,False,False,False,True
MSC,Endothelial CXCL12,Endothelial,standard,9,A2M,False,False,False,False
MSC,Endothelial CXCL12,Endothelial,standard,10,IFI27,False,False,False,False
MSC,Endothelial CXCL12,Endothelial,standard,11,ICAM2,False,False,False,False
MSC,Endothelial CXCL12,Endothelial,standard,12,PLPP1,False,False,False,False
MSC,Endothelial CXCL12,Endothelial,standard,13,IGFBP3,False,False,False,False
MSC,Endothelial CXCL12,Endothelial,standard,14,STMN1,False,False,False,False
MSC,Endothelial CXCL12,Endothelial,standard,15,HEY1,False,False,False,False
MSC,Endothelial CXCL12,Endothelial,standard,16,PECAM1,False,False,False,True
MSC,Endothelial CXCL12,Endothelial,standard,17,SAT1,False,False,False,False
MSC,Endothelial CXCL12,Endothelial,standard,18,PODXL,False,False,False,False
MSC,Endothelial CXCL12,Endothelial,standard,19,TMSB10,False,False,False,False
MSC,Endothelial CXCL12,Endothelial,standard,20,OCIAD2,False,False,False,False
MSC,Endothelial CXCL12,Endothelial,standard,21,SEMA3G,False,False,False,False
MSC,Endothelial CXCL12,Endothelial,standard,22,GNG11,False,False,False,False
MSC,Endothelial CXCL12,Endothelial,standard,23,CAV1,False,False,False,False
MSC,Endothelial CXCL12,Endothelial,standard,24,STOM,False,False,False,False
MSC,Endothelial CXCL12,Endothelial,standard,25,ESAM,False,False,False,False
MSC,Endothelial CXCL12,Endothelial,standard,26,NOTCH4,False,False,False,False
MSC,Endothelial CXCL12,Endothelial,standard,27,EGFL7,False,False,False,False
MSC,Endothelial CXCL12,Endothelial,standard,28,BST2,False,False,False,False
MSC,Endothelial CXCL12,Endothelial,standard,29,S1PR1,False,False,False,False
MSC,Endothelial CXCL12,Endothelial,standard,30,PALMD,False,False,False,False
MSC,Endothelial CXCL12,Endothelial,standard,31,NPDC1,False,False,False,False
MSC,Endothelial CXCL12,Endothelial,standard,32,CRIP2,False,False,False,False
MSC,Endothelial CXCL12,Endothelial,standard,33,EMCN,False,False,False,False
MSC,Endothelial CXCL12,Endothelial,standard,34,HLA-E,True,True,False,False
MSC,Endothelial CXCL12,Endothelial,standard,35,PTPRB,False,False,False,False
MSC,Endothelial CXCL12,Endothelial,standard,36,MMRN2,False,False,False,False
MSC,Endothelial CXCL12,Endothelial,standard,37,CDH5,False,False,False,True
MSC,Endothelial CXCL12,Endothelial,standard,38,CD93,False,False,False,False
MSC,Endothelial CXCL12,Endothelial,standard,39,CD9,False,False,False,False
MSC,Endothelial CXCL12,Endothelial,standard,40,CD74,False,False,False,False
MSC,Endothelial CXCL12,Endothelial,standard,41,PPA1,False,False,False,False
MSC,Endothelial CXCL12,Endothelial,standard,42,HLA-C,True,True,False,False
MSC,Endothelial CXCL12,Endothelial,standard,43,JAM2,False,False,False,False
MSC,Endothelial CXCL12,Endothelial,standard,44,SOX17,False,False,False,False
MSC,Endothelial CXCL12,Endothelial,standard,45,RHOB,False,False,False,False
MSC,Endothelial CXCL12,Endothelial,standard,46,ID1,False,False,False,False
MSC,Endothelial CXCL12,Endothelial,standard,47,MGST2,False,False,False,False
MSC,Endothelial CXCL12,Endothelial,standard,48,MECOM,False,False,False,False
MSC,Endothelial CXCL12,Endothelial,standard,49,HLA-DRB1,False,False,False,False
MSC,Endothelial CXCL12,Endothelial,standard,50,ARL15,False,False,False,False
MSC,Endothelial CXCL12,Endothelial,filter_only,1,SRGN,False,False,False,False
MSC,Endothelial CXCL12,Endothelial,filter_only,2,SRP14,False,False,False,False
MSC,Endothelial CXCL12,Endothelial,filter_only,3,RAMP2,False,False,False,False
MSC,Endothelial CXCL12,Endothelial,filter_only,4,TM4SF1,False,False,False,False
MSC,Endothelial CXCL12,Endothelial,filter_only,5,SLC9A3R2,False,False,False,False
MSC,Endothelial CXCL12,Endothelial,filter_only,6,CLEC14A,False,False,False,False
MSC,Endothelial CXCL12,Endothelial,filter_only,7,RNASE1,False,False,False,False
MSC,Endothelial CXCL12,Endothelial,filter_only,8,CLDN5,False,False,False,True
MSC,Endothelial CXCL12,Endothelial,filter_only,9,A2M,False,False,False,False
MSC,Endothelial CXCL12,Endothelial,filter_only,10,IFI27,False,False,False,False
MSC,Endothelial CXCL12,Endothelial,filter_only,11,ICAM2,False,False,False,False
MSC,Endothelial CXCL12,Endothelial,filter_only,12,PLPP1,False,False,False,False
MSC,Endothelial CXCL12,Endothelial,filter_only,13,IGFBP3,False,False,False,False
MSC,Endothelial CXCL12,Endothelial,filter_only,14,STMN1,False,False,False,False
MSC,Endothelial CXCL12,Endothelial,filter_only,15,HEY1,False,False,False,False
MSC,Endothelial CXCL12,Endothelial,filter_only,16,PECAM1,False,False,False,True
MSC,Endothelial CXCL12,Endothelial,filter_only,17,SAT1,False,False,False,False
MSC,Endothelial CXCL12,Endothelial,filter_only,18,PODXL,False,False,False,False
MSC,Endothelial CXCL12,Endothelial,filter_only,19,TMSB10,False,False,False,False
MSC,Endothelial CXCL12,Endothelial,filter_only,20,OCIAD2,False,False,False,False
MSC,Endothelial CXCL12,Endothelial,filter_only,21,SEMA3G,False,False,False,False
MSC,Endothelial CXCL12,Endothelial,filter_only,22,GNG11,False,False,False,False
MSC,Endothelial CXCL12,Endothelial,filter_only,23,CAV1,False,False,False,False
MSC,Endothelial CXCL12,Endothelial,filter_only,24,STOM,False,False,False,False
MSC,Endothelial CXCL12,Endothelial,filter_only,25,ESAM,False,False,False,False
MSC,Endothelial CXCL12,Endothelial,filter_only,26,NOTCH4,False,False,False,False
MSC,Endothelial CXCL12,Endothelial,filter_only,27,EGFL7,False,False,False,False
MSC,Endothelial CXCL12,Endothelial,filter_only,28,BST2,False,False,False,False
MSC,Endothelial CXCL12,Endothelial,filter_only,29,S1PR1,False,False,False,False
MSC,Endothelial CXCL12,Endothelial,filter_only,30,PALMD,False,False,False,False
MSC,Endothelial CXCL12,Endothelial,filter_only,31,NPDC1,False,False,False,False
MSC,Endothelial CXCL12,Endothelial,filter_only,32,CRIP2,False,False,False,False
MSC,Endothelial CXCL12,Endothelial,filter_only,33,EMCN,False,False,False,False
MSC,Endothelial CXCL12,Endothelial,filter_only,34,HLA-E,True,True,False,False
MSC,Endothelial CXCL12,Endothelial,filter_only,35,PTPRB,False,False,False,False
MSC,Endothelial CXCL12,Endothelial,filter_only,36,MMRN2,False,False,False,False
MSC,Endothelial CXCL12,Endothelial,filter_only,37,CDH5,False,False,False,True
MSC,Endothelial CXCL12,Endothelial,filter_only,38,CD93,False,False,False,False
MSC,Endothelial CXCL12,Endothelial,filter_only,39,CD9,False,False,False,False
MSC,Endothelial CXCL12,Endothelial,filter_only,40,CD74,False,False,False,False
MSC,Endothelial CXCL12,Endothelial,filter_only,41,PPA1,False,False,False,False
MSC,Endothelial CXCL12,Endothelial,filter_only,42,HLA-C,True,True,False,False
MSC,Endothelial CXCL12,Endothelial,filter_only,43,JAM2,False,False,False,False
MSC,Endothelial CXCL12,Endothelial,filter_only,44,SOX17,False,False,False,False
MSC,Endothelial CXCL12,Endothelial,filter_only,45,RHOB,False,False,False,False
MSC,Endothelial CXCL12,Endothelial,filter_only,46,ID1,False,False,False,False
MSC,Endothelial CXCL12,Endothelial,filter_only,47,MGST2,False,False,False,False
MSC,Endothelial CXCL12,Endothelial,filter_only,48,MECOM,False,False,False,False
MSC,Endothelial CXCL12,Endothelial,filter_only,49,HLA-DRB1,False,False,False,False
MSC,Endothelial CXCL12,Endothelial,filter_only,50,ARL15,False,False,False,False
MSC,Endothelial CXCL12,Endothelial,regex_mask,1,SRGN,False,False,False,False
MSC,Endothelial CXCL12,Endothelial,regex_mask,2,SRP14,False,False,False,False
MSC,Endothelial CXCL12,Endothelial,regex_mask,3,RAMP2,False,False,False,False
MSC,Endothelial CXCL12,Endothelial,regex_mask,4,TM4SF1,False,False,False,False
MSC,Endothelial CXCL12,Endothelial,regex_mask,5,SLC9A3R2,False,False,False,False
MSC,Endothelial CXCL12,Endothelial,regex_mask,6,CLEC14A,False,False,False,False
MSC,Endothelial CXCL12,Endothelial,regex_mask,7,RNASE1,False,False,False,False
MSC,Endothelial CXCL12,Endothelial,regex_mask,8,CLDN5,False,False,False,True
MSC,Endothelial CXCL12,Endothelial,regex_mask,9,A2M,False,False,False,False
MSC,Endothelial CXCL12,Endothelial,regex_mask,10,IFI27,False,False,False,False
MSC,Endothelial CXCL12,Endothelial,regex_mask,11,ICAM2,False,False,False,False
MSC,Endothelial CXCL12,Endothelial,regex_mask,12,PLPP1,False,False,False,False
MSC,Endothelial CXCL12,Endothelial,regex_mask,13,IGFBP3,False,False,False,False
MSC,Endothelial CXCL12,Endothelial,regex_mask,14,STMN1,False,False,False,False
MSC,Endothelial CXCL12,Endothelial,regex_mask,15,HEY1,False,False,False,False
MSC,Endothelial CXCL12,Endothelial,regex_mask,16,PECAM1,False,False,False,True
MSC,Endothelial CXCL12,Endothelial,regex_mask,17,SAT1,False,False,False,False
MSC,Endothelial CXCL12,Endothelial,regex_mask,18,PODXL,False,False,False,False
MSC,Endothelial CXCL12,Endothelial,regex_mask,19,TMSB10,False,False,False,False
MSC,Endothelial CXCL12,Endothelial,regex_mask,20,OCIAD2,False,False,False,False
MSC,Endothelial CXCL12,Endothelial,regex_mask,21,SEMA3G,False,False,False,False
MSC,Endothelial CXCL12,Endothelial,regex_mask,22,GNG11,False,False,False,False
MSC,Endothelial CXCL12,Endothelial,regex_mask,23,CAV1,False,False,False,False
MSC,Endothelial CXCL12,Endothelial,regex_mask,24,STOM,False,False,False,False
MSC,Endothelial CXCL12,Endothelial,regex_mask,25,ESAM,False,False,False,False
MSC,Endothelial CXCL12,Endothelial,regex_mask,26,NOTCH4,False,False,False,False
MSC,Endothelial CXCL12,Endothelial,regex_mask,27,EGFL7,False,False,False,False
MSC,Endothelial CXCL12,Endothelial,regex_mask,28,BST2,False,False,False,False
MSC,Endothelial CXCL12,Endothelial,regex_mask,29,S1PR1,False,False,False,False
MSC,Endothelial CXCL12,Endothelial,regex_mask,30,PALMD,False,False,False,False
MSC,Endothelial CXCL12,Endothelial,regex_mask,31,NPDC1,False,False,False,False
MSC,Endothelial CXCL12,Endothelial,regex_mask,32,CRIP2,False,False,False,False
MSC,Endothelial CXCL12,Endothelial,regex_mask,33,EMCN,False,False,False,False
MSC,Endothelial CXCL12,Endothelial,regex_mask,34,PTPRB,False,False,False,False
MSC,Endothelial CXCL12,Endothelial,regex_mask,35,MMRN2,False,False,False,False
MSC,Endothelial CXCL12,Endothelial,regex_mask,36,CDH5,False,False,False,True
MSC,Endothelial CXCL12,Endothelial,regex_mask,37,CD93,False,False,False,False
MSC,Endothelial CXCL12,Endothelial,regex_mask,38,CD9,False,False,False,False
MSC,Endothelial CXCL12,Endothelial,regex_mask,39,CD74,False,False,False,False
MSC,Endothelial CXCL12,Endothelial,regex_mask,40,PPA1,False,False,False,False
MSC,Endothelial CXCL12,Endothelial,regex_mask,41,JAM2,False,False,False,False
MSC,Endothelial CXCL12,Endothelial,regex_mask,42,SOX17,False,False,False,False
MSC,Endothelial CXCL12,Endothelial,regex_mask,43,RHOB,False,False,False,False
MSC,Endothelial CXCL12,Endothelial,regex_mask,44,ID1,False,False,False,False
MSC,Endothelial CXCL12,Endothelial,regex_mask,45,MGST2,False,False,False,False
MSC,Endothelial CXCL12,Endothelial,regex_mask,46,MECOM,False,False,False,False
MSC,Endothelial CXCL12,Endothelial,regex_mask,47,HLA-DRB1,False,False,False,False
MSC,Endothelial CXCL12,Endothelial,regex_mask,48,ARL15,False,False,False,False
MSC,Endothelial CXCL12,Endothelial,regex_mask,49,CYYR1,False,False,False,False
MSC,Endothelial CXCL12,Endothelial,regex_mask,50,KCTD12,False,False,False,False
MSC,Endothelial CXCL12,Endothelial,full_core,1,SRGN,False,False,False,False
MSC,Endothelial CXCL12,Endothelial,full_core,2,TM4SF1,False,False,False,False
MSC,Endothelial CXCL12,Endothelial,full_core,3,SLC9A3R2,False,False,False,False
MSC,Endothelial CXCL12,Endothelial,full_core,4,CLDN5,False,False,False,True
MSC,Endothelial CXCL12,Endothelial,full_core,5,PLPP1,False,False,False,False
MSC,Endothelial CXCL12,Endothelial,full_core,6,IGFBP3,False,False,False,False
MSC,Endothelial CXCL12,Endothelial,full_core,7,STMN1,False,False,False,False
MSC,Endothelial CXCL12,Endothelial,full_core,8,HEY1,False,False,False,False
MSC,Endothelial CXCL12,Endothelial,full_core,9,PECAM1,False,False,False,True
MSC,Endothelial CXCL12,Endothelial,full_core,10,SAT1,False,False,False,False
MSC,Endothelial CXCL12,Endothelial,full_core,11,PODXL,False,False,False,False
MSC,Endothelial CXCL12,Endothelial,full_core,12,OCIAD2,False,False,False,False
MSC,Endothelial CXCL12,Endothelial,full_core,13,SEMA3G,False,False,False,False
MSC,Endothelial CXCL12,Endothelial,full_core,14,NOTCH4,False,False,False,False
MSC,Endothelial CXCL12,Endothelial,full_core,15,BST2,False,False,False,False
MSC,Endothelial CXCL12,Endothelial,full_core,16,S1PR1,False,False,False,False
MSC,Endothelial CXCL12,Endothelial,full_core,17,PTPRB,False,False,False,False
MSC,Endothelial CXCL12,Endothelial,full_core,18,MMRN2,False,False,False,False
MSC,Endothelial CXCL12,Endothelial,full_core,19,CDH5,False,False,False,True
MSC,Endothelial CXCL12,Endothelial,full_core,20,CD93,False,False,False,False
MSC,Endothelial CXCL12,Endothelial,full_core,21,CD74,False,False,False,False
MSC,Endothelial CXCL12,Endothelial,full_core,22,PPA1,False,False,False,False
MSC,Endothelial CXCL12,Endothelial,full_core,23,JAM2,False,False,False,False
MSC,Endothelial CXCL12,Endothelial,full_core,24,SOX17,False,False,False,False
MSC,Endothelial CXCL12,Endothelial,full_core,25,ID1,False,False,False,False
MSC,Endothelial CXCL12,Endothelial,full_core,26,MECOM,False,False,False,False
MSC,Endothelial CXCL12,Endothelial,full_core,27,HLA-DRB1,False,False,False,False
MSC,Endothelial CXCL12,Endothelial,full_core,28,ARL15,False,False,False,False
MSC,Endothelial CXCL12,Endothelial,full_core,29,KCTD12,False,False,False,False
MSC,Endothelial CXCL12,Endothelial,full_core,30,GIMAP7,False,False,False,False
MSC,Endothelial CXCL12,Endothelial,full_core,31,FLT1,False,False,False,True
MSC,Endothelial CXCL12,Endothelial,full_core,32,DLL4,False,False,False,False
MSC,Endothelial CXCL12,Endothelial,full_core,33,GJA4,False,False,False,False
MSC,Endothelial CXCL12,Endothelial,full_core,34,EFNB2,False,False,False,False
MSC,Endothelial CXCL12,Endothelial,full_core,35,HYAL2,False,False,False,False
MSC,Endothelial CXCL12,Endothelial,full_core,36,BTNL9,False,False,False,False
MSC,Endothelial CXCL12,Endothelial,full_core,37,JAG2,False,False,False,False
MSC,Endothelial CXCL12,Endothelial,full_core,38,CD34,False,False,False,False
MSC,Endothelial CXCL12,Endothelial,full_core,39,RBP7,False,False,False,False
MSC,Endothelial CXCL12,Endothelial,full_core,40,THSD7A,False,False,False,False
MSC,Endothelial CXCL12,Endothelial,full_core,41,FABP4,False,False,False,False
MSC,Endothelial CXCL12,Endothelial,full_core,42,ENPP2,False,False,False,False
MSC,Endothelial CXCL12,Endothelial,full_core,43,EDN1,False,False,False,False
MSC,Endothelial CXCL12,Endothelial,full_core,44,HLA-DRA,False,False,False,False
MSC,Endothelial CXCL12,Endothelial,full_core,45,GJA5,False,False,False,False
MSC,Endothelial CXCL12,Endothelial,full_core,46,VEGFC,False,False,False,False
MSC,Endothelial CXCL12,Endothelial,full_core,47,PLLP,False,False,False,False
MSC,Endothelial CXCL12,Endothelial,full_core,48,IGF2,False,False,False,False
MSC,Endothelial CXCL12,Endothelial,full_core,49,TNFRSF4,False,False,False,False
MSC,Endothelial CXCL12,Endothelial,full_core,50,HLA-DRB5,False,False,False,False
MSC,Endothelial RGS5,Endothelial,standard,1,PLVAP,False,False,False,False
MSC,Endothelial RGS5,Endothelial,standard,2,RGCC,False,False,False,False
MSC,Endothelial RGS5,Endothelial,standard,3,EGFL7,False,False,False,False
MSC,Endothelial RGS5,Endothelial,standard,4,GNG11,False,False,False,False
MSC,Endothelial RGS5,Endothelial,standard,5,HSPG2,True,True,False,False
MSC,Endothelial RGS5,Endothelial,standard,6,ADGRL4,False,False,False,False
MSC,Endothelial RGS5,Endothelial,standard,7,CALCRL,False,False,False,False
MSC,Endothelial RGS5,Endothelial,standard,8,TM4SF18,False,False,False,False
MSC,Endothelial RGS5,Endothelial,standard,9,VWF,False,False,False,True
MSC,Endothelial RGS5,Endothelial,standard,10,RAMP2,False,False,False,False
MSC,Endothelial RGS5,Endothelial,standard,11,RBP7,False,False,False,False
MSC,Endothelial RGS5,Endothelial,standard,12,CCDC85B,False,False,False,False
MSC,Endothelial RGS5,Endothelial,standard,13,CD34,False,False,False,False
MSC,Endothelial RGS5,Endothelial,standard,14,CLEC14A,False,False,False,False
MSC,Endothelial RGS5,Endothelial,standard,15,NOTCH4,False,False,False,False
MSC,Endothelial RGS5,Endothelial,standard,16,FLT1,False,False,False,True
MSC,Endothelial RGS5,Endothelial,standard,17,KDR,False,False,False,True
MSC,Endothelial RGS5,Endothelial,standard,18,CRIP2,False,False,False,False
MSC,Endothelial RGS5,Endothelial,standard,19,VWA1,False,False,False,False
MSC,Endothelial RGS5,Endothelial,standard,20,AQP1,False,False,False,False
MSC,Endothelial RGS5,Endothelial,standard,21,ARHGAP29,False,False,False,False
MSC,Endothelial RGS5,Endothelial,standard,22,IVNS1ABP,False,False,False,False
MSC,Endothelial RGS5,Endothelial,standard,23,RNASE1,False,False,False,False
MSC,Endothelial RGS5,Endothelial,standard,24,COL15A1,False,False,False,False
MSC,Endothelial RGS5,Endothelial,standard,25,RAMP3,False,False,False,False
MSC,Endothelial RGS5,Endothelial,standard,26,PODXL,False,False,False,False
MSC,Endothelial RGS5,Endothelial,standard,27,CXorf36,False,False,False,False
MSC,Endothelial RGS5,Endothelial,standard,28,ROBO4,False,False,False,False
MSC,Endothelial RGS5,Endothelial,standard,29,FSCN1,False,False,False,False
MSC,Endothelial RGS5,Endothelial,standard,30,CDH5,False,False,False,True
MSC,Endothelial RGS5,Endothelial,standard,31,PECAM1,False,False,False,True
MSC,Endothelial RGS5,Endothelial,standard,32,EMCN,False,False,False,False
MSC,Endothelial RGS5,Endothelial,standard,33,ITGA6,False,False,False,False
MSC,Endothelial RGS5,Endothelial,standard,34,ESAM,False,False,False,False
MSC,Endothelial RGS5,Endothelial,standard,35,APLNR,False,False,False,False
MSC,Endothelial RGS5,Endothelial,standard,36,GMFG,False,False,False,False
MSC,Endothelial RGS5,Endothelial,standard,37,COL4A2,False,False,False,False
MSC,Endothelial RGS5,Endothelial,standard,38,SPRY1,False,False,False,False
MSC,Endothelial RGS5,Endothelial,standard,39,EHD4,False,False,False,False
MSC,Endothelial RGS5,Endothelial,standard,40,ENG,False,False,False,False
MSC,Endothelial RGS5,Endothelial,standard,41,CD93,False,False,False,False
MSC,Endothelial RGS5,Endothelial,standard,42,MGST2,False,False,False,False
MSC,Endothelial RGS5,Endothelial,standard,43,FXYD5,False,False,False,False
MSC,Endothelial RGS5,Endothelial,standard,44,FKBP1A,False,False,False,False
MSC,Endothelial RGS5,Endothelial,standard,45,FAM167B,False,False,False,False
MSC,Endothelial RGS5,Endothelial,standard,46,TNFRSF4,False,False,False,False
MSC,Endothelial RGS5,Endothelial,standard,47,CALM1,False,False,False,False
MSC,Endothelial RGS5,Endothelial,standard,48,TSPAN13,False,False,False,False
MSC,Endothelial RGS5,Endothelial,standard,49,COL4A1,False,False,False,False
MSC,Endothelial RGS5,Endothelial,standard,50,HLA-B,True,True,False,False
MSC,Endothelial RGS5,Endothelial,filter_only,1,PLVAP,False,False,False,False
MSC,Endothelial RGS5,Endothelial,filter_only,2,RGCC,False,False,False,False
MSC,Endothelial RGS5,Endothelial,filter_only,3,EGFL7,False,False,False,False
MSC,Endothelial RGS5,Endothelial,filter_only,4,GNG11,False,False,False,False
MSC,Endothelial RGS5,Endothelial,filter_only,5,HSPG2,True,True,False,False
MSC,Endothelial RGS5,Endothelial,filter_only,6,ADGRL4,False,False,False,False
MSC,Endothelial RGS5,Endothelial,filter_only,7,CALCRL,False,False,False,False
MSC,Endothelial RGS5,Endothelial,filter_only,8,TM4SF18,False,False,False,False
MSC,Endothelial RGS5,Endothelial,filter_only,9,VWF,False,False,False,True
MSC,Endothelial RGS5,Endothelial,filter_only,10,RAMP2,False,False,False,False
MSC,Endothelial RGS5,Endothelial,filter_only,11,RBP7,False,False,False,False
MSC,Endothelial RGS5,Endothelial,filter_only,12,CCDC85B,False,False,False,False
MSC,Endothelial RGS5,Endothelial,filter_only,13,CD34,False,False,False,False
MSC,Endothelial RGS5,Endothelial,filter_only,14,CLEC14A,False,False,False,False
MSC,Endothelial RGS5,Endothelial,filter_only,15,NOTCH4,False,False,False,False
MSC,Endothelial RGS5,Endothelial,filter_only,16,FLT1,False,False,False,True
MSC,Endothelial RGS5,Endothelial,filter_only,17,KDR,False,False,False,True
MSC,Endothelial RGS5,Endothelial,filter_only,18,CRIP2,False,False,False,False
MSC,Endothelial RGS5,Endothelial,filter_only,19,VWA1,False,False,False,False
MSC,Endothelial RGS5,Endothelial,filter_only,20,AQP1,False,False,False,False
MSC,Endothelial RGS5,Endothelial,filter_only,21,ARHGAP29,False,False,False,False
MSC,Endothelial RGS5,Endothelial,filter_only,22,IVNS1ABP,False,False,False,False
MSC,Endothelial RGS5,Endothelial,filter_only,23,RNASE1,False,False,False,False
MSC,Endothelial RGS5,Endothelial,filter_only,24,COL15A1,False,False,False,False
MSC,Endothelial RGS5,Endothelial,filter_only,25,RAMP3,False,False,False,False
MSC,Endothelial RGS5,Endothelial,filter_only,26,PODXL,False,False,False,False
MSC,Endothelial RGS5,Endothelial,filter_only,27,CXorf36,False,False,False,False
MSC,Endothelial RGS5,Endothelial,filter_only,28,ROBO4,False,False,False,False
MSC,Endothelial RGS5,Endothelial,filter_only,29,FSCN1,False,False,False,False
MSC,Endothelial RGS5,Endothelial,filter_only,30,CDH5,False,False,False,True
MSC,Endothelial RGS5,Endothelial,filter_only,31,PECAM1,False,False,False,True
MSC,Endothelial RGS5,Endothelial,filter_only,32,EMCN,False,False,False,False
MSC,Endothelial RGS5,Endothelial,filter_only,33,ITGA6,False,False,False,False
MSC,Endothelial RGS5,Endothelial,filter_only,34,ESAM,False,False,False,False
MSC,Endothelial RGS5,Endothelial,filter_only,35,APLNR,False,False,False,False
MSC,Endothelial RGS5,Endothelial,filter_only,36,GMFG,False,False,False,False
MSC,Endothelial RGS5,Endothelial,filter_only,37,COL4A2,False,False,False,False
MSC,Endothelial RGS5,Endothelial,filter_only,38,SPRY1,False,False,False,False
MSC,Endothelial RGS5,Endothelial,filter_only,39,EHD4,False,False,False,False
MSC,Endothelial RGS5,Endothelial,filter_only,40,ENG,False,False,False,False
MSC,Endothelial RGS5,Endothelial,filter_only,41,CD93,False,False,False,False
MSC,Endothelial RGS5,Endothelial,filter_only,42,MGST2,False,False,False,False
MSC,Endothelial RGS5,Endothelial,filter_only,43,FXYD5,False,False,False,False
MSC,Endothelial RGS5,Endothelial,filter_only,44,FKBP1A,False,False,False,False
MSC,Endothelial RGS5,Endothelial,filter_only,45,FAM167B,False,False,False,False
MSC,Endothelial RGS5,Endothelial,filter_only,46,TNFRSF4,False,False,False,False
MSC,Endothelial RGS5,Endothelial,filter_only,47,CALM1,False,False,False,False
MSC,Endothelial RGS5,Endothelial,filter_only,48,TSPAN13,False,False,False,False
MSC,Endothelial RGS5,Endothelial,filter_only,49,COL4A1,False,False,False,False
MSC,Endothelial RGS5,Endothelial,filter_only,50,HLA-B,True,True,False,False
MSC,Endothelial RGS5,Endothelial,regex_mask,1,PLVAP,False,False,False,False
MSC,Endothelial RGS5,Endothelial,regex_mask,2,RGCC,False,False,False,False
MSC,Endothelial RGS5,Endothelial,regex_mask,3,EGFL7,False,False,False,False
MSC,Endothelial RGS5,Endothelial,regex_mask,4,GNG11,False,False,False,False
MSC,Endothelial RGS5,Endothelial,regex_mask,5,ADGRL4,False,False,False,False
MSC,Endothelial RGS5,Endothelial,regex_mask,6,CALCRL,False,False,False,False
MSC,Endothelial RGS5,Endothelial,regex_mask,7,TM4SF18,False,False,False,False
MSC,Endothelial RGS5,Endothelial,regex_mask,8,VWF,False,False,False,True
MSC,Endothelial RGS5,Endothelial,regex_mask,9,RAMP2,False,False,False,False
MSC,Endothelial RGS5,Endothelial,regex_mask,10,RBP7,False,False,False,False
MSC,Endothelial RGS5,Endothelial,regex_mask,11,CCDC85B,False,False,False,False
MSC,Endothelial RGS5,Endothelial,regex_mask,12,CD34,False,False,False,False
MSC,Endothelial RGS5,Endothelial,regex_mask,13,CLEC14A,False,False,False,False
MSC,Endothelial RGS5,Endothelial,regex_mask,14,NOTCH4,False,False,False,False
MSC,Endothelial RGS5,Endothelial,regex_mask,15,FLT1,False,False,False,True
MSC,Endothelial RGS5,Endothelial,regex_mask,16,KDR,False,False,False,True
MSC,Endothelial RGS5,Endothelial,regex_mask,17,CRIP2,False,False,False,False
MSC,Endothelial RGS5,Endothelial,regex_mask,18,VWA1,False,False,False,False
MSC,Endothelial RGS5,Endothelial,regex_mask,19,AQP1,False,False,False,False
MSC,Endothelial RGS5,Endothelial,regex_mask,20,ARHGAP29,False,False,False,False
MSC,Endothelial RGS5,Endothelial,regex_mask,21,IVNS1ABP,False,False,False,False
MSC,Endothelial RGS5,Endothelial,regex_mask,22,RNASE1,False,False,False,False
MSC,Endothelial RGS5,Endothelial,regex_mask,23,COL15A1,False,False,False,False
MSC,Endothelial RGS5,Endothelial,regex_mask,24,RAMP3,False,False,False,False
MSC,Endothelial RGS5,Endothelial,regex_mask,25,PODXL,False,False,False,False
MSC,Endothelial RGS5,Endothelial,regex_mask,26,CXorf36,False,False,False,False
MSC,Endothelial RGS5,Endothelial,regex_mask,27,ROBO4,False,False,False,False
MSC,Endothelial RGS5,Endothelial,regex_mask,28,FSCN1,False,False,False,False
MSC,Endothelial RGS5,Endothelial,regex_mask,29,CDH5,False,False,False,True
MSC,Endothelial RGS5,Endothelial,regex_mask,30,PECAM1,False,False,False,True
MSC,Endothelial RGS5,Endothelial,regex_mask,31,EMCN,False,False,False,False
MSC,Endothelial RGS5,Endothelial,regex_mask,32,ITGA6,False,False,False,False
MSC,Endothelial RGS5,Endothelial,regex_mask,33,ESAM,False,False,False,False
MSC,Endothelial RGS5,Endothelial,regex_mask,34,APLNR,False,False,False,False
MSC,Endothelial RGS5,Endothelial,regex_mask,35,GMFG,False,False,False,False
MSC,Endothelial RGS5,Endothelial,regex_mask,36,COL4A2,False,False,False,False
MSC,Endothelial RGS5,Endothelial,regex_mask,37,SPRY1,False,False,False,False
MSC,Endothelial RGS5,Endothelial,regex_mask,38,EHD4,False,False,False,False
MSC,Endothelial RGS5,Endothelial,regex_mask,39,ENG,False,False,False,False
MSC,Endothelial RGS5,Endothelial,regex_mask,40,CD93,False,False,False,False
MSC,Endothelial RGS5,Endothelial,regex_mask,41,MGST2,False,False,False,False
MSC,Endothelial RGS5,Endothelial,regex_mask,42,FXYD5,False,False,False,False
MSC,Endothelial RGS5,Endothelial,regex_mask,43,FKBP1A,False,False,False,False
MSC,Endothelial RGS5,Endothelial,regex_mask,44,FAM167B,False,False,False,False
MSC,Endothelial RGS5,Endothelial,regex_mask,45,TNFRSF4,False,False,False,False
MSC,Endothelial RGS5,Endothelial,regex_mask,46,CALM1,False,False,False,False
MSC,Endothelial RGS5,Endothelial,regex_mask,47,TSPAN13,False,False,False,False
MSC,Endothelial RGS5,Endothelial,regex_mask,48,COL4A1,False,False,False,False
MSC,Endothelial RGS5,Endothelial,regex_mask,49,TMEM88,False,False,False,False
MSC,Endothelial RGS5,Endothelial,regex_mask,50,NPDC1,False,False,False,False
MSC,Endothelial RGS5,Endothelial,full_core,1,PLVAP,False,False,False,False
MSC,Endothelial RGS5,Endothelial,full_core,2,RGCC,False,False,False,False
MSC,Endothelial RGS5,Endothelial,full_core,3,CALCRL,False,False,False,False
MSC,Endothelial RGS5,Endothelial,full_core,4,TM4SF18,False,False,False,False
MSC,Endothelial RGS5,Endothelial,full_core,5,VWF,False,False,False,True
MSC,Endothelial RGS5,Endothelial,full_core,6,RBP7,False,False,False,False
MSC,Endothelial RGS5,Endothelial,full_core,7,CD34,False,False,False,False
MSC,Endothelial RGS5,Endothelial,full_core,8,NOTCH4,False,False,False,False
MSC,Endothelial RGS5,Endothelial,full_core,9,FLT1,False,False,False,True
MSC,Endothelial RGS5,Endothelial,full_core,10,KDR,False,False,False,True
MSC,Endothelial RGS5,Endothelial,full_core,11,VWA1,False,False,False,False
MSC,Endothelial RGS5,Endothelial,full_core,12,AQP1,False,False,False,False
MSC,Endothelial RGS5,Endothelial,full_core,13,RAMP3,False,False,False,False
MSC,Endothelial RGS5,Endothelial,full_core,14,PODXL,False,False,False,False
MSC,Endothelial RGS5,Endothelial,full_core,15,FSCN1,False,False,False,False
MSC,Endothelial RGS5,Endothelial,full_core,16,CDH5,False,False,False,True
MSC,Endothelial RGS5,Endothelial,full_core,17,PECAM1,False,False,False,True
MSC,Endothelial RGS5,Endothelial,full_core,18,APLNR,False,False,False,False
MSC,Endothelial RGS5,Endothelial,full_core,19,COL4A2,False,False,False,False
MSC,Endothelial RGS5,Endothelial,full_core,20,CD93,False,False,False,False
MSC,Endothelial RGS5,Endothelial,full_core,21,FAM167B,False,False,False,False
MSC,Endothelial RGS5,Endothelial,full_core,22,TNFRSF4,False,False,False,False
MSC,Endothelial RGS5,Endothelial,full_core,23,COL4A1,False,False,False,False
MSC,Endothelial RGS5,Endothelial,full_core,24,BTNL9,False,False,False,False
MSC,Endothelial RGS5,Endothelial,full_core,25,SGK1,False,False,False,False
MSC,Endothelial RGS5,Endothelial,full_core,26,PNP,False,False,False,False
MSC,Endothelial RGS5,Endothelial,full_core,27,INSR,False,False,False,False
MSC,Endothelial RGS5,Endothelial,full_core,28,HYAL2,False,False,False,False
MSC,Endothelial RGS5,Endothelial,full_core,29,TM4SF1,False,False,False,False
MSC,Endothelial RGS5,Endothelial,full_core,30,PCDH17,False,False,False,False
MSC,Endothelial RGS5,Endothelial,full_core,31,GIMAP7,False,False,False,False
MSC,Endothelial RGS5,Endothelial,full_core,32,RASGRP3,False,False,False,False
MSC,Endothelial RGS5,Endothelial,full_core,33,SLC9A3R2,False,False,False,False
MSC,Endothelial RGS5,Endothelial,full_core,34,CLDN5,False,False,False,True
MSC,Endothelial RGS5,Endothelial,full_core,35,DLL4,False,False,False,False
MSC,Endothelial RGS5,Endothelial,full_core,36,CD74,False,False,False,False
MSC,Endothelial RGS5,Endothelial,full_core,37,PCDH12,False,False,False,False
MSC,Endothelial RGS5,Endothelial,full_core,38,ETS1,False,False,False,False
MSC,Endothelial RGS5,Endothelial,full_core,39,CD36,False,False,False,False
MSC,Endothelial RGS5,Endothelial,full_core,40,DYSF,False,False,False,False
MSC,Endothelial RGS5,Endothelial,full_core,41,SOX18,False,False,False,False
MSC,Endothelial RGS5,Endothelial,full_core,42,TP53I11,False,False,False,False
MSC,Endothelial RGS5,Endothelial,full_core,43,HLA-DRB1,False,False,False,False
MSC,Endothelial RGS5,Endothelial,full_core,44,NRP2,False,False,False,False
MSC,Endothelial RGS5,Endothelial,full_core,45,CA2,False,False,False,False
MSC,Endothelial RGS5,Endothelial,full_core,46,RGS3,False,False,False,False
MSC,Endothelial RGS5,Endothelial,full_core,47,TCF4,False,False,False,False
MSC,Endothelial RGS5,Endothelial,full_core,48,PLPP1,False,False,False,False
MSC,Endothelial RGS5,Endothelial,full_core,49,S1PR1,False,False,False,False
MSC,Endothelial RGS5,Endothelial,full_core,50,THBD,False,False,False,False
MSC,PVL Differentiated,Fibro_PVL,standard,1,MYL9,False,False,False,False
MSC,PVL Differentiated,Fibro_PVL,standard,2,ACTA2,False,False,False,True
MSC,PVL Differentiated,Fibro_PVL,standard,3,TAGLN,False,False,False,True
MSC,PVL Differentiated,Fibro_PVL,standard,4,ADIRF,False,False,False,False
MSC,PVL Differentiated,Fibro_PVL,standard,5,DSTN,False,False,False,False
MSC,PVL Differentiated,Fibro_PVL,standard,6,TPM2,False,False,False,False
MSC,PVL Differentiated,Fibro_PVL,standard,7,S100A4,False,False,False,False
MSC,PVL Differentiated,Fibro_PVL,standard,8,SOD3,False,False,False,False
MSC,PVL Differentiated,Fibro_PVL,standard,9,MFGE8,False,False,False,False
MSC,PVL Differentiated,Fibro_PVL,standard,10,MYH11,False,False,False,True
MSC,PVL Differentiated,Fibro_PVL,standard,11,NDUFA4L2,False,False,False,False
MSC,PVL Differentiated,Fibro_PVL,standard,12,PLN,False,False,False,False
MSC,PVL Differentiated,Fibro_PVL,standard,13,CSRP2,False,False,False,False
MSC,PVL Differentiated,Fibro_PVL,standard,14,CRYAB,False,False,False,False
MSC,PVL Differentiated,Fibro_PVL,standard,15,PHLDA2,False,False,False,False
MSC,PVL Differentiated,Fibro_PVL,standard,16,TPM1,False,False,False,False
MSC,PVL Differentiated,Fibro_PVL,standard,17,LBH,False,False,False,False
MSC,PVL Differentiated,Fibro_PVL,standard,18,CALD1,False,False,False,False
MSC,PVL Differentiated,Fibro_PVL,standard,19,TINAGL1,False,False,False,False
MSC,PVL Differentiated,Fibro_PVL,standard,20,MCAM,False,False,False,True
MSC,PVL Differentiated,Fibro_PVL,standard,21,PLAC9,False,False,False,False
MSC,PVL Differentiated,Fibro_PVL,standard,22,RERGL,False,False,False,False
MSC,PVL Differentiated,Fibro_PVL,standard,23,MYL6,False,False,False,False
MSC,PVL Differentiated,Fibro_PVL,standard,24,MYLK,False,False,False,False
MSC,PVL Differentiated,Fibro_PVL,standard,25,PPP1R14A,False,False,False,False
MSC,PVL Differentiated,Fibro_PVL,standard,26,PTP4A3,False,False,False,False
MSC,PVL Differentiated,Fibro_PVL,standard,27,NTRK2,False,False,False,False
MSC,PVL Differentiated,Fibro_PVL,standard,28,NET1,False,False,False,False
MSC,PVL Differentiated,Fibro_PVL,standard,29,MAP3K7CL,False,False,False,False
MSC,PVL Differentiated,Fibro_PVL,standard,30,CALM2,False,False,False,False
MSC,PVL Differentiated,Fibro_PVL,standard,31,NOTCH3,False,False,False,False
MSC,PVL Differentiated,Fibro_PVL,standard,32,PTMA,False,True,True,False
MSC,PVL Differentiated,Fibro_PVL,standard,33,MGST3,False,False,False,False
MSC,PVL Differentiated,Fibro_PVL,standard,34,EFHD1,False,False,False,False
MSC,PVL Differentiated,Fibro_PVL,standard,35,WFDC1,False,False,False,False
MSC,PVL Differentiated,Fibro_PVL,standard,36,C1QTNF1,False,False,False,False
MSC,PVL Differentiated,Fibro_PVL,standard,37,CSRP1,False,False,False,False
MSC,PVL Differentiated,Fibro_PVL,standard,38,SEPT4,False,False,False,False
MSC,PVL Differentiated,Fibro_PVL,standard,39,ACTB,False,True,True,False
MSC,PVL Differentiated,Fibro_PVL,standard,40,GPRC5C,False,False,False,False
MSC,PVL Differentiated,Fibro_PVL,standard,41,CASQ2,False,False,False,False
MSC,PVL Differentiated,Fibro_PVL,standard,42,FRZB,False,False,False,False
MSC,PVL Differentiated,Fibro_PVL,standard,43,AC013461.1,False,False,False,False
MSC,PVL Differentiated,Fibro_PVL,standard,44,ISYNA1,False,False,False,False
MSC,PVL Differentiated,Fibro_PVL,standard,45,SEPT7,False,False,False,False
MSC,PVL Differentiated,Fibro_PVL,standard,46,LMOD1,False,False,False,False
MSC,PVL Differentiated,Fibro_PVL,standard,47,MTHFD2,False,False,False,False
MSC,PVL Differentiated,Fibro_PVL,standard,48,SORBS2,False,False,False,False
MSC,PVL Differentiated,Fibro_PVL,standard,49,CRIP1,False,False,False,False
MSC,PVL Differentiated,Fibro_PVL,standard,50,SPARCL1,False,False,False,False
MSC,PVL Differentiated,Fibro_PVL,filter_only,1,MYL9,False,False,False,False
MSC,PVL Differentiated,Fibro_PVL,filter_only,2,ACTA2,False,False,False,True
MSC,PVL Differentiated,Fibro_PVL,filter_only,3,TAGLN,False,False,False,True
MSC,PVL Differentiated,Fibro_PVL,filter_only,4,ADIRF,False,False,False,False
MSC,PVL Differentiated,Fibro_PVL,filter_only,5,DSTN,False,False,False,False
MSC,PVL Differentiated,Fibro_PVL,filter_only,6,TPM2,False,False,False,False
MSC,PVL Differentiated,Fibro_PVL,filter_only,7,S100A4,False,False,False,False
MSC,PVL Differentiated,Fibro_PVL,filter_only,8,SOD3,False,False,False,False
MSC,PVL Differentiated,Fibro_PVL,filter_only,9,MFGE8,False,False,False,False
MSC,PVL Differentiated,Fibro_PVL,filter_only,10,MYH11,False,False,False,True
MSC,PVL Differentiated,Fibro_PVL,filter_only,11,NDUFA4L2,False,False,False,False
MSC,PVL Differentiated,Fibro_PVL,filter_only,12,PLN,False,False,False,False
MSC,PVL Differentiated,Fibro_PVL,filter_only,13,CSRP2,False,False,False,False
MSC,PVL Differentiated,Fibro_PVL,filter_only,14,CRYAB,False,False,False,False
MSC,PVL Differentiated,Fibro_PVL,filter_only,15,PHLDA2,False,False,False,False
MSC,PVL Differentiated,Fibro_PVL,filter_only,16,TPM1,False,False,False,False
MSC,PVL Differentiated,Fibro_PVL,filter_only,17,LBH,False,False,False,False
MSC,PVL Differentiated,Fibro_PVL,filter_only,18,CALD1,False,False,False,False
MSC,PVL Differentiated,Fibro_PVL,filter_only,19,TINAGL1,False,False,False,False
MSC,PVL Differentiated,Fibro_PVL,filter_only,20,MCAM,False,False,False,True
MSC,PVL Differentiated,Fibro_PVL,filter_only,21,PLAC9,False,False,False,False
MSC,PVL Differentiated,Fibro_PVL,filter_only,22,RERGL,False,False,False,False
MSC,PVL Differentiated,Fibro_PVL,filter_only,23,MYLK,False,False,False,False
MSC,PVL Differentiated,Fibro_PVL,filter_only,24,PPP1R14A,False,False,False,False
MSC,PVL Differentiated,Fibro_PVL,filter_only,25,PTP4A3,False,False,False,False
MSC,PVL Differentiated,Fibro_PVL,filter_only,26,NTRK2,False,False,False,False
MSC,PVL Differentiated,Fibro_PVL,filter_only,27,NET1,False,False,False,False
MSC,PVL Differentiated,Fibro_PVL,filter_only,28,MAP3K7CL,False,False,False,False
MSC,PVL Differentiated,Fibro_PVL,filter_only,29,CALM2,False,False,False,False
MSC,PVL Differentiated,Fibro_PVL,filter_only,30,NOTCH3,False,False,False,False
MSC,PVL Differentiated,Fibro_PVL,filter_only,31,MGST3,False,False,False,False
MSC,PVL Differentiated,Fibro_PVL,filter_only,32,EFHD1,False,False,False,False
MSC,PVL Differentiated,Fibro_PVL,filter_only,33,WFDC1,False,False,False,False
MSC,PVL Differentiated,Fibro_PVL,filter_only,34,C1QTNF1,False,False,False,False
MSC,PVL Differentiated,Fibro_PVL,filter_only,35,CSRP1,False,False,False,False
MSC,PVL Differentiated,Fibro_PVL,filter_only,36,SEPT4,False,False,False,False
MSC,PVL Differentiated,Fibro_PVL,filter_only,37,GPRC5C,False,False,False,False
MSC,PVL Differentiated,Fibro_PVL,filter_only,38,CASQ2,False,False,False,False
MSC,PVL Differentiated,Fibro_PVL,filter_only,39,FRZB,False,False,False,False
MSC,PVL Differentiated,Fibro_PVL,filter_only,40,AC013461.1,False,False,False,False
MSC,PVL Differentiated,Fibro_PVL,filter_only,41,ISYNA1,False,False,False,False
MSC,PVL Differentiated,Fibro_PVL,filter_only,42,SEPT7,False,False,False,False
MSC,PVL Differentiated,Fibro_PVL,filter_only,43,LMOD1,False,False,False,False
MSC,PVL Differentiated,Fibro_PVL,filter_only,44,MTHFD2,False,False,False,False
MSC,PVL Differentiated,Fibro_PVL,filter_only,45,SORBS2,False,False,False,False
MSC,PVL Differentiated,Fibro_PVL,filter_only,46,CRIP1,False,False,False,False
MSC,PVL Differentiated,Fibro_PVL,filter_only,47,SPARCL1,False,False,False,False
MSC,PVL Differentiated,Fibro_PVL,filter_only,48,SH3BGRL,False,False,False,False
MSC,PVL Differentiated,Fibro_PVL,filter_only,49,IGFBP5,False,False,False,False
MSC,PVL Differentiated,Fibro_PVL,filter_only,50,IGFBP7,False,False,False,False
MSC,PVL Differentiated,Fibro_PVL,regex_mask,1,MYL9,False,False,False,False
MSC,PVL Differentiated,Fibro_PVL,regex_mask,2,ACTA2,False,False,False,True
MSC,PVL Differentiated,Fibro_PVL,regex_mask,3,TAGLN,False,False,False,True
MSC,PVL Differentiated,Fibro_PVL,regex_mask,4,ADIRF,False,False,False,False
MSC,PVL Differentiated,Fibro_PVL,regex_mask,5,DSTN,False,False,False,False
MSC,PVL Differentiated,Fibro_PVL,regex_mask,6,TPM2,False,False,False,False
MSC,PVL Differentiated,Fibro_PVL,regex_mask,7,S100A4,False,False,False,False
MSC,PVL Differentiated,Fibro_PVL,regex_mask,8,SOD3,False,False,False,False
MSC,PVL Differentiated,Fibro_PVL,regex_mask,9,MFGE8,False,False,False,False
MSC,PVL Differentiated,Fibro_PVL,regex_mask,10,MYH11,False,False,False,True
MSC,PVL Differentiated,Fibro_PVL,regex_mask,11,NDUFA4L2,False,False,False,False
MSC,PVL Differentiated,Fibro_PVL,regex_mask,12,PLN,False,False,False,False
MSC,PVL Differentiated,Fibro_PVL,regex_mask,13,CSRP2,False,False,False,False
MSC,PVL Differentiated,Fibro_PVL,regex_mask,14,CRYAB,False,False,False,False
MSC,PVL Differentiated,Fibro_PVL,regex_mask,15,PHLDA2,False,False,False,False
MSC,PVL Differentiated,Fibro_PVL,regex_mask,16,TPM1,False,False,False,False
MSC,PVL Differentiated,Fibro_PVL,regex_mask,17,LBH,False,False,False,False
MSC,PVL Differentiated,Fibro_PVL,regex_mask,18,CALD1,False,False,False,False
MSC,PVL Differentiated,Fibro_PVL,regex_mask,19,TINAGL1,False,False,False,False
MSC,PVL Differentiated,Fibro_PVL,regex_mask,20,MCAM,False,False,False,True
MSC,PVL Differentiated,Fibro_PVL,regex_mask,21,PLAC9,False,False,False,False
MSC,PVL Differentiated,Fibro_PVL,regex_mask,22,RERGL,False,False,False,False
MSC,PVL Differentiated,Fibro_PVL,regex_mask,23,MYLK,False,False,False,False
MSC,PVL Differentiated,Fibro_PVL,regex_mask,24,PPP1R14A,False,False,False,False
MSC,PVL Differentiated,Fibro_PVL,regex_mask,25,PTP4A3,False,False,False,False
MSC,PVL Differentiated,Fibro_PVL,regex_mask,26,NTRK2,False,False,False,False
MSC,PVL Differentiated,Fibro_PVL,regex_mask,27,NET1,False,False,False,False
MSC,PVL Differentiated,Fibro_PVL,regex_mask,28,MAP3K7CL,False,False,False,False
MSC,PVL Differentiated,Fibro_PVL,regex_mask,29,CALM2,False,False,False,False
MSC,PVL Differentiated,Fibro_PVL,regex_mask,30,NOTCH3,False,False,False,False
MSC,PVL Differentiated,Fibro_PVL,regex_mask,31,MGST3,False,False,False,False
MSC,PVL Differentiated,Fibro_PVL,regex_mask,32,EFHD1,False,False,False,False
MSC,PVL Differentiated,Fibro_PVL,regex_mask,33,WFDC1,False,False,False,False
MSC,PVL Differentiated,Fibro_PVL,regex_mask,34,C1QTNF1,False,False,False,False
MSC,PVL Differentiated,Fibro_PVL,regex_mask,35,CSRP1,False,False,False,False
MSC,PVL Differentiated,Fibro_PVL,regex_mask,36,SEPT4,False,False,False,False
MSC,PVL Differentiated,Fibro_PVL,regex_mask,37,GPRC5C,False,False,False,False
MSC,PVL Differentiated,Fibro_PVL,regex_mask,38,CASQ2,False,False,False,False
MSC,PVL Differentiated,Fibro_PVL,regex_mask,39,FRZB,False,False,False,False
MSC,PVL Differentiated,Fibro_PVL,regex_mask,40,AC013461.1,False,False,False,False
MSC,PVL Differentiated,Fibro_PVL,regex_mask,41,ISYNA1,False,False,False,False
MSC,PVL Differentiated,Fibro_PVL,regex_mask,42,SEPT7,False,False,False,False
MSC,PVL Differentiated,Fibro_PVL,regex_mask,43,LMOD1,False,False,False,False
MSC,PVL Differentiated,Fibro_PVL,regex_mask,44,MTHFD2,False,False,False,False
MSC,PVL Differentiated,Fibro_PVL,regex_mask,45,SORBS2,False,False,False,False
MSC,PVL Differentiated,Fibro_PVL,regex_mask,46,CRIP1,False,False,False,False
MSC,PVL Differentiated,Fibro_PVL,regex_mask,47,SPARCL1,False,False,False,False
MSC,PVL Differentiated,Fibro_PVL,regex_mask,48,SH3BGRL,False,False,False,False
MSC,PVL Differentiated,Fibro_PVL,regex_mask,49,IGFBP5,False,False,False,False
MSC,PVL Differentiated,Fibro_PVL,regex_mask,50,IGFBP7,False,False,False,False
MSC,PVL Differentiated,Fibro_PVL,full_core,1,MYL9,False,False,False,False
MSC,PVL Differentiated,Fibro_PVL,full_core,2,ACTA2,False,False,False,True
MSC,PVL Differentiated,Fibro_PVL,full_core,3,TAGLN,False,False,False,True
MSC,PVL Differentiated,Fibro_PVL,full_core,4,ADIRF,False,False,False,False
MSC,PVL Differentiated,Fibro_PVL,full_core,5,DSTN,False,False,False,False
MSC,PVL Differentiated,Fibro_PVL,full_core,6,TPM2,False,False,False,False
MSC,PVL Differentiated,Fibro_PVL,full_core,7,S100A4,False,False,False,False
MSC,PVL Differentiated,Fibro_PVL,full_core,8,SOD3,False,False,False,False
MSC,PVL Differentiated,Fibro_PVL,full_core,9,MYH11,False,False,False,True
MSC,PVL Differentiated,Fibro_PVL,full_core,10,NDUFA4L2,False,False,False,False
MSC,PVL Differentiated,Fibro_PVL,full_core,11,PLN,False,False,False,False
MSC,PVL Differentiated,Fibro_PVL,full_core,12,CSRP2,False,False,False,False
MSC,PVL Differentiated,Fibro_PVL,full_core,13,CRYAB,False,False,False,False
MSC,PVL Differentiated,Fibro_PVL,full_core,14,PHLDA2,False,False,False,False
MSC,PVL Differentiated,Fibro_PVL,full_core,15,TPM1,False,False,False,False
MSC,PVL Differentiated,Fibro_PVL,full_core,16,CALD1,False,False,False,False
MSC,PVL Differentiated,Fibro_PVL,full_core,17,TINAGL1,False,False,False,False
MSC,PVL Differentiated,Fibro_PVL,full_core,18,MCAM,False,False,False,True
MSC,PVL Differentiated,Fibro_PVL,full_core,19,RERGL,False,False,False,False
MSC,PVL Differentiated,Fibro_PVL,full_core,20,MYLK,False,False,False,False
MSC,PVL Differentiated,Fibro_PVL,full_core,21,PPP1R14A,False,False,False,False
MSC,PVL Differentiated,Fibro_PVL,full_core,22,NTRK2,False,False,False,False
MSC,PVL Differentiated,Fibro_PVL,full_core,23,NET1,False,False,False,False
MSC,PVL Differentiated,Fibro_PVL,full_core,24,MAP3K7CL,False,False,False,False
MSC,PVL Differentiated,Fibro_PVL,full_core,25,NOTCH3,False,False,False,False
MSC,PVL Differentiated,Fibro_PVL,full_core,26,EFHD1,False,False,False,False
MSC,PVL Differentiated,Fibro_PVL,full_core,27,WFDC1,False,False,False,False
MSC,PVL Differentiated,Fibro_PVL,full_core,28,CSRP1,False,False,False,False
MSC,PVL Differentiated,Fibro_PVL,full_core,29,SEPT4,False,False,False,False
MSC,PVL Differentiated,Fibro_PVL,full_core,30,GPRC5C,False,False,False,False
MSC,PVL Differentiated,Fibro_PVL,full_core,31,CASQ2,False,False,False,False
MSC,PVL Differentiated,Fibro_PVL,full_core,32,AC013461.1,False,False,False,False
MSC,PVL Differentiated,Fibro_PVL,full_core,33,LMOD1,False,False,False,False
MSC,PVL Differentiated,Fibro_PVL,full_core,34,SORBS2,False,False,False,False
MSC,PVL Differentiated,Fibro_PVL,full_core,35,CRIP1,False,False,False,False
MSC,PVL Differentiated,Fibro_PVL,full_core,36,IGFBP5,False,False,False,False
MSC,PVL Differentiated,Fibro_PVL,full_core,37,COX4I2,False,False,False,False
MSC,PVL Differentiated,Fibro_PVL,full_core,38,RCAN2,False,False,False,False
MSC,PVL Differentiated,Fibro_PVL,full_core,39,MAP1B,False,False,False,False
MSC,PVL Differentiated,Fibro_PVL,full_core,40,TBX2,False,False,False,False
MSC,PVL Differentiated,Fibro_PVL,full_core,41,PGF,False,False,False,False
MSC,PVL Differentiated,Fibro_PVL,full_core,42,NUDT4,False,False,False,False
MSC,PVL Differentiated,Fibro_PVL,full_core,43,EDNRA,False,False,False,False
MSC,PVL Differentiated,Fibro_PVL,full_core,44,GPX3,False,False,False,False
MSC,PVL Differentiated,Fibro_PVL,full_core,45,DKK3,False,False,False,False
MSC,PVL Differentiated,Fibro_PVL,full_core,46,RGS5,False,False,False,True
MSC,PVL Differentiated,Fibro_PVL,full_core,47,MT1E,False,False,False,False
MSC,PVL Differentiated,Fibro_PVL,full_core,48,MT1M,False,False,False,False
MSC,PVL Differentiated,Fibro_PVL,full_core,49,OR51E1,False,False,False,False
MSC,PVL Differentiated,Fibro_PVL,full_core,50,TGFBI,False,False,False,False
MSC,PVL Immature,Fibro_PVL,standard,1,RGS5,False,False,False,True
MSC,PVL Immature,Fibro_PVL,standard,2,LHFP,False,False,False,False
MSC,PVL Immature,Fibro_PVL,standard,3,NDUFA4L2,False,False,False,False
MSC,PVL Immature,Fibro_PVL,standard,4,CPE,False,False,False,False
MSC,PVL Immature,Fibro_PVL,standard,5,STEAP4,False,False,False,False
MSC,PVL Immature,Fibro_PVL,standard,6,NOTCH3,False,False,False,False
MSC,PVL Immature,Fibro_PVL,standard,7,KCNJ8,False,False,False,False
MSC,PVL Immature,Fibro_PVL,standard,8,IGFBP7,False,False,False,False
MSC,PVL Immature,Fibro_PVL,standard,9,CALD1,False,False,False,False
MSC,PVL Immature,Fibro_PVL,standard,10,HIGD1B,False,False,False,False
MSC,PVL Immature,Fibro_PVL,standard,11,COX4I2,False,False,False,False
MSC,PVL Immature,Fibro_PVL,standard,12,PDGFRB,False,False,False,False
MSC,PVL Immature,Fibro_PVL,standard,13,ABCC9,False,False,False,False
MSC,PVL Immature,Fibro_PVL,standard,14,CCDC102B,False,False,False,False
MSC,PVL Immature,Fibro_PVL,standard,15,EPS8,False,False,False,False
MSC,PVL Immature,Fibro_PVL,standard,16,SEPT7,False,False,False,False
MSC,PVL Immature,Fibro_PVL,standard,17,MYL9,False,False,False,False
MSC,PVL Immature,Fibro_PVL,standard,18,MFGE8,False,False,False,False
MSC,PVL Immature,Fibro_PVL,standard,19,FAM162B,False,False,False,False
MSC,PVL Immature,Fibro_PVL,standard,20,TPM2,False,False,False,False
MSC,PVL Immature,Fibro_PVL,standard,21,NR2F2,False,False,False,False
MSC,PVL Immature,Fibro_PVL,standard,22,PCOLCE,False,False,False,False
MSC,PVL Immature,Fibro_PVL,standard,23,ARHGDIB,False,False,False,False
MSC,PVL Immature,Fibro_PVL,standard,24,SYNPO2,False,False,False,False
MSC,PVL Immature,Fibro_PVL,standard,25,GGT5,False,False,False,False
MSC,PVL Immature,Fibro_PVL,standard,26,COL18A1,False,False,False,False
MSC,PVL Immature,Fibro_PVL,standard,27,MT2A,False,False,False,False
MSC,PVL Immature,Fibro_PVL,standard,28,TPM1,False,False,False,False
MSC,PVL Immature,Fibro_PVL,standard,29,MYO1B,False,False,False,False
MSC,PVL Immature,Fibro_PVL,standard,30,SEPT4,False,False,False,False
MSC,PVL Immature,Fibro_PVL,standard,31,SERPING1,False,False,False,False
MSC,PVL Immature,Fibro_PVL,standard,32,ARHGAP15,False,False,False,False
MSC,PVL Immature,Fibro_PVL,standard,33,PHLDA1,False,False,False,False
MSC,PVL Immature,Fibro_PVL,standard,34,THY1,False,False,False,False
MSC,PVL Immature,Fibro_PVL,standard,35,C20orf27,False,False,False,False
MSC,PVL Immature,Fibro_PVL,standard,36,FRZB,False,False,False,False
MSC,PVL Immature,Fibro_PVL,standard,37,TPPP3,False,False,False,False
MSC,PVL Immature,Fibro_PVL,standard,38,SMOC2,False,False,False,False
MSC,PVL Immature,Fibro_PVL,standard,39,SOD3,False,False,False,False
MSC,PVL Immature,Fibro_PVL,standard,40,ZEB2,False,False,False,False
MSC,PVL Immature,Fibro_PVL,standard,41,CD44,False,False,False,False
MSC,PVL Immature,Fibro_PVL,standard,42,ACTA2,False,False,False,True
MSC,PVL Immature,Fibro_PVL,standard,43,ISYNA1,False,False,False,False
MSC,PVL Immature,Fibro_PVL,standard,44,TFPI,False,False,False,False
MSC,PVL Immature,Fibro_PVL,standard,45,GJA4,False,False,False,False
MSC,PVL Immature,Fibro_PVL,standard,46,CTSC,False,False,False,False
MSC,PVL Immature,Fibro_PVL,standard,47,CHN1,False,False,False,False
MSC,PVL Immature,Fibro_PVL,standard,48,APOE,False,False,False,False
MSC,PVL Immature,Fibro_PVL,standard,49,CD63,False,False,False,False
MSC,PVL Immature,Fibro_PVL,standard,50,FILIP1L,False,False,False,False
MSC,PVL Immature,Fibro_PVL,filter_only,1,RGS5,False,False,False,True
MSC,PVL Immature,Fibro_PVL,filter_only,2,LHFP,False,False,False,False
MSC,PVL Immature,Fibro_PVL,filter_only,3,NDUFA4L2,False,False,False,False
MSC,PVL Immature,Fibro_PVL,filter_only,4,CPE,False,False,False,False
MSC,PVL Immature,Fibro_PVL,filter_only,5,STEAP4,False,False,False,False
MSC,PVL Immature,Fibro_PVL,filter_only,6,NOTCH3,False,False,False,False
MSC,PVL Immature,Fibro_PVL,filter_only,7,KCNJ8,False,False,False,False
MSC,PVL Immature,Fibro_PVL,filter_only,8,IGFBP7,False,False,False,False
MSC,PVL Immature,Fibro_PVL,filter_only,9,CALD1,False,False,False,False
MSC,PVL Immature,Fibro_PVL,filter_only,10,HIGD1B,False,False,False,False
MSC,PVL Immature,Fibro_PVL,filter_only,11,COX4I2,False,False,False,False
MSC,PVL Immature,Fibro_PVL,filter_only,12,PDGFRB,False,False,False,False
MSC,PVL Immature,Fibro_PVL,filter_only,13,ABCC9,False,False,False,False
MSC,PVL Immature,Fibro_PVL,filter_only,14,CCDC102B,False,False,False,False
MSC,PVL Immature,Fibro_PVL,filter_only,15,EPS8,False,False,False,False
MSC,PVL Immature,Fibro_PVL,filter_only,16,SEPT7,False,False,False,False
MSC,PVL Immature,Fibro_PVL,filter_only,17,MYL9,False,False,False,False
MSC,PVL Immature,Fibro_PVL,filter_only,18,MFGE8,False,False,False,False
MSC,PVL Immature,Fibro_PVL,filter_only,19,FAM162B,False,False,False,False
MSC,PVL Immature,Fibro_PVL,filter_only,20,TPM2,False,False,False,False
MSC,PVL Immature,Fibro_PVL,filter_only,21,NR2F2,False,False,False,False
MSC,PVL Immature,Fibro_PVL,filter_only,22,PCOLCE,False,False,False,False
MSC,PVL Immature,Fibro_PVL,filter_only,23,ARHGDIB,False,False,False,False
MSC,PVL Immature,Fibro_PVL,filter_only,24,SYNPO2,False,False,False,False
MSC,PVL Immature,Fibro_PVL,filter_only,25,GGT5,False,False,False,False
MSC,PVL Immature,Fibro_PVL,filter_only,26,COL18A1,False,False,False,False
MSC,PVL Immature,Fibro_PVL,filter_only,27,MT2A,False,False,False,False
MSC,PVL Immature,Fibro_PVL,filter_only,28,TPM1,False,False,False,False
MSC,PVL Immature,Fibro_PVL,filter_only,29,MYO1B,False,False,False,False
MSC,PVL Immature,Fibro_PVL,filter_only,30,SEPT4,False,False,False,False
MSC,PVL Immature,Fibro_PVL,filter_only,31,SERPING1,False,False,False,False
MSC,PVL Immature,Fibro_PVL,filter_only,32,ARHGAP15,False,False,False,False
MSC,PVL Immature,Fibro_PVL,filter_only,33,PHLDA1,False,False,False,False
MSC,PVL Immature,Fibro_PVL,filter_only,34,THY1,False,False,False,False
MSC,PVL Immature,Fibro_PVL,filter_only,35,C20orf27,False,False,False,False
MSC,PVL Immature,Fibro_PVL,filter_only,36,FRZB,False,False,False,False
MSC,PVL Immature,Fibro_PVL,filter_only,37,TPPP3,False,False,False,False
MSC,PVL Immature,Fibro_PVL,filter_only,38,SMOC2,False,False,False,False
MSC,PVL Immature,Fibro_PVL,filter_only,39,SOD3,False,False,False,False
MSC,PVL Immature,Fibro_PVL,filter_only,40,ZEB2,False,False,False,False
MSC,PVL Immature,Fibro_PVL,filter_only,41,CD44,False,False,False,False
MSC,PVL Immature,Fibro_PVL,filter_only,42,ACTA2,False,False,False,True
MSC,PVL Immature,Fibro_PVL,filter_only,43,ISYNA1,False,False,False,False
MSC,PVL Immature,Fibro_PVL,filter_only,44,TFPI,False,False,False,False
MSC,PVL Immature,Fibro_PVL,filter_only,45,GJA4,False,False,False,False
MSC,PVL Immature,Fibro_PVL,filter_only,46,CTSC,False,False,False,False
MSC,PVL Immature,Fibro_PVL,filter_only,47,CHN1,False,False,False,False
MSC,PVL Immature,Fibro_PVL,filter_only,48,APOE,False,False,False,False
MSC,PVL Immature,Fibro_PVL,filter_only,49,CD63,False,False,False,False
MSC,PVL Immature,Fibro_PVL,filter_only,50,FILIP1L,False,False,False,False
MSC,PVL Immature,Fibro_PVL,regex_mask,1,RGS5,False,False,False,True
MSC,PVL Immature,Fibro_PVL,regex_mask,2,LHFP,False,False,False,False
MSC,PVL Immature,Fibro_PVL,regex_mask,3,NDUFA4L2,False,False,False,False
MSC,PVL Immature,Fibro_PVL,regex_mask,4,CPE,False,False,False,False
MSC,PVL Immature,Fibro_PVL,regex_mask,5,STEAP4,False,False,False,False
MSC,PVL Immature,Fibro_PVL,regex_mask,6,NOTCH3,False,False,False,False
MSC,PVL Immature,Fibro_PVL,regex_mask,7,KCNJ8,False,False,False,False
MSC,PVL Immature,Fibro_PVL,regex_mask,8,IGFBP7,False,False,False,False
MSC,PVL Immature,Fibro_PVL,regex_mask,9,CALD1,False,False,False,False
MSC,PVL Immature,Fibro_PVL,regex_mask,10,HIGD1B,False,False,False,False
MSC,PVL Immature,Fibro_PVL,regex_mask,11,COX4I2,False,False,False,False
MSC,PVL Immature,Fibro_PVL,regex_mask,12,PDGFRB,False,False,False,False
MSC,PVL Immature,Fibro_PVL,regex_mask,13,ABCC9,False,False,False,False
MSC,PVL Immature,Fibro_PVL,regex_mask,14,CCDC102B,False,False,False,False
MSC,PVL Immature,Fibro_PVL,regex_mask,15,EPS8,False,False,False,False
MSC,PVL Immature,Fibro_PVL,regex_mask,16,SEPT7,False,False,False,False
MSC,PVL Immature,Fibro_PVL,regex_mask,17,MYL9,False,False,False,False
MSC,PVL Immature,Fibro_PVL,regex_mask,18,MFGE8,False,False,False,False
MSC,PVL Immature,Fibro_PVL,regex_mask,19,FAM162B,False,False,False,False
MSC,PVL Immature,Fibro_PVL,regex_mask,20,TPM2,False,False,False,False
MSC,PVL Immature,Fibro_PVL,regex_mask,21,NR2F2,False,False,False,False
MSC,PVL Immature,Fibro_PVL,regex_mask,22,PCOLCE,False,False,False,False
MSC,PVL Immature,Fibro_PVL,regex_mask,23,ARHGDIB,False,False,False,False
MSC,PVL Immature,Fibro_PVL,regex_mask,24,SYNPO2,False,False,False,False
MSC,PVL Immature,Fibro_PVL,regex_mask,25,GGT5,False,False,False,False
MSC,PVL Immature,Fibro_PVL,regex_mask,26,COL18A1,False,False,False,False
MSC,PVL Immature,Fibro_PVL,regex_mask,27,MT2A,False,False,False,False
MSC,PVL Immature,Fibro_PVL,regex_mask,28,TPM1,False,False,False,False
MSC,PVL Immature,Fibro_PVL,regex_mask,29,MYO1B,False,False,False,False
MSC,PVL Immature,Fibro_PVL,regex_mask,30,SEPT4,False,False,False,False
MSC,PVL Immature,Fibro_PVL,regex_mask,31,SERPING1,False,False,False,False
MSC,PVL Immature,Fibro_PVL,regex_mask,32,ARHGAP15,False,False,False,False
MSC,PVL Immature,Fibro_PVL,regex_mask,33,PHLDA1,False,False,False,False
MSC,PVL Immature,Fibro_PVL,regex_mask,34,THY1,False,False,False,False
MSC,PVL Immature,Fibro_PVL,regex_mask,35,C20orf27,False,False,False,False
MSC,PVL Immature,Fibro_PVL,regex_mask,36,FRZB,False,False,False,False
MSC,PVL Immature,Fibro_PVL,regex_mask,37,TPPP3,False,False,False,False
MSC,PVL Immature,Fibro_PVL,regex_mask,38,SMOC2,False,False,False,False
MSC,PVL Immature,Fibro_PVL,regex_mask,39,SOD3,False,False,False,False
MSC,PVL Immature,Fibro_PVL,regex_mask,40,ZEB2,False,False,False,False
MSC,PVL Immature,Fibro_PVL,regex_mask,41,CD44,False,False,False,False
MSC,PVL Immature,Fibro_PVL,regex_mask,42,ACTA2,False,False,False,True
MSC,PVL Immature,Fibro_PVL,regex_mask,43,ISYNA1,False,False,False,False
MSC,PVL Immature,Fibro_PVL,regex_mask,44,TFPI,False,False,False,False
MSC,PVL Immature,Fibro_PVL,regex_mask,45,GJA4,False,False,False,False
MSC,PVL Immature,Fibro_PVL,regex_mask,46,CTSC,False,False,False,False
MSC,PVL Immature,Fibro_PVL,regex_mask,47,CHN1,False,False,False,False
MSC,PVL Immature,Fibro_PVL,regex_mask,48,APOE,False,False,False,False
MSC,PVL Immature,Fibro_PVL,regex_mask,49,CD63,False,False,False,False
MSC,PVL Immature,Fibro_PVL,regex_mask,50,FILIP1L,False,False,False,False
MSC,PVL Immature,Fibro_PVL,full_core,1,RGS5,False,False,False,True
MSC,PVL Immature,Fibro_PVL,full_core,2,NDUFA4L2,False,False,False,False
MSC,PVL Immature,Fibro_PVL,full_core,3,CPE,False,False,False,False
MSC,PVL Immature,Fibro_PVL,full_core,4,STEAP4,False,False,False,False
MSC,PVL Immature,Fibro_PVL,full_core,5,NOTCH3,False,False,False,False
MSC,PVL Immature,Fibro_PVL,full_core,6,KCNJ8,False,False,False,False
MSC,PVL Immature,Fibro_PVL,full_core,7,CALD1,False,False,False,False
MSC,PVL Immature,Fibro_PVL,full_core,8,HIGD1B,False,False,False,False
MSC,PVL Immature,Fibro_PVL,full_core,9,COX4I2,False,False,False,False
MSC,PVL Immature,Fibro_PVL,full_core,10,PDGFRB,False,False,False,False
MSC,PVL Immature,Fibro_PVL,full_core,11,ABCC9,False,False,False,False
MSC,PVL Immature,Fibro_PVL,full_core,12,CCDC102B,False,False,False,False
MSC,PVL Immature,Fibro_PVL,full_core,13,EPS8,False,False,False,False
MSC,PVL Immature,Fibro_PVL,full_core,14,MYL9,False,False,False,False
MSC,PVL Immature,Fibro_PVL,full_core,15,FAM162B,False,False,False,False
MSC,PVL Immature,Fibro_PVL,full_core,16,TPM2,False,False,False,False
MSC,PVL Immature,Fibro_PVL,full_core,17,NR2F2,False,False,False,False
MSC,PVL Immature,Fibro_PVL,full_core,18,PCOLCE,False,False,False,False
MSC,PVL Immature,Fibro_PVL,full_core,19,SYNPO2,False,False,False,False
MSC,PVL Immature,Fibro_PVL,full_core,20,COL18A1,False,False,False,False
MSC,PVL Immature,Fibro_PVL,full_core,21,MT2A,False,False,False,False
MSC,PVL Immature,Fibro_PVL,full_core,22,TPM1,False,False,False,False
MSC,PVL Immature,Fibro_PVL,full_core,23,MYO1B,False,False,False,False
MSC,PVL Immature,Fibro_PVL,full_core,24,SEPT4,False,False,False,False
MSC,PVL Immature,Fibro_PVL,full_core,25,ARHGAP15,False,False,False,False
MSC,PVL Immature,Fibro_PVL,full_core,26,PHLDA1,False,False,False,False
MSC,PVL Immature,Fibro_PVL,full_core,27,THY1,False,False,False,False
MSC,PVL Immature,Fibro_PVL,full_core,28,C20orf27,False,False,False,False
MSC,PVL Immature,Fibro_PVL,full_core,29,TPPP3,False,False,False,False
MSC,PVL Immature,Fibro_PVL,full_core,30,SMOC2,False,False,False,False
MSC,PVL Immature,Fibro_PVL,full_core,31,SOD3,False,False,False,False
MSC,PVL Immature,Fibro_PVL,full_core,32,ZEB2,False,False,False,False
MSC,PVL Immature,Fibro_PVL,full_core,33,CD44,False,False,False,False
MSC,PVL Immature,Fibro_PVL,full_core,34,ACTA2,False,False,False,True
MSC,PVL Immature,Fibro_PVL,full_core,35,GJA4,False,False,False,False
MSC,PVL Immature,Fibro_PVL,full_core,36,CHN1,False,False,False,False
MSC,PVL Immature,Fibro_PVL,full_core,37,APOE,False,False,False,False
MSC,PVL Immature,Fibro_PVL,full_core,38,FILIP1L,False,False,False,False
MSC,PVL Immature,Fibro_PVL,full_core,39,RGS16,False,False,False,False
MSC,PVL Immature,Fibro_PVL,full_core,40,GUCY1A2,False,False,False,False
MSC,PVL Immature,Fibro_PVL,full_core,41,EFHD1,False,False,False,False
MSC,PVL Immature,Fibro_PVL,full_core,42,PLXDC1,False,False,False,False
MSC,PVL Immature,Fibro_PVL,full_core,43,GUCY1B3,False,False,False,False
MSC,PVL Immature,Fibro_PVL,full_core,44,OLFML2B,False,False,False,False
MSC,PVL Immature,Fibro_PVL,full_core,45,FHL2,False,False,False,False
MSC,PVL Immature,Fibro_PVL,full_core,46,ENPEP,False,False,False,False
MSC,PVL Immature,Fibro_PVL,full_core,47,MAP1B,False,False,False,False
MSC,PVL Immature,Fibro_PVL,full_core,48,TAGLN,False,False,False,True
MSC,PVL Immature,Fibro_PVL,full_core,49,GJC1,False,False,False,False
MSC,PVL Immature,Fibro_PVL,full_core,50,TIMP1,False,False,False,False
MOUSE_B,B cell,Mature_B,standard,1,H2-Eb1,False,False,False,False
MOUSE_B,B cell,Mature_B,standard,2,H2-Aa,False,False,False,True
MOUSE_B,B cell,Mature_B,standard,3,H2-Ab1,False,False,False,True
MOUSE_B,B cell,Mature_B,standard,4,Cd79a,False,False,False,True
MOUSE_B,B cell,Mature_B,standard,5,Cd74,False,False,False,True
MOUSE_B,B cell,Mature_B,standard,6,Rps27,True,True,False,False
MOUSE_B,B cell,Mature_B,standard,7,Rps15a,True,True,False,False
MOUSE_B,B cell,Mature_B,standard,8,Rps19,True,True,False,False
MOUSE_B,B cell,Mature_B,standard,9,Cd79b,False,False,False,True
MOUSE_B,B cell,Mature_B,standard,10,Rps21,True,True,False,False
MOUSE_B,B cell,Mature_B,standard,11,Rpl36,True,True,False,False
MOUSE_B,B cell,Mature_B,standard,12,Rpl12,True,True,False,False
MOUSE_B,B cell,Mature_B,standard,13,Rpl39,True,True,False,False
MOUSE_B,B cell,Mature_B,standard,14,Rps20,True,True,False,False
MOUSE_B,B cell,Mature_B,standard,15,Rps7,True,True,False,False
MOUSE_B,B cell,Mature_B,standard,16,Rpl10a,True,True,False,False
MOUSE_B,B cell,Mature_B,standard,17,Rps13,True,True,False,False
MOUSE_B,B cell,Mature_B,standard,18,Tmsb10,False,False,False,False
MOUSE_B,B cell,Mature_B,standard,19,Rps18,True,True,False,False
MOUSE_B,B cell,Mature_B,standard,20,Rps15,True,True,False,False
MOUSE_B,B cell,Mature_B,standard,21,Rpl35,True,True,False,False
MOUSE_B,B cell,Mature_B,standard,22,Rpl27a,True,True,False,False
MOUSE_B,B cell,Mature_B,standard,23,Rps5,True,True,False,False
MOUSE_B,B cell,Mature_B,standard,24,Rpl13a,True,True,False,False
MOUSE_B,B cell,Mature_B,standard,25,Rpl3,True,True,False,False
MOUSE_B,B cell,Mature_B,standard,26,Rps2,True,True,False,False
MOUSE_B,B cell,Mature_B,standard,27,Rpl21,True,True,False,False
MOUSE_B,B cell,Mature_B,standard,28,Rpl36a,True,True,False,False
MOUSE_B,B cell,Mature_B,standard,29,Ms4a1,False,False,False,True
MOUSE_B,B cell,Mature_B,standard,30,Rps28,True,True,False,False
MOUSE_B,B cell,Mature_B,standard,31,Cd37,False,False,False,False
MOUSE_B,B cell,Mature_B,standard,32,Rpl19,True,True,False,False
MOUSE_B,B cell,Mature_B,standard,33,Rpl4,True,True,False,False
MOUSE_B,B cell,Mature_B,standard,34,Rpl13,True,True,False,False
MOUSE_B,B cell,Mature_B,standard,35,Rps29,True,True,False,False
MOUSE_B,B cell,Mature_B,standard,36,Rpl6,True,True,False,False
MOUSE_B,B cell,Mature_B,standard,37,Rpl18,True,True,False,False
MOUSE_B,B cell,Mature_B,standard,38,Rps26,True,True,False,False
MOUSE_B,B cell,Mature_B,standard,39,Eef1a1,True,True,False,False
MOUSE_B,B cell,Mature_B,standard,40,Rpsa,True,True,False,False
MOUSE_B,B cell,Mature_B,standard,41,Rpl37a,True,True,False,False
MOUSE_B,B cell,Mature_B,standard,42,Rplp2,True,True,False,False
MOUSE_B,B cell,Mature_B,standard,43,Rpl18a,True,True,False,False
MOUSE_B,B cell,Mature_B,standard,44,Rps4x,True,True,False,False
MOUSE_B,B cell,Mature_B,standard,45,Rps24,True,True,False,False
MOUSE_B,B cell,Mature_B,standard,46,Rpl38,True,True,False,False
MOUSE_B,B cell,Mature_B,standard,47,Rpl14,True,True,False,False
MOUSE_B,B cell,Mature_B,standard,48,Rpl17,True,True,False,False
MOUSE_B,B cell,Mature_B,standard,49,Rpl27,True,True,False,False
MOUSE_B,B cell,Mature_B,standard,50,Rpl8,True,True,False,False
MOUSE_B,B cell,Mature_B,filter_only,1,H2-Eb1,False,False,False,False
MOUSE_B,B cell,Mature_B,filter_only,2,H2-Aa,False,False,False,True
MOUSE_B,B cell,Mature_B,filter_only,3,H2-Ab1,False,False,False,True
MOUSE_B,B cell,Mature_B,filter_only,4,Cd79a,False,False,False,True
MOUSE_B,B cell,Mature_B,filter_only,5,Cd74,False,False,False,True
MOUSE_B,B cell,Mature_B,filter_only,6,Rps27,True,True,False,False
MOUSE_B,B cell,Mature_B,filter_only,7,Cd79b,False,False,False,True
MOUSE_B,B cell,Mature_B,filter_only,8,Rps21,True,True,False,False
MOUSE_B,B cell,Mature_B,filter_only,9,Rpl36,True,True,False,False
MOUSE_B,B cell,Mature_B,filter_only,10,Rpl12,True,True,False,False
MOUSE_B,B cell,Mature_B,filter_only,11,Rpl39,True,True,False,False
MOUSE_B,B cell,Mature_B,filter_only,12,Rps20,True,True,False,False
MOUSE_B,B cell,Mature_B,filter_only,13,Rpl10a,True,True,False,False
MOUSE_B,B cell,Mature_B,filter_only,14,Tmsb10,False,False,False,False
MOUSE_B,B cell,Mature_B,filter_only,15,Rps18,True,True,False,False
MOUSE_B,B cell,Mature_B,filter_only,16,Rps15,True,True,False,False
MOUSE_B,B cell,Mature_B,filter_only,17,Rpl35,True,True,False,False
MOUSE_B,B cell,Mature_B,filter_only,18,Rps5,True,True,False,False
MOUSE_B,B cell,Mature_B,filter_only,19,Rpl3,True,True,False,False
MOUSE_B,B cell,Mature_B,filter_only,20,Rps2,True,True,False,False
MOUSE_B,B cell,Mature_B,filter_only,21,Rpl36a,True,True,False,False
MOUSE_B,B cell,Mature_B,filter_only,22,Ms4a1,False,False,False,True
MOUSE_B,B cell,Mature_B,filter_only,23,Rps28,True,True,False,False
MOUSE_B,B cell,Mature_B,filter_only,24,Cd37,False,False,False,False
MOUSE_B,B cell,Mature_B,filter_only,25,Rpl4,True,True,False,False
MOUSE_B,B cell,Mature_B,filter_only,26,Rpl18,True,True,False,False
MOUSE_B,B cell,Mature_B,filter_only,27,Rps26,True,True,False,False
MOUSE_B,B cell,Mature_B,filter_only,28,Rpsa,True,True,False,False
MOUSE_B,B cell,Mature_B,filter_only,29,Rps4x,True,True,False,False
MOUSE_B,B cell,Mature_B,filter_only,30,Rpl38,True,True,False,False
MOUSE_B,B cell,Mature_B,filter_only,31,Rpl14,True,True,False,False
MOUSE_B,B cell,Mature_B,filter_only,32,Rpl27,True,True,False,False
MOUSE_B,B cell,Mature_B,filter_only,33,Rpl22,True,True,False,False
MOUSE_B,B cell,Mature_B,filter_only,34,Btg1,False,False,False,False
MOUSE_B,B cell,Mature_B,filter_only,35,Faim3,False,False,False,False
MOUSE_B,B cell,Mature_B,filter_only,36,Gnb2l1,False,False,False,False
MOUSE_B,B cell,Mature_B,filter_only,37,Rpl5,True,True,False,False
MOUSE_B,B cell,Mature_B,filter_only,38,Eef1g,True,True,False,False
MOUSE_B,B cell,Mature_B,filter_only,39,Rps17,True,True,False,False
MOUSE_B,B cell,Mature_B,filter_only,40,H2-Ob,False,False,False,False
MOUSE_B,B cell,Mature_B,filter_only,41,Rpl22l1,True,True,False,False
MOUSE_B,B cell,Mature_B,filter_only,42,Shisa5,False,False,False,False
MOUSE_B,B cell,Mature_B,filter_only,43,Rpl15,True,True,False,False
MOUSE_B,B cell,Mature_B,filter_only,44,Npm1,False,False,False,False
MOUSE_B,B cell,Mature_B,filter_only,45,Rps15a-ps4,True,True,False,False
MOUSE_B,B cell,Mature_B,filter_only,46,Eef2,True,True,False,False
MOUSE_B,B cell,Mature_B,filter_only,47,Rps15a-ps6,True,True,False,False
MOUSE_B,B cell,Mature_B,filter_only,48,Ppia,False,True,True,False
MOUSE_B,B cell,Mature_B,filter_only,49,Rpl29,True,True,False,False
MOUSE_B,B cell,Mature_B,filter_only,50,Ptprcap,False,False,False,False
MOUSE_B,B cell,Mature_B,regex_mask,1,H2-Eb1,False,False,False,False
MOUSE_B,B cell,Mature_B,regex_mask,2,H2-Aa,False,False,False,True
MOUSE_B,B cell,Mature_B,regex_mask,3,H2-Ab1,False,False,False,True
MOUSE_B,B cell,Mature_B,regex_mask,4,Cd79a,False,False,False,True
MOUSE_B,B cell,Mature_B,regex_mask,5,Cd74,False,False,False,True
MOUSE_B,B cell,Mature_B,regex_mask,6,Cd79b,False,False,False,True
MOUSE_B,B cell,Mature_B,regex_mask,7,Tmsb10,False,False,False,False
MOUSE_B,B cell,Mature_B,regex_mask,8,Ms4a1,False,False,False,True
MOUSE_B,B cell,Mature_B,regex_mask,9,Cd37,False,False,False,False
MOUSE_B,B cell,Mature_B,regex_mask,10,Btg1,False,False,False,False
MOUSE_B,B cell,Mature_B,regex_mask,11,Faim3,False,False,False,False
MOUSE_B,B cell,Mature_B,regex_mask,12,Gnb2l1,False,False,False,False
MOUSE_B,B cell,Mature_B,regex_mask,13,H2-Ob,False,False,False,False
MOUSE_B,B cell,Mature_B,regex_mask,14,Shisa5,False,False,False,False
MOUSE_B,B cell,Mature_B,regex_mask,15,Npm1,False,False,False,False
MOUSE_B,B cell,Mature_B,regex_mask,16,Ppia,False,True,True,False
MOUSE_B,B cell,Mature_B,regex_mask,17,Ptprcap,False,False,False,False
MOUSE_B,B cell,Mature_B,regex_mask,18,Naca,False,True,True,False
MOUSE_B,B cell,Mature_B,regex_mask,19,Ddx5,False,True,True,False
MOUSE_B,B cell,Mature_B,regex_mask,20,Ly6d,False,False,False,False
MOUSE_B,B cell,Mature_B,regex_mask,21,Ltb,False,False,False,False
MOUSE_B,B cell,Mature_B,regex_mask,22,Cd19,False,False,False,False
MOUSE_B,B cell,Mature_B,regex_mask,23,Ly6e,False,False,False,False
MOUSE_B,B cell,Mature_B,regex_mask,24,Snrpg,False,False,False,False
MOUSE_B,B cell,Mature_B,regex_mask,25,Gimap6,False,False,False,False
MOUSE_B,B cell,Mature_B,regex_mask,26,Ly86,False,False,False,False
MOUSE_B,B cell,Mature_B,regex_mask,27,Cd2,False,False,False,False
MOUSE_B,B cell,Mature_B,regex_mask,28,Ptma,False,True,True,False
MOUSE_B,B cell,Mature_B,regex_mask,29,Bank1,False,False,False,False
MOUSE_B,B cell,Mature_B,regex_mask,30,Cd22,False,False,False,False
MOUSE_B,B cell,Mature_B,regex_mask,31,H2-Oa,False,False,False,False
MOUSE_B,B cell,Mature_B,regex_mask,32,Gimap4,False,False,False,False
MOUSE_B,B cell,Mature_B,regex_mask,33,Ybx1,False,False,False,False
MOUSE_B,B cell,Mature_B,regex_mask,34,Apobec3,False,False,False,False
MOUSE_B,B cell,Mature_B,regex_mask,35,Mef2c,False,False,False,False
MOUSE_B,B cell,Mature_B,regex_mask,36,Tnfrsf13c,False,False,False,False
MOUSE_B,B cell,Mature_B,regex_mask,37,Gltscr2,False,False,False,False
MOUSE_B,B cell,Mature_B,regex_mask,38,Pfdn5,False,True,True,False
MOUSE_B,B cell,Mature_B,regex_mask,39,Gimap1,False,False,False,False
MOUSE_B,B cell,Mature_B,regex_mask,40,Cd72,False,False,False,False
MOUSE_B,B cell,Mature_B,regex_mask,41,Klf2,False,False,False,False
MOUSE_B,B cell,Mature_B,regex_mask,42,Nap1l1,False,False,False,False
MOUSE_B,B cell,Mature_B,regex_mask,43,Foxp1,False,False,False,False
MOUSE_B,B cell,Mature_B,regex_mask,44,Scd1,False,False,False,False
MOUSE_B,B cell,Mature_B,regex_mask,45,Pold4,False,False,False,False
MOUSE_B,B cell,Mature_B,regex_mask,46,Prkcb,False,False,False,False
MOUSE_B,B cell,Mature_B,regex_mask,47,Coro1a,False,False,False,False
MOUSE_B,B cell,Mature_B,regex_mask,48,Napsa,False,False,False,False
MOUSE_B,B cell,Mature_B,regex_mask,49,Fcrl1,False,False,False,False
MOUSE_B,B cell,Mature_B,regex_mask,50,Cnbp,False,False,False,False
MOUSE_B,B cell,Mature_B,full_core,1,H2-Ab1,False,False,False,True
MOUSE_B,B cell,Mature_B,full_core,2,Cd79a,False,False,False,True
MOUSE_B,B cell,Mature_B,full_core,3,Cd74,False,False,False,True
MOUSE_B,B cell,Mature_B,full_core,4,Cd79b,False,False,False,True
MOUSE_B,B cell,Mature_B,full_core,5,Ms4a1,False,False,False,True
MOUSE_B,B cell,Mature_B,full_core,6,Faim3,False,False,False,False
MOUSE_B,B cell,Mature_B,full_core,7,Ly6d,False,False,False,False
MOUSE_B,B cell,Mature_B,full_core,8,Ltb,False,False,False,False
MOUSE_B,B cell,Mature_B,full_core,9,Cd19,False,False,False,False
MOUSE_B,B cell,Mature_B,full_core,10,Cd2,False,False,False,False
MOUSE_B,B cell,Mature_B,full_core,11,Bank1,False,False,False,False
MOUSE_B,B cell,Mature_B,full_core,12,Cd22,False,False,False,False
MOUSE_B,B cell,Mature_B,full_core,13,Tnfrsf13c,False,False,False,False
MOUSE_B,B cell,Mature_B,full_core,14,Cd72,False,False,False,False
MOUSE_B,B cell,Mature_B,full_core,15,Klf2,False,False,False,False
MOUSE_B,B cell,Mature_B,full_core,16,Scd1,False,False,False,False
MOUSE_B,B cell,Mature_B,full_core,17,Napsa,False,False,False,False
MOUSE_B,B cell,Mature_B,full_core,18,Fcrl1,False,False,False,False
MOUSE_B,B cell,Mature_B,full_core,19,Cd83,False,False,False,False
MOUSE_B,B cell,Mature_B,full_core,20,Blk,False,False,False,False
MOUSE_B,B cell,Mature_B,full_core,21,Ccr7,False,False,False,False
MOUSE_B,B cell,Mature_B,full_core,22,Dusp2,False,False,False,False
MOUSE_B,B cell,Mature_B,full_core,23,Hvcn1,False,False,False,False
MOUSE_B,B cell,Mature_B,full_core,24,Gimap3,False,False,False,False
MOUSE_B,B cell,Mature_B,full_core,25,Fcrla,False,False,False,False
MOUSE_B,B cell,Mature_B,full_core,26,Spib,False,False,False,False
MOUSE_B,B cell,Mature_B,full_core,27,Ms4a4c,False,False,False,False
MOUSE_B,B cell,Mature_B,full_core,28,Fcer2a,False,False,False,False
MOUSE_B,B cell,Mature_B,full_core,29,Bcl2a1b,False,False,False,False
MOUSE_B,B cell,Mature_B,full_core,30,Cxcr5,False,False,False,False
MOUSE_B,B cell,Mature_B,full_core,31,Cr2,False,False,False,False
MOUSE_B,B cell,Mature_B,full_core,32,Apoe,False,False,False,False
MOUSE_B,B cell,Mature_B,full_core,33,Irf8,False,False,False,False
MOUSE_B,B cell,Mature_B,full_core,34,Gpr18,False,False,False,False
MOUSE_B,B cell,Mature_B,full_core,35,Cd55,False,False,False,False
MOUSE_B,B cell,Mature_B,full_core,36,Ifi27l2a,False,False,False,False
MOUSE_B,B cell,Mature_B,full_core,37,Pou2af1,False,False,False,False
MOUSE_B,B cell,Mature_B,full_core,38,Vpreb3,False,False,False,False
MOUSE_B,B cell,Mature_B,full_core,39,Dtx1,False,False,False,False
MOUSE_B,B cell,Mature_B,full_core,40,Fam43a,False,False,False,False
MOUSE_B,B cell,Mature_B,full_core,41,Gngt2,False,False,False,False
MOUSE_B,B cell,Mature_B,full_core,42,Gpr183,False,False,False,False
MOUSE_B,B cell,Mature_B,full_core,43,Btla,False,False,False,False
MOUSE_B,B cell,Mature_B,full_core,44,Ikzf3,False,False,False,False
MOUSE_B,B cell,Mature_B,full_core,45,Bcl2a1d,False,False,False,False
MOUSE_B,B cell,Mature_B,full_core,46,P2ry10,False,False,False,False
MOUSE_B,B cell,Mature_B,full_core,47,H2-Eb2,False,False,False,False
MOUSE_B,B cell,Mature_B,full_core,48,AW112010,False,False,False,False
MOUSE_B,B cell,Mature_B,full_core,49,Gem,False,False,False,False
MOUSE_B,B cell,Mature_B,full_core,50,Lgmn,False,False,False,False
MOUSE_B,immature B cell,Erythrocyte_like,standard,1,Cd24a,False,False,False,False
MOUSE_B,immature B cell,Erythrocyte_like,standard,2,Beta-s,False,False,False,False
MOUSE_B,immature B cell,Erythrocyte_like,standard,3,Hbb-b2,True,True,False,False
MOUSE_B,immature B cell,Erythrocyte_like,standard,4,S100a9,False,False,False,False
MOUSE_B,immature B cell,Erythrocyte_like,standard,5,Prdx2,False,False,False,False
MOUSE_B,immature B cell,Erythrocyte_like,standard,6,S100a8,False,False,False,False
MOUSE_B,immature B cell,Erythrocyte_like,standard,7,Gpx1,False,False,False,False
MOUSE_B,immature B cell,Erythrocyte_like,standard,8,Alas2,False,False,False,True
MOUSE_B,immature B cell,Erythrocyte_like,standard,9,Snca,False,False,False,False
MOUSE_B,immature B cell,Erythrocyte_like,standard,10,Lcn2,False,False,False,False
MOUSE_B,immature B cell,Erythrocyte_like,standard,11,Fech,False,False,False,False
MOUSE_B,immature B cell,Erythrocyte_like,standard,12,1100001G20Rik,True,True,False,False
MOUSE_B,immature B cell,Erythrocyte_like,standard,13,Car2,False,False,False,False
MOUSE_B,immature B cell,Erythrocyte_like,standard,14,Gypa,False,False,False,True
MOUSE_B,immature B cell,Erythrocyte_like,standard,15,Hp,False,False,False,False
MOUSE_B,immature B cell,Erythrocyte_like,standard,16,Sepx1,False,False,False,False
MOUSE_B,immature B cell,Erythrocyte_like,standard,17,Lyz2,False,False,False,False
MOUSE_B,immature B cell,Erythrocyte_like,standard,18,Camp,False,False,False,False
MOUSE_B,immature B cell,Erythrocyte_like,standard,19,Ngp,False,False,False,False
MOUSE_B,immature B cell,Erythrocyte_like,standard,20,Ube2l6,False,False,False,False
MOUSE_B,immature B cell,Erythrocyte_like,standard,21,Ifitm6,False,False,False,False
MOUSE_B,immature B cell,Erythrocyte_like,standard,22,S100a11,False,False,False,False
MOUSE_B,immature B cell,Erythrocyte_like,standard,23,Pglyrp1,False,False,False,False
MOUSE_B,immature B cell,Erythrocyte_like,standard,24,Txn1,False,False,False,False
MOUSE_B,immature B cell,Erythrocyte_like,standard,25,H3f3a,False,True,True,False
MOUSE_B,immature B cell,Erythrocyte_like,standard,26,Arf5,False,False,False,False
MOUSE_B,immature B cell,Erythrocyte_like,standard,27,Prdx5,False,False,False,False
MOUSE_B,immature B cell,Erythrocyte_like,standard,28,Hbb-b1,True,True,False,False
MOUSE_B,immature B cell,Erythrocyte_like,standard,29,Retnlg,False,False,False,False
MOUSE_B,immature B cell,Erythrocyte_like,standard,30,Lyz1,False,False,False,False
MOUSE_B,immature B cell,Erythrocyte_like,standard,31,Hba-a2,True,True,False,True
MOUSE_B,immature B cell,Erythrocyte_like,standard,32,Isg20,False,False,False,False
MOUSE_B,immature B cell,Erythrocyte_like,standard,33,Slc25a37,False,False,False,False
MOUSE_B,immature B cell,Erythrocyte_like,standard,34,S100a6,False,False,False,False
MOUSE_B,immature B cell,Erythrocyte_like,standard,35,Slc4a1,False,False,False,False
MOUSE_B,immature B cell,Erythrocyte_like,standard,36,Hmgb2,True,True,False,False
MOUSE_B,immature B cell,Erythrocyte_like,standard,37,Blvrb,False,False,False,False
MOUSE_B,immature B cell,Erythrocyte_like,standard,38,Mkrn1,False,False,False,False
MOUSE_B,immature B cell,Erythrocyte_like,standard,39,March2,False,False,False,False
MOUSE_B,immature B cell,Erythrocyte_like,standard,40,1810033B17Rik,True,True,False,False
MOUSE_B,immature B cell,Erythrocyte_like,standard,41,Ifitm3,False,False,False,False
MOUSE_B,immature B cell,Erythrocyte_like,standard,42,Isca1,False,False,False,False
MOUSE_B,immature B cell,Erythrocyte_like,standard,43,Hba-a1,True,True,False,True
MOUSE_B,immature B cell,Erythrocyte_like,standard,44,Ltf,False,False,False,False
MOUSE_B,immature B cell,Erythrocyte_like,standard,45,Glrx5,False,False,False,False
MOUSE_B,immature B cell,Erythrocyte_like,standard,46,Lrg1,False,False,False,False
MOUSE_B,immature B cell,Erythrocyte_like,standard,47,Shfm1,False,False,False,False
MOUSE_B,immature B cell,Erythrocyte_like,standard,48,1810058I24Rik,True,True,False,False
MOUSE_B,immature B cell,Erythrocyte_like,standard,49,Anxa1,False,False,False,False
MOUSE_B,immature B cell,Erythrocyte_like,standard,50,St3gal5,False,False,False,False
MOUSE_B,immature B cell,Erythrocyte_like,filter_only,1,Cd24a,False,False,False,False
MOUSE_B,immature B cell,Erythrocyte_like,filter_only,2,Beta-s,False,False,False,False
MOUSE_B,immature B cell,Erythrocyte_like,filter_only,3,Hbb-b2,True,True,False,False
MOUSE_B,immature B cell,Erythrocyte_like,filter_only,4,S100a9,False,False,False,False
MOUSE_B,immature B cell,Erythrocyte_like,filter_only,5,Prdx2,False,False,False,False
MOUSE_B,immature B cell,Erythrocyte_like,filter_only,6,S100a8,False,False,False,False
MOUSE_B,immature B cell,Erythrocyte_like,filter_only,7,Gpx1,False,False,False,False
MOUSE_B,immature B cell,Erythrocyte_like,filter_only,8,Alas2,False,False,False,True
MOUSE_B,immature B cell,Erythrocyte_like,filter_only,9,Snca,False,False,False,False
MOUSE_B,immature B cell,Erythrocyte_like,filter_only,10,Lcn2,False,False,False,False
MOUSE_B,immature B cell,Erythrocyte_like,filter_only,11,Fech,False,False,False,False
MOUSE_B,immature B cell,Erythrocyte_like,filter_only,12,1100001G20Rik,True,True,False,False
MOUSE_B,immature B cell,Erythrocyte_like,filter_only,13,Car2,False,False,False,False
MOUSE_B,immature B cell,Erythrocyte_like,filter_only,14,Gypa,False,False,False,True
MOUSE_B,immature B cell,Erythrocyte_like,filter_only,15,Hp,False,False,False,False
MOUSE_B,immature B cell,Erythrocyte_like,filter_only,16,Sepx1,False,False,False,False
MOUSE_B,immature B cell,Erythrocyte_like,filter_only,17,Lyz2,False,False,False,False
MOUSE_B,immature B cell,Erythrocyte_like,filter_only,18,Camp,False,False,False,False
MOUSE_B,immature B cell,Erythrocyte_like,filter_only,19,Ngp,False,False,False,False
MOUSE_B,immature B cell,Erythrocyte_like,filter_only,20,Ube2l6,False,False,False,False
MOUSE_B,immature B cell,Erythrocyte_like,filter_only,21,Ifitm6,False,False,False,False
MOUSE_B,immature B cell,Erythrocyte_like,filter_only,22,S100a11,False,False,False,False
MOUSE_B,immature B cell,Erythrocyte_like,filter_only,23,Pglyrp1,False,False,False,False
MOUSE_B,immature B cell,Erythrocyte_like,filter_only,24,Txn1,False,False,False,False
MOUSE_B,immature B cell,Erythrocyte_like,filter_only,25,Arf5,False,False,False,False
MOUSE_B,immature B cell,Erythrocyte_like,filter_only,26,Prdx5,False,False,False,False
MOUSE_B,immature B cell,Erythrocyte_like,filter_only,27,Hbb-b1,True,True,False,False
MOUSE_B,immature B cell,Erythrocyte_like,filter_only,28,Retnlg,False,False,False,False
MOUSE_B,immature B cell,Erythrocyte_like,filter_only,29,Lyz1,False,False,False,False
MOUSE_B,immature B cell,Erythrocyte_like,filter_only,30,Hba-a2,True,True,False,True
MOUSE_B,immature B cell,Erythrocyte_like,filter_only,31,Isg20,False,False,False,False
MOUSE_B,immature B cell,Erythrocyte_like,filter_only,32,Slc25a37,False,False,False,False
MOUSE_B,immature B cell,Erythrocyte_like,filter_only,33,S100a6,False,False,False,False
MOUSE_B,immature B cell,Erythrocyte_like,filter_only,34,Slc4a1,False,False,False,False
MOUSE_B,immature B cell,Erythrocyte_like,filter_only,35,Hmgb2,True,True,False,False
MOUSE_B,immature B cell,Erythrocyte_like,filter_only,36,Blvrb,False,False,False,False
MOUSE_B,immature B cell,Erythrocyte_like,filter_only,37,Mkrn1,False,False,False,False
MOUSE_B,immature B cell,Erythrocyte_like,filter_only,38,March2,False,False,False,False
MOUSE_B,immature B cell,Erythrocyte_like,filter_only,39,1810033B17Rik,True,True,False,False
MOUSE_B,immature B cell,Erythrocyte_like,filter_only,40,Ifitm3,False,False,False,False
MOUSE_B,immature B cell,Erythrocyte_like,filter_only,41,Isca1,False,False,False,False
MOUSE_B,immature B cell,Erythrocyte_like,filter_only,42,Hba-a1,True,True,False,True
MOUSE_B,immature B cell,Erythrocyte_like,filter_only,43,Ltf,False,False,False,False
MOUSE_B,immature B cell,Erythrocyte_like,filter_only,44,Glrx5,False,False,False,False
MOUSE_B,immature B cell,Erythrocyte_like,filter_only,45,Lrg1,False,False,False,False
MOUSE_B,immature B cell,Erythrocyte_like,filter_only,46,Shfm1,False,False,False,False
MOUSE_B,immature B cell,Erythrocyte_like,filter_only,47,1810058I24Rik,True,True,False,False
MOUSE_B,immature B cell,Erythrocyte_like,filter_only,48,Anxa1,False,False,False,False
MOUSE_B,immature B cell,Erythrocyte_like,filter_only,49,St3gal5,False,False,False,False
MOUSE_B,immature B cell,Erythrocyte_like,filter_only,50,Mmp9,False,False,False,False
MOUSE_B,immature B cell,Erythrocyte_like,regex_mask,1,Cd24a,False,False,False,False
MOUSE_B,immature B cell,Erythrocyte_like,regex_mask,2,Beta-s,False,False,False,False
MOUSE_B,immature B cell,Erythrocyte_like,regex_mask,3,S100a9,False,False,False,False
MOUSE_B,immature B cell,Erythrocyte_like,regex_mask,4,Prdx2,False,False,False,False
MOUSE_B,immature B cell,Erythrocyte_like,regex_mask,5,S100a8,False,False,False,False
MOUSE_B,immature B cell,Erythrocyte_like,regex_mask,6,Gpx1,False,False,False,False
MOUSE_B,immature B cell,Erythrocyte_like,regex_mask,7,Alas2,False,False,False,True
MOUSE_B,immature B cell,Erythrocyte_like,regex_mask,8,Snca,False,False,False,False
MOUSE_B,immature B cell,Erythrocyte_like,regex_mask,9,Lcn2,False,False,False,False
MOUSE_B,immature B cell,Erythrocyte_like,regex_mask,10,Fech,False,False,False,False
MOUSE_B,immature B cell,Erythrocyte_like,regex_mask,11,Car2,False,False,False,False
MOUSE_B,immature B cell,Erythrocyte_like,regex_mask,12,Gypa,False,False,False,True
MOUSE_B,immature B cell,Erythrocyte_like,regex_mask,13,Hp,False,False,False,False
MOUSE_B,immature B cell,Erythrocyte_like,regex_mask,14,Sepx1,False,False,False,False
MOUSE_B,immature B cell,Erythrocyte_like,regex_mask,15,Lyz2,False,False,False,False
MOUSE_B,immature B cell,Erythrocyte_like,regex_mask,16,Camp,False,False,False,False
MOUSE_B,immature B cell,Erythrocyte_like,regex_mask,17,Ngp,False,False,False,False
MOUSE_B,immature B cell,Erythrocyte_like,regex_mask,18,Ube2l6,False,False,False,False
MOUSE_B,immature B cell,Erythrocyte_like,regex_mask,19,Ifitm6,False,False,False,False
MOUSE_B,immature B cell,Erythrocyte_like,regex_mask,20,S100a11,False,False,False,False
MOUSE_B,immature B cell,Erythrocyte_like,regex_mask,21,Pglyrp1,False,False,False,False
MOUSE_B,immature B cell,Erythrocyte_like,regex_mask,22,Txn1,False,False,False,False
MOUSE_B,immature B cell,Erythrocyte_like,regex_mask,23,Arf5,False,False,False,False
MOUSE_B,immature B cell,Erythrocyte_like,regex_mask,24,Prdx5,False,False,False,False
MOUSE_B,immature B cell,Erythrocyte_like,regex_mask,25,Retnlg,False,False,False,False
MOUSE_B,immature B cell,Erythrocyte_like,regex_mask,26,Lyz1,False,False,False,False
MOUSE_B,immature B cell,Erythrocyte_like,regex_mask,27,Isg20,False,False,False,False
MOUSE_B,immature B cell,Erythrocyte_like,regex_mask,28,Slc25a37,False,False,False,False
MOUSE_B,immature B cell,Erythrocyte_like,regex_mask,29,S100a6,False,False,False,False
MOUSE_B,immature B cell,Erythrocyte_like,regex_mask,30,Slc4a1,False,False,False,False
MOUSE_B,immature B cell,Erythrocyte_like,regex_mask,31,Blvrb,False,False,False,False
MOUSE_B,immature B cell,Erythrocyte_like,regex_mask,32,Mkrn1,False,False,False,False
MOUSE_B,immature B cell,Erythrocyte_like,regex_mask,33,March2,False,False,False,False
MOUSE_B,immature B cell,Erythrocyte_like,regex_mask,34,Ifitm3,False,False,False,False
MOUSE_B,immature B cell,Erythrocyte_like,regex_mask,35,Isca1,False,False,False,False
MOUSE_B,immature B cell,Erythrocyte_like,regex_mask,36,Ltf,False,False,False,False
MOUSE_B,immature B cell,Erythrocyte_like,regex_mask,37,Glrx5,False,False,False,False
MOUSE_B,immature B cell,Erythrocyte_like,regex_mask,38,Lrg1,False,False,False,False
MOUSE_B,immature B cell,Erythrocyte_like,regex_mask,39,Shfm1,False,False,False,False
MOUSE_B,immature B cell,Erythrocyte_like,regex_mask,40,Anxa1,False,False,False,False
MOUSE_B,immature B cell,Erythrocyte_like,regex_mask,41,St3gal5,False,False,False,False
MOUSE_B,immature B cell,Erythrocyte_like,regex_mask,42,Mmp9,False,False,False,False
MOUSE_B,immature B cell,Erythrocyte_like,regex_mask,43,Mgst1,False,False,False,False
MOUSE_B,immature B cell,Erythrocyte_like,regex_mask,44,Trim10,False,False,False,False
MOUSE_B,immature B cell,Erythrocyte_like,regex_mask,45,Grina,False,False,False,False
MOUSE_B,immature B cell,Erythrocyte_like,regex_mask,46,Bnip3l,False,False,False,False
MOUSE_B,immature B cell,Erythrocyte_like,regex_mask,47,Taldo1,False,False,False,False
MOUSE_B,immature B cell,Erythrocyte_like,regex_mask,48,Atpif1,False,False,False,False
MOUSE_B,immature B cell,Erythrocyte_like,regex_mask,49,Cd177,False,False,False,False
MOUSE_B,immature B cell,Erythrocyte_like,regex_mask,50,Nt5c3,False,False,False,False
MOUSE_B,immature B cell,Erythrocyte_like,full_core,1,Cd24a,False,False,False,False
MOUSE_B,immature B cell,Erythrocyte_like,full_core,2,Beta-s,False,False,False,False
MOUSE_B,immature B cell,Erythrocyte_like,full_core,3,Hbb-b2,True,True,False,False
MOUSE_B,immature B cell,Erythrocyte_like,full_core,4,S100a9,False,False,False,False
MOUSE_B,immature B cell,Erythrocyte_like,full_core,5,Prdx2,False,False,False,False
MOUSE_B,immature B cell,Erythrocyte_like,full_core,6,Alas2,False,False,False,True
MOUSE_B,immature B cell,Erythrocyte_like,full_core,7,Snca,False,False,False,False
MOUSE_B,immature B cell,Erythrocyte_like,full_core,8,Lcn2,False,False,False,False
MOUSE_B,immature B cell,Erythrocyte_like,full_core,9,Fech,False,False,False,False
MOUSE_B,immature B cell,Erythrocyte_like,full_core,10,Car2,False,False,False,False
MOUSE_B,immature B cell,Erythrocyte_like,full_core,11,Gypa,False,False,False,True
MOUSE_B,immature B cell,Erythrocyte_like,full_core,12,Hp,False,False,False,False
MOUSE_B,immature B cell,Erythrocyte_like,full_core,13,Lyz2,False,False,False,False
MOUSE_B,immature B cell,Erythrocyte_like,full_core,14,Camp,False,False,False,False
MOUSE_B,immature B cell,Erythrocyte_like,full_core,15,Ngp,False,False,False,False
MOUSE_B,immature B cell,Erythrocyte_like,full_core,16,Ube2l6,False,False,False,False
MOUSE_B,immature B cell,Erythrocyte_like,full_core,17,Ifitm6,False,False,False,False
MOUSE_B,immature B cell,Erythrocyte_like,full_core,18,Pglyrp1,False,False,False,False
MOUSE_B,immature B cell,Erythrocyte_like,full_core,19,Retnlg,False,False,False,False
MOUSE_B,immature B cell,Erythrocyte_like,full_core,20,Lyz1,False,False,False,False
MOUSE_B,immature B cell,Erythrocyte_like,full_core,21,Isg20,False,False,False,False
MOUSE_B,immature B cell,Erythrocyte_like,full_core,22,Slc25a37,False,False,False,False
MOUSE_B,immature B cell,Erythrocyte_like,full_core,23,S100a6,False,False,False,False
MOUSE_B,immature B cell,Erythrocyte_like,full_core,24,Slc4a1,False,False,False,False
MOUSE_B,immature B cell,Erythrocyte_like,full_core,25,Blvrb,False,False,False,False
MOUSE_B,immature B cell,Erythrocyte_like,full_core,26,Mkrn1,False,False,False,False
MOUSE_B,immature B cell,Erythrocyte_like,full_core,27,Ltf,False,False,False,False
MOUSE_B,immature B cell,Erythrocyte_like,full_core,28,Lrg1,False,False,False,False
MOUSE_B,immature B cell,Erythrocyte_like,full_core,29,St3gal5,False,False,False,False
MOUSE_B,immature B cell,Erythrocyte_like,full_core,30,Mmp9,False,False,False,False
MOUSE_B,immature B cell,Erythrocyte_like,full_core,31,Mgst1,False,False,False,False
MOUSE_B,immature B cell,Erythrocyte_like,full_core,32,Trim10,False,False,False,False
MOUSE_B,immature B cell,Erythrocyte_like,full_core,33,Cd177,False,False,False,False
MOUSE_B,immature B cell,Erythrocyte_like,full_core,34,Nt5c3,False,False,False,False
MOUSE_B,immature B cell,Erythrocyte_like,full_core,35,Hmbs,False,False,False,False
MOUSE_B,immature B cell,Erythrocyte_like,full_core,36,Urod,False,False,False,False
MOUSE_B,immature B cell,Erythrocyte_like,full_core,37,Alox5ap,False,False,False,False
MOUSE_B,immature B cell,Erythrocyte_like,full_core,38,Chi3l3,False,False,False,False
MOUSE_B,immature B cell,Erythrocyte_like,full_core,39,Dhrs11,False,False,False,False
MOUSE_B,immature B cell,Erythrocyte_like,full_core,40,Tyrobp,False,False,False,False
MOUSE_B,immature B cell,Erythrocyte_like,full_core,41,Hmgn2,False,False,False,False
MOUSE_B,immature B cell,Erythrocyte_like,full_core,42,Tfdp2,False,False,False,False
MOUSE_B,immature B cell,Erythrocyte_like,full_core,43,Mmp8,False,False,False,False
MOUSE_B,immature B cell,Erythrocyte_like,full_core,44,Tspo2,False,False,False,False
MOUSE_B,immature B cell,Erythrocyte_like,full_core,45,Bpgm,False,False,False,False
MOUSE_B,immature B cell,Erythrocyte_like,full_core,46,Trem3,False,False,False,False
MOUSE_B,immature B cell,Erythrocyte_like,full_core,47,Gadd45a,False,False,False,False
MOUSE_B,immature B cell,Erythrocyte_like,full_core,48,Rhd,False,False,False,False
MOUSE_B,immature B cell,Erythrocyte_like,full_core,49,AA467197,False,False,False,False
MOUSE_B,immature B cell,Erythrocyte_like,full_core,50,Tspan33,False,False,False,False
MOUSE_B,naive B cell,Mast_like,standard,1,Gata2,False,False,False,True
MOUSE_B,naive B cell,Mast_like,standard,2,Cpa3,False,False,False,True
MOUSE_B,naive B cell,Mast_like,standard,3,Mcpt8,False,False,False,True
MOUSE_B,naive B cell,Mast_like,standard,4,Cebpa,False,False,False,False
MOUSE_B,naive B cell,Mast_like,standard,5,Fcer1a,False,False,False,False
MOUSE_B,naive B cell,Mast_like,standard,6,Csrp3,False,False,False,False
MOUSE_B,naive B cell,Mast_like,standard,7,Cd63,False,False,False,False
MOUSE_B,naive B cell,Mast_like,standard,8,Prss34,False,False,False,False
MOUSE_B,naive B cell,Mast_like,standard,9,Cyp11a1,False,False,False,False
MOUSE_B,naive B cell,Mast_like,standard,10,Cd200r3,False,False,False,False
MOUSE_B,naive B cell,Mast_like,standard,11,Itga2b,False,False,False,False
MOUSE_B,naive B cell,Mast_like,standard,12,Cst7,False,False,False,False
MOUSE_B,naive B cell,Mast_like,standard,13,Ctsg,False,False,False,False
MOUSE_B,naive B cell,Mast_like,standard,14,Hdc,False,False,False,False
MOUSE_B,naive B cell,Mast_like,standard,15,Rnase12,False,False,False,False
MOUSE_B,naive B cell,Mast_like,standard,16,Alox5,False,False,False,False
MOUSE_B,naive B cell,Mast_like,standard,17,Ifitm1,False,False,False,False
MOUSE_B,naive B cell,Mast_like,standard,18,Fcgr3,False,False,False,False
MOUSE_B,naive B cell,Mast_like,standard,19,Nedd4,False,False,False,False
MOUSE_B,naive B cell,Mast_like,standard,20,Emilin2,False,False,False,False
MOUSE_B,naive B cell,Mast_like,standard,21,Stx3,False,False,False,False
MOUSE_B,naive B cell,Mast_like,standard,22,Ap3s1,False,False,False,False
MOUSE_B,naive B cell,Mast_like,standard,23,Nkg7,False,False,False,False
MOUSE_B,naive B cell,Mast_like,standard,24,Ccl9,False,False,False,False
MOUSE_B,naive B cell,Mast_like,standard,25,Fxyd5,False,False,False,False
MOUSE_B,naive B cell,Mast_like,standard,26,Ccl3,False,False,False,False
MOUSE_B,naive B cell,Mast_like,standard,27,Il3ra,False,False,False,False
MOUSE_B,naive B cell,Mast_like,standard,28,Crip1,False,False,False,False
MOUSE_B,naive B cell,Mast_like,standard,29,Alox15,False,False,False,False
MOUSE_B,naive B cell,Mast_like,standard,30,Ms4a2,False,False,False,True
MOUSE_B,naive B cell,Mast_like,standard,31,Fut7,False,False,False,False
MOUSE_B,naive B cell,Mast_like,standard,32,Adck4,False,False,False,False
MOUSE_B,naive B cell,Mast_like,standard,33,Gng12,False,False,False,False
MOUSE_B,naive B cell,Mast_like,standard,34,Srgn,False,False,False,False
MOUSE_B,naive B cell,Mast_like,standard,35,Lat,False,False,False,False
MOUSE_B,naive B cell,Mast_like,standard,36,Tagln2,False,False,False,False
MOUSE_B,naive B cell,Mast_like,standard,37,Cd9,False,False,False,False
MOUSE_B,naive B cell,Mast_like,standard,38,Ms4a3,False,False,False,False
MOUSE_B,naive B cell,Mast_like,standard,39,Emb,False,False,False,False
MOUSE_B,naive B cell,Mast_like,standard,40,Ier3,False,False,False,False
MOUSE_B,naive B cell,Mast_like,standard,41,Lat2,False,False,False,False
MOUSE_B,naive B cell,Mast_like,standard,42,Cpne2,False,False,False,False
MOUSE_B,naive B cell,Mast_like,standard,43,Rapsn,False,False,False,False
MOUSE_B,naive B cell,Mast_like,standard,44,Ccr1,False,False,False,False
MOUSE_B,naive B cell,Mast_like,standard,45,Man2b1,False,False,False,False
MOUSE_B,naive B cell,Mast_like,standard,46,Ifitm2,False,False,False,False
MOUSE_B,naive B cell,Mast_like,standard,47,Hcst,False,False,False,False
MOUSE_B,naive B cell,Mast_like,standard,48,Runx1,False,False,False,False
MOUSE_B,naive B cell,Mast_like,standard,49,Rab44,False,False,False,False
MOUSE_B,naive B cell,Mast_like,standard,50,S100a10,False,False,False,False
MOUSE_B,naive B cell,Mast_like,filter_only,1,Gata2,False,False,False,True
MOUSE_B,naive B cell,Mast_like,filter_only,2,Cpa3,False,False,False,True
MOUSE_B,naive B cell,Mast_like,filter_only,3,Mcpt8,False,False,False,True
MOUSE_B,naive B cell,Mast_like,filter_only,4,Cebpa,False,False,False,False
MOUSE_B,naive B cell,Mast_like,filter_only,5,Fcer1a,False,False,False,False
MOUSE_B,naive B cell,Mast_like,filter_only,6,Csrp3,False,False,False,False
MOUSE_B,naive B cell,Mast_like,filter_only,7,Cd63,False,False,False,False
MOUSE_B,naive B cell,Mast_like,filter_only,8,Prss34,False,False,False,False
MOUSE_B,naive B cell,Mast_like,filter_only,9,Cyp11a1,False,False,False,False
MOUSE_B,naive B cell,Mast_like,filter_only,10,Cd200r3,False,False,False,False
MOUSE_B,naive B cell,Mast_like,filter_only,11,Itga2b,False,False,False,False
MOUSE_B,naive B cell,Mast_like,filter_only,12,Cst7,False,False,False,False
MOUSE_B,naive B cell,Mast_like,filter_only,13,Ctsg,False,False,False,False
MOUSE_B,naive B cell,Mast_like,filter_only,14,Hdc,False,False,False,False
MOUSE_B,naive B cell,Mast_like,filter_only,15,Rnase12,False,False,False,False
MOUSE_B,naive B cell,Mast_like,filter_only,16,Alox5,False,False,False,False
MOUSE_B,naive B cell,Mast_like,filter_only,17,Ifitm1,False,False,False,False
MOUSE_B,naive B cell,Mast_like,filter_only,18,Fcgr3,False,False,False,False
MOUSE_B,naive B cell,Mast_like,filter_only,19,Nedd4,False,False,False,False
MOUSE_B,naive B cell,Mast_like,filter_only,20,Emilin2,False,False,False,False
MOUSE_B,naive B cell,Mast_like,filter_only,21,Stx3,False,False,False,False
MOUSE_B,naive B cell,Mast_like,filter_only,22,Ap3s1,False,False,False,False
MOUSE_B,naive B cell,Mast_like,filter_only,23,Nkg7,False,False,False,False
MOUSE_B,naive B cell,Mast_like,filter_only,24,Ccl9,False,False,False,False
MOUSE_B,naive B cell,Mast_like,filter_only,25,Fxyd5,False,False,False,False
MOUSE_B,naive B cell,Mast_like,filter_only,26,Ccl3,False,False,False,False
MOUSE_B,naive B cell,Mast_like,filter_only,27,Il3ra,False,False,False,False
MOUSE_B,naive B cell,Mast_like,filter_only,28,Crip1,False,False,False,False
MOUSE_B,naive B cell,Mast_like,filter_only,29,Alox15,False,False,False,False
MOUSE_B,naive B cell,Mast_like,filter_only,30,Ms4a2,False,False,False,True
MOUSE_B,naive B cell,Mast_like,filter_only,31,Fut7,False,False,False,False
MOUSE_B,naive B cell,Mast_like,filter_only,32,Adck4,False,False,False,False
MOUSE_B,naive B cell,Mast_like,filter_only,33,Gng12,False,False,False,False
MOUSE_B,naive B cell,Mast_like,filter_only,34,Srgn,False,False,False,False
MOUSE_B,naive B cell,Mast_like,filter_only,35,Lat,False,False,False,False
MOUSE_B,naive B cell,Mast_like,filter_only,36,Tagln2,False,False,False,False
MOUSE_B,naive B cell,Mast_like,filter_only,37,Cd9,False,False,False,False
MOUSE_B,naive B cell,Mast_like,filter_only,38,Ms4a3,False,False,False,False
MOUSE_B,naive B cell,Mast_like,filter_only,39,Emb,False,False,False,False
MOUSE_B,naive B cell,Mast_like,filter_only,40,Ier3,False,False,False,False
MOUSE_B,naive B cell,Mast_like,filter_only,41,Lat2,False,False,False,False
MOUSE_B,naive B cell,Mast_like,filter_only,42,Cpne2,False,False,False,False
MOUSE_B,naive B cell,Mast_like,filter_only,43,Rapsn,False,False,False,False
MOUSE_B,naive B cell,Mast_like,filter_only,44,Ccr1,False,False,False,False
MOUSE_B,naive B cell,Mast_like,filter_only,45,Man2b1,False,False,False,False
MOUSE_B,naive B cell,Mast_like,filter_only,46,Ifitm2,False,False,False,False
MOUSE_B,naive B cell,Mast_like,filter_only,47,Hcst,False,False,False,False
MOUSE_B,naive B cell,Mast_like,filter_only,48,Runx1,False,False,False,False
MOUSE_B,naive B cell,Mast_like,filter_only,49,Rab44,False,False,False,False
MOUSE_B,naive B cell,Mast_like,filter_only,50,S100a10,False,False,False,False
MOUSE_B,naive B cell,Mast_like,regex_mask,1,Gata2,False,False,False,True
MOUSE_B,naive B cell,Mast_like,regex_mask,2,Cpa3,False,False,False,True
MOUSE_B,naive B cell,Mast_like,regex_mask,3,Mcpt8,False,False,False,True
MOUSE_B,naive B cell,Mast_like,regex_mask,4,Cebpa,False,False,False,False
MOUSE_B,naive B cell,Mast_like,regex_mask,5,Fcer1a,False,False,False,False
MOUSE_B,naive B cell,Mast_like,regex_mask,6,Csrp3,False,False,False,False
MOUSE_B,naive B cell,Mast_like,regex_mask,7,Cd63,False,False,False,False
MOUSE_B,naive B cell,Mast_like,regex_mask,8,Prss34,False,False,False,False
MOUSE_B,naive B cell,Mast_like,regex_mask,9,Cyp11a1,False,False,False,False
MOUSE_B,naive B cell,Mast_like,regex_mask,10,Cd200r3,False,False,False,False
MOUSE_B,naive B cell,Mast_like,regex_mask,11,Itga2b,False,False,False,False
MOUSE_B,naive B cell,Mast_like,regex_mask,12,Cst7,False,False,False,False
MOUSE_B,naive B cell,Mast_like,regex_mask,13,Ctsg,False,False,False,False
MOUSE_B,naive B cell,Mast_like,regex_mask,14,Hdc,False,False,False,False
MOUSE_B,naive B cell,Mast_like,regex_mask,15,Rnase12,False,False,False,False
MOUSE_B,naive B cell,Mast_like,regex_mask,16,Alox5,False,False,False,False
MOUSE_B,naive B cell,Mast_like,regex_mask,17,Ifitm1,False,False,False,False
MOUSE_B,naive B cell,Mast_like,regex_mask,18,Fcgr3,False,False,False,False
MOUSE_B,naive B cell,Mast_like,regex_mask,19,Nedd4,False,False,False,False
MOUSE_B,naive B cell,Mast_like,regex_mask,20,Emilin2,False,False,False,False
MOUSE_B,naive B cell,Mast_like,regex_mask,21,Stx3,False,False,False,False
MOUSE_B,naive B cell,Mast_like,regex_mask,22,Ap3s1,False,False,False,False
MOUSE_B,naive B cell,Mast_like,regex_mask,23,Nkg7,False,False,False,False
MOUSE_B,naive B cell,Mast_like,regex_mask,24,Ccl9,False,False,False,False
MOUSE_B,naive B cell,Mast_like,regex_mask,25,Fxyd5,False,False,False,False
MOUSE_B,naive B cell,Mast_like,regex_mask,26,Ccl3,False,False,False,False
MOUSE_B,naive B cell,Mast_like,regex_mask,27,Il3ra,False,False,False,False
MOUSE_B,naive B cell,Mast_like,regex_mask,28,Crip1,False,False,False,False
MOUSE_B,naive B cell,Mast_like,regex_mask,29,Alox15,False,False,False,False
MOUSE_B,naive B cell,Mast_like,regex_mask,30,Ms4a2,False,False,False,True
MOUSE_B,naive B cell,Mast_like,regex_mask,31,Fut7,False,False,False,False
MOUSE_B,naive B cell,Mast_like,regex_mask,32,Adck4,False,False,False,False
MOUSE_B,naive B cell,Mast_like,regex_mask,33,Gng12,False,False,False,False
MOUSE_B,naive B cell,Mast_like,regex_mask,34,Srgn,False,False,False,False
MOUSE_B,naive B cell,Mast_like,regex_mask,35,Lat,False,False,False,False
MOUSE_B,naive B cell,Mast_like,regex_mask,36,Tagln2,False,False,False,False
MOUSE_B,naive B cell,Mast_like,regex_mask,37,Cd9,False,False,False,False
MOUSE_B,naive B cell,Mast_like,regex_mask,38,Ms4a3,False,False,False,False
MOUSE_B,naive B cell,Mast_like,regex_mask,39,Emb,False,False,False,False
MOUSE_B,naive B cell,Mast_like,regex_mask,40,Ier3,False,False,False,False
MOUSE_B,naive B cell,Mast_like,regex_mask,41,Lat2,False,False,False,False
MOUSE_B,naive B cell,Mast_like,regex_mask,42,Cpne2,False,False,False,False
MOUSE_B,naive B cell,Mast_like,regex_mask,43,Rapsn,False,False,False,False
MOUSE_B,naive B cell,Mast_like,regex_mask,44,Ccr1,False,False,False,False
MOUSE_B,naive B cell,Mast_like,regex_mask,45,Man2b1,False,False,False,False
MOUSE_B,naive B cell,Mast_like,regex_mask,46,Ifitm2,False,False,False,False
MOUSE_B,naive B cell,Mast_like,regex_mask,47,Hcst,False,False,False,False
MOUSE_B,naive B cell,Mast_like,regex_mask,48,Runx1,False,False,False,False
MOUSE_B,naive B cell,Mast_like,regex_mask,49,Rab44,False,False,False,False
MOUSE_B,naive B cell,Mast_like,regex_mask,50,S100a10,False,False,False,False
MOUSE_B,naive B cell,Mast_like,full_core,1,Gata2,False,False,False,True
MOUSE_B,naive B cell,Mast_like,full_core,2,Cpa3,False,False,False,True
MOUSE_B,naive B cell,Mast_like,full_core,3,Mcpt8,False,False,False,True
MOUSE_B,naive B cell,Mast_like,full_core,4,Fcer1a,False,False,False,False
MOUSE_B,naive B cell,Mast_like,full_core,5,Csrp3,False,False,False,False
MOUSE_B,naive B cell,Mast_like,full_core,6,Prss34,False,False,False,False
MOUSE_B,naive B cell,Mast_like,full_core,7,Cyp11a1,False,False,False,False
MOUSE_B,naive B cell,Mast_like,full_core,8,Cd200r3,False,False,False,False
MOUSE_B,naive B cell,Mast_like,full_core,9,Itga2b,False,False,False,False
MOUSE_B,naive B cell,Mast_like,full_core,10,Cst7,False,False,False,False
MOUSE_B,naive B cell,Mast_like,full_core,11,Ctsg,False,False,False,False
MOUSE_B,naive B cell,Mast_like,full_core,12,Hdc,False,False,False,False
MOUSE_B,naive B cell,Mast_like,full_core,13,Ifitm1,False,False,False,False
MOUSE_B,naive B cell,Mast_like,full_core,14,Fcgr3,False,False,False,False
MOUSE_B,naive B cell,Mast_like,full_core,15,Nkg7,False,False,False,False
MOUSE_B,naive B cell,Mast_like,full_core,16,Ccl9,False,False,False,False
MOUSE_B,naive B cell,Mast_like,full_core,17,Ccl3,False,False,False,False
MOUSE_B,naive B cell,Mast_like,full_core,18,Alox15,False,False,False,False
MOUSE_B,naive B cell,Mast_like,full_core,19,Ms4a2,False,False,False,True
MOUSE_B,naive B cell,Mast_like,full_core,20,Lat,False,False,False,False
MOUSE_B,naive B cell,Mast_like,full_core,21,Ms4a3,False,False,False,False
MOUSE_B,naive B cell,Mast_like,full_core,22,Ier3,False,False,False,False
MOUSE_B,naive B cell,Mast_like,full_core,23,Ccr1,False,False,False,False
MOUSE_B,naive B cell,Mast_like,full_core,24,Mns1,False,False,False,False
MOUSE_B,naive B cell,Mast_like,full_core,25,Cdh1,False,False,False,False
MOUSE_B,naive B cell,Mast_like,full_core,26,Igfbp7,False,False,False,False
MOUSE_B,naive B cell,Mast_like,full_core,27,Alox5ap,False,False,False,False
MOUSE_B,naive B cell,Mast_like,full_core,28,Tbc1d4,False,False,False,False
MOUSE_B,naive B cell,Mast_like,full_core,29,Mpo,False,False,False,False
MOUSE_B,naive B cell,Mast_like,full_core,30,Trf,False,False,False,False
MOUSE_B,naive B cell,Mast_like,full_core,31,Ms4a6b,False,False,False,False
MOUSE_B,naive B cell,Mast_like,full_core,32,Gpr56,False,False,False,False
MOUSE_B,naive B cell,Mast_like,full_core,33,Il6,False,False,False,False
MOUSE_B,naive B cell,Mast_like,full_core,34,Ikzf2,False,False,False,False
MOUSE_B,naive B cell,Mast_like,full_core,35,Tacstd2,False,False,False,False
MOUSE_B,naive B cell,Mast_like,full_core,36,Apoe,False,False,False,False
MOUSE_B,naive B cell,Mast_like,full_core,37,Csf1,False,False,False,False
MOUSE_B,naive B cell,Mast_like,full_core,38,Gp49a,False,False,False,False
MOUSE_B,naive B cell,Mast_like,full_core,39,Igfbp4,False,False,False,False
MOUSE_B,naive B cell,Mast_like,full_core,40,Serpine2,False,False,False,False
MOUSE_B,naive B cell,Mast_like,full_core,41,Id1,False,False,False,False
MOUSE_B,naive B cell,Mast_like,full_core,42,Fam189b,False,False,False,False
MOUSE_B,naive B cell,Mast_like,full_core,43,Hk2,False,False,False,False
MOUSE_B,naive B cell,Mast_like,full_core,44,Pecam1,False,False,False,False
MOUSE_B,naive B cell,Mast_like,full_core,45,Gstm1,False,False,False,False
MOUSE_B,naive B cell,Mast_like,full_core,46,Ptger3,False,False,False,False
MOUSE_B,naive B cell,Mast_like,full_core,47,Nfe2,False,False,False,False
MOUSE_B,naive B cell,Mast_like,full_core,48,Npl,False,False,False,False
MOUSE_B,naive B cell,Mast_like,full_core,49,Rgs1,False,False,False,False
MOUSE_B,naive B cell,Mast_like,full_core,50,Stmn1,False,False,False,False
MOUSE_B,precursor B cell,pDC_Myeloid_like,standard,1,Siglech,False,False,False,True
MOUSE_B,precursor B cell,pDC_Myeloid_like,standard,2,Bst2,False,False,False,True
MOUSE_B,precursor B cell,pDC_Myeloid_like,standard,3,Cox6a2,False,False,False,False
MOUSE_B,precursor B cell,pDC_Myeloid_like,standard,4,Mpeg1,False,False,False,False
MOUSE_B,precursor B cell,pDC_Myeloid_like,standard,5,Irf8,False,False,False,True
MOUSE_B,precursor B cell,pDC_Myeloid_like,standard,6,Ctsl,False,False,False,False
MOUSE_B,precursor B cell,pDC_Myeloid_like,standard,7,Cd7,False,False,False,False
MOUSE_B,precursor B cell,pDC_Myeloid_like,standard,8,Tcf4,False,False,False,True
MOUSE_B,precursor B cell,pDC_Myeloid_like,standard,9,Ppfia4,False,False,False,False
MOUSE_B,precursor B cell,pDC_Myeloid_like,standard,10,Runx2,False,False,False,False
MOUSE_B,precursor B cell,pDC_Myeloid_like,standard,11,Tsc22d1,False,False,False,False
MOUSE_B,precursor B cell,pDC_Myeloid_like,standard,12,Grn,False,False,False,False
MOUSE_B,precursor B cell,pDC_Myeloid_like,standard,13,Pld4,False,False,False,False
MOUSE_B,precursor B cell,pDC_Myeloid_like,standard,14,Atp1b1,False,False,False,False
MOUSE_B,precursor B cell,pDC_Myeloid_like,standard,15,Psap,False,False,False,False
MOUSE_B,precursor B cell,pDC_Myeloid_like,standard,16,Lgals1,False,False,False,False
MOUSE_B,precursor B cell,pDC_Myeloid_like,standard,17,Rnase6,False,False,False,False
MOUSE_B,precursor B cell,pDC_Myeloid_like,standard,18,2210020M01Rik,True,True,False,False
MOUSE_B,precursor B cell,pDC_Myeloid_like,standard,19,Lair1,False,False,False,False
MOUSE_B,precursor B cell,pDC_Myeloid_like,standard,20,Cybasc3,False,False,False,False
MOUSE_B,precursor B cell,pDC_Myeloid_like,standard,21,Cyth4,False,False,False,False
MOUSE_B,precursor B cell,pDC_Myeloid_like,standard,22,Ramp1,False,False,False,False
MOUSE_B,precursor B cell,pDC_Myeloid_like,standard,23,Upb1,False,False,False,False
MOUSE_B,precursor B cell,pDC_Myeloid_like,standard,24,Gltp,False,False,False,False
MOUSE_B,precursor B cell,pDC_Myeloid_like,standard,25,Pgls,False,False,False,False
MOUSE_B,precursor B cell,pDC_Myeloid_like,standard,26,Ccr9,False,False,False,False
MOUSE_B,precursor B cell,pDC_Myeloid_like,standard,27,Nucb2,False,False,False,False
MOUSE_B,precursor B cell,pDC_Myeloid_like,standard,28,Ccnd1,False,False,False,False
MOUSE_B,precursor B cell,pDC_Myeloid_like,standard,29,H2afy,False,False,False,False
MOUSE_B,precursor B cell,pDC_Myeloid_like,standard,30,Dnajc7,False,False,False,False
MOUSE_B,precursor B cell,pDC_Myeloid_like,standard,31,Ctsh,False,False,False,False
MOUSE_B,precursor B cell,pDC_Myeloid_like,standard,32,Ctsb,False,False,False,False
MOUSE_B,precursor B cell,pDC_Myeloid_like,standard,33,Klrd1,False,False,False,False
MOUSE_B,precursor B cell,pDC_Myeloid_like,standard,34,Fam125a,False,False,False,False
MOUSE_B,precursor B cell,pDC_Myeloid_like,standard,35,Sell,False,False,False,False
MOUSE_B,precursor B cell,pDC_Myeloid_like,standard,36,Bmyc,False,False,False,False
MOUSE_B,precursor B cell,pDC_Myeloid_like,standard,37,Amica1,False,False,False,False
MOUSE_B,precursor B cell,pDC_Myeloid_like,standard,38,Selplg,False,False,False,False
MOUSE_B,precursor B cell,pDC_Myeloid_like,standard,39,Dap,False,False,False,False
MOUSE_B,precursor B cell,pDC_Myeloid_like,standard,40,Fyb,False,False,False,False
MOUSE_B,precursor B cell,pDC_Myeloid_like,standard,41,Gng10,False,False,False,False
MOUSE_B,precursor B cell,pDC_Myeloid_like,standard,42,Tmem229b,False,False,False,False
MOUSE_B,precursor B cell,pDC_Myeloid_like,standard,43,Bcl11a,False,False,False,False
MOUSE_B,precursor B cell,pDC_Myeloid_like,standard,44,Npc2,False,False,False,False
MOUSE_B,precursor B cell,pDC_Myeloid_like,standard,45,Bloc1s2,False,False,False,False
MOUSE_B,precursor B cell,pDC_Myeloid_like,standard,46,Pacsin1,False,False,False,False
MOUSE_B,precursor B cell,pDC_Myeloid_like,standard,47,Fyn,False,False,False,False
MOUSE_B,precursor B cell,pDC_Myeloid_like,standard,48,Cd300c,False,False,False,False
MOUSE_B,precursor B cell,pDC_Myeloid_like,standard,49,Kmo,False,False,False,False
MOUSE_B,precursor B cell,pDC_Myeloid_like,standard,50,Fam108a,False,False,False,False
MOUSE_B,precursor B cell,pDC_Myeloid_like,filter_only,1,Siglech,False,False,False,True
MOUSE_B,precursor B cell,pDC_Myeloid_like,filter_only,2,Bst2,False,False,False,True
MOUSE_B,precursor B cell,pDC_Myeloid_like,filter_only,3,Cox6a2,False,False,False,False
MOUSE_B,precursor B cell,pDC_Myeloid_like,filter_only,4,Mpeg1,False,False,False,False
MOUSE_B,precursor B cell,pDC_Myeloid_like,filter_only,5,Irf8,False,False,False,True
MOUSE_B,precursor B cell,pDC_Myeloid_like,filter_only,6,Ctsl,False,False,False,False
MOUSE_B,precursor B cell,pDC_Myeloid_like,filter_only,7,Cd7,False,False,False,False
MOUSE_B,precursor B cell,pDC_Myeloid_like,filter_only,8,Tcf4,False,False,False,True
MOUSE_B,precursor B cell,pDC_Myeloid_like,filter_only,9,Ppfia4,False,False,False,False
MOUSE_B,precursor B cell,pDC_Myeloid_like,filter_only,10,Runx2,False,False,False,False
MOUSE_B,precursor B cell,pDC_Myeloid_like,filter_only,11,Tsc22d1,False,False,False,False
MOUSE_B,precursor B cell,pDC_Myeloid_like,filter_only,12,Grn,False,False,False,False
MOUSE_B,precursor B cell,pDC_Myeloid_like,filter_only,13,Pld4,False,False,False,False
MOUSE_B,precursor B cell,pDC_Myeloid_like,filter_only,14,Atp1b1,False,False,False,False
MOUSE_B,precursor B cell,pDC_Myeloid_like,filter_only,15,Psap,False,False,False,False
MOUSE_B,precursor B cell,pDC_Myeloid_like,filter_only,16,Lgals1,False,False,False,False
MOUSE_B,precursor B cell,pDC_Myeloid_like,filter_only,17,Rnase6,False,False,False,False
MOUSE_B,precursor B cell,pDC_Myeloid_like,filter_only,18,2210020M01Rik,True,True,False,False
MOUSE_B,precursor B cell,pDC_Myeloid_like,filter_only,19,Lair1,False,False,False,False
MOUSE_B,precursor B cell,pDC_Myeloid_like,filter_only,20,Cybasc3,False,False,False,False
MOUSE_B,precursor B cell,pDC_Myeloid_like,filter_only,21,Cyth4,False,False,False,False
MOUSE_B,precursor B cell,pDC_Myeloid_like,filter_only,22,Ramp1,False,False,False,False
MOUSE_B,precursor B cell,pDC_Myeloid_like,filter_only,23,Upb1,False,False,False,False
MOUSE_B,precursor B cell,pDC_Myeloid_like,filter_only,24,Gltp,False,False,False,False
MOUSE_B,precursor B cell,pDC_Myeloid_like,filter_only,25,Pgls,False,False,False,False
MOUSE_B,precursor B cell,pDC_Myeloid_like,filter_only,26,Ccr9,False,False,False,False
MOUSE_B,precursor B cell,pDC_Myeloid_like,filter_only,27,Nucb2,False,False,False,False
MOUSE_B,precursor B cell,pDC_Myeloid_like,filter_only,28,Ccnd1,False,False,False,False
MOUSE_B,precursor B cell,pDC_Myeloid_like,filter_only,29,H2afy,False,False,False,False
MOUSE_B,precursor B cell,pDC_Myeloid_like,filter_only,30,Dnajc7,False,False,False,False
MOUSE_B,precursor B cell,pDC_Myeloid_like,filter_only,31,Ctsh,False,False,False,False
MOUSE_B,precursor B cell,pDC_Myeloid_like,filter_only,32,Ctsb,False,False,False,False
MOUSE_B,precursor B cell,pDC_Myeloid_like,filter_only,33,Klrd1,False,False,False,False
MOUSE_B,precursor B cell,pDC_Myeloid_like,filter_only,34,Fam125a,False,False,False,False
MOUSE_B,precursor B cell,pDC_Myeloid_like,filter_only,35,Sell,False,False,False,False
MOUSE_B,precursor B cell,pDC_Myeloid_like,filter_only,36,Bmyc,False,False,False,False
MOUSE_B,precursor B cell,pDC_Myeloid_like,filter_only,37,Amica1,False,False,False,False
MOUSE_B,precursor B cell,pDC_Myeloid_like,filter_only,38,Selplg,False,False,False,False
MOUSE_B,precursor B cell,pDC_Myeloid_like,filter_only,39,Dap,False,False,False,False
MOUSE_B,precursor B cell,pDC_Myeloid_like,filter_only,40,Fyb,False,False,False,False
MOUSE_B,precursor B cell,pDC_Myeloid_like,filter_only,41,Gng10,False,False,False,False
MOUSE_B,precursor B cell,pDC_Myeloid_like,filter_only,42,Tmem229b,False,False,False,False
MOUSE_B,precursor B cell,pDC_Myeloid_like,filter_only,43,Bcl11a,False,False,False,False
MOUSE_B,precursor B cell,pDC_Myeloid_like,filter_only,44,Npc2,False,False,False,False
MOUSE_B,precursor B cell,pDC_Myeloid_like,filter_only,45,Bloc1s2,False,False,False,False
MOUSE_B,precursor B cell,pDC_Myeloid_like,filter_only,46,Pacsin1,False,False,False,False
MOUSE_B,precursor B cell,pDC_Myeloid_like,filter_only,47,Fyn,False,False,False,False
MOUSE_B,precursor B cell,pDC_Myeloid_like,filter_only,48,Cd300c,False,False,False,False
MOUSE_B,precursor B cell,pDC_Myeloid_like,filter_only,49,Kmo,False,False,False,False
MOUSE_B,precursor B cell,pDC_Myeloid_like,filter_only,50,Fam108a,False,False,False,False
MOUSE_B,precursor B cell,pDC_Myeloid_like,regex_mask,1,Siglech,False,False,False,True
MOUSE_B,precursor B cell,pDC_Myeloid_like,regex_mask,2,Bst2,False,False,False,True
MOUSE_B,precursor B cell,pDC_Myeloid_like,regex_mask,3,Cox6a2,False,False,False,False
MOUSE_B,precursor B cell,pDC_Myeloid_like,regex_mask,4,Mpeg1,False,False,False,False
MOUSE_B,precursor B cell,pDC_Myeloid_like,regex_mask,5,Irf8,False,False,False,True
MOUSE_B,precursor B cell,pDC_Myeloid_like,regex_mask,6,Ctsl,False,False,False,False
MOUSE_B,precursor B cell,pDC_Myeloid_like,regex_mask,7,Cd7,False,False,False,False
MOUSE_B,precursor B cell,pDC_Myeloid_like,regex_mask,8,Tcf4,False,False,False,True
MOUSE_B,precursor B cell,pDC_Myeloid_like,regex_mask,9,Ppfia4,False,False,False,False
MOUSE_B,precursor B cell,pDC_Myeloid_like,regex_mask,10,Runx2,False,False,False,False
MOUSE_B,precursor B cell,pDC_Myeloid_like,regex_mask,11,Tsc22d1,False,False,False,False
MOUSE_B,precursor B cell,pDC_Myeloid_like,regex_mask,12,Grn,False,False,False,False
MOUSE_B,precursor B cell,pDC_Myeloid_like,regex_mask,13,Pld4,False,False,False,False
MOUSE_B,precursor B cell,pDC_Myeloid_like,regex_mask,14,Atp1b1,False,False,False,False
MOUSE_B,precursor B cell,pDC_Myeloid_like,regex_mask,15,Psap,False,False,False,False
MOUSE_B,precursor B cell,pDC_Myeloid_like,regex_mask,16,Lgals1,False,False,False,False
MOUSE_B,precursor B cell,pDC_Myeloid_like,regex_mask,17,Rnase6,False,False,False,False
MOUSE_B,precursor B cell,pDC_Myeloid_like,regex_mask,18,Lair1,False,False,False,False
MOUSE_B,precursor B cell,pDC_Myeloid_like,regex_mask,19,Cybasc3,False,False,False,False
MOUSE_B,precursor B cell,pDC_Myeloid_like,regex_mask,20,Cyth4,False,False,False,False
MOUSE_B,precursor B cell,pDC_Myeloid_like,regex_mask,21,Ramp1,False,False,False,False
MOUSE_B,precursor B cell,pDC_Myeloid_like,regex_mask,22,Upb1,False,False,False,False
MOUSE_B,precursor B cell,pDC_Myeloid_like,regex_mask,23,Gltp,False,False,False,False
MOUSE_B,precursor B cell,pDC_Myeloid_like,regex_mask,24,Pgls,False,False,False,False
MOUSE_B,precursor B cell,pDC_Myeloid_like,regex_mask,25,Ccr9,False,False,False,False
MOUSE_B,precursor B cell,pDC_Myeloid_like,regex_mask,26,Nucb2,False,False,False,False
MOUSE_B,precursor B cell,pDC_Myeloid_like,regex_mask,27,Ccnd1,False,False,False,False
MOUSE_B,precursor B cell,pDC_Myeloid_like,regex_mask,28,H2afy,False,False,False,False
MOUSE_B,precursor B cell,pDC_Myeloid_like,regex_mask,29,Dnajc7,False,False,False,False
MOUSE_B,precursor B cell,pDC_Myeloid_like,regex_mask,30,Ctsh,False,False,False,False
MOUSE_B,precursor B cell,pDC_Myeloid_like,regex_mask,31,Ctsb,False,False,False,False
MOUSE_B,precursor B cell,pDC_Myeloid_like,regex_mask,32,Klrd1,False,False,False,False
MOUSE_B,precursor B cell,pDC_Myeloid_like,regex_mask,33,Fam125a,False,False,False,False
MOUSE_B,precursor B cell,pDC_Myeloid_like,regex_mask,34,Sell,False,False,False,False
MOUSE_B,precursor B cell,pDC_Myeloid_like,regex_mask,35,Bmyc,False,False,False,False
MOUSE_B,precursor B cell,pDC_Myeloid_like,regex_mask,36,Amica1,False,False,False,False
MOUSE_B,precursor B cell,pDC_Myeloid_like,regex_mask,37,Selplg,False,False,False,False
MOUSE_B,precursor B cell,pDC_Myeloid_like,regex_mask,38,Dap,False,False,False,False
MOUSE_B,precursor B cell,pDC_Myeloid_like,regex_mask,39,Fyb,False,False,False,False
MOUSE_B,precursor B cell,pDC_Myeloid_like,regex_mask,40,Gng10,False,False,False,False
MOUSE_B,precursor B cell,pDC_Myeloid_like,regex_mask,41,Tmem229b,False,False,False,False
MOUSE_B,precursor B cell,pDC_Myeloid_like,regex_mask,42,Bcl11a,False,False,False,False
MOUSE_B,precursor B cell,pDC_Myeloid_like,regex_mask,43,Npc2,False,False,False,False
MOUSE_B,precursor B cell,pDC_Myeloid_like,regex_mask,44,Bloc1s2,False,False,False,False
MOUSE_B,precursor B cell,pDC_Myeloid_like,regex_mask,45,Pacsin1,False,False,False,False
MOUSE_B,precursor B cell,pDC_Myeloid_like,regex_mask,46,Fyn,False,False,False,False
MOUSE_B,precursor B cell,pDC_Myeloid_like,regex_mask,47,Cd300c,False,False,False,False
MOUSE_B,precursor B cell,pDC_Myeloid_like,regex_mask,48,Kmo,False,False,False,False
MOUSE_B,precursor B cell,pDC_Myeloid_like,regex_mask,49,Fam108a,False,False,False,False
MOUSE_B,precursor B cell,pDC_Myeloid_like,regex_mask,50,Cd68,False,False,False,False
MOUSE_B,precursor B cell,pDC_Myeloid_like,full_core,1,Siglech,False,False,False,True
MOUSE_B,precursor B cell,pDC_Myeloid_like,full_core,2,Bst2,False,False,False,True
MOUSE_B,precursor B cell,pDC_Myeloid_like,full_core,3,Cox6a2,False,False,False,False
MOUSE_B,precursor B cell,pDC_Myeloid_like,full_core,4,Mpeg1,False,False,False,False
MOUSE_B,precursor B cell,pDC_Myeloid_like,full_core,5,Irf8,False,False,False,True
MOUSE_B,precursor B cell,pDC_Myeloid_like,full_core,6,Cd7,False,False,False,False
MOUSE_B,precursor B cell,pDC_Myeloid_like,full_core,7,Tcf4,False,False,False,True
MOUSE_B,precursor B cell,pDC_Myeloid_like,full_core,8,Runx2,False,False,False,False
MOUSE_B,precursor B cell,pDC_Myeloid_like,full_core,9,Tsc22d1,False,False,False,False
MOUSE_B,precursor B cell,pDC_Myeloid_like,full_core,10,Atp1b1,False,False,False,False
MOUSE_B,precursor B cell,pDC_Myeloid_like,full_core,11,Rnase6,False,False,False,False
MOUSE_B,precursor B cell,pDC_Myeloid_like,full_core,12,Lair1,False,False,False,False
MOUSE_B,precursor B cell,pDC_Myeloid_like,full_core,13,Ramp1,False,False,False,False
MOUSE_B,precursor B cell,pDC_Myeloid_like,full_core,14,Upb1,False,False,False,False
MOUSE_B,precursor B cell,pDC_Myeloid_like,full_core,15,Ccr9,False,False,False,False
MOUSE_B,precursor B cell,pDC_Myeloid_like,full_core,16,Ccnd1,False,False,False,False
MOUSE_B,precursor B cell,pDC_Myeloid_like,full_core,17,Klrd1,False,False,False,False
MOUSE_B,precursor B cell,pDC_Myeloid_like,full_core,18,Amica1,False,False,False,False
MOUSE_B,precursor B cell,pDC_Myeloid_like,full_core,19,Cd300c,False,False,False,False
MOUSE_B,precursor B cell,pDC_Myeloid_like,full_core,20,Cd68,False,False,False,False
MOUSE_B,precursor B cell,pDC_Myeloid_like,full_core,21,Pltp,False,False,False,False
MOUSE_B,precursor B cell,pDC_Myeloid_like,full_core,22,Khk,False,False,False,False
MOUSE_B,precursor B cell,pDC_Myeloid_like,full_core,23,Spib,False,False,False,False
MOUSE_B,precursor B cell,pDC_Myeloid_like,full_core,24,Atp1a1,False,False,False,False
MOUSE_B,precursor B cell,pDC_Myeloid_like,full_core,25,Clec10a,False,False,False,False
MOUSE_B,precursor B cell,pDC_Myeloid_like,full_core,26,Paqr5,False,False,False,False
MOUSE_B,precursor B cell,pDC_Myeloid_like,full_core,27,Flt3,False,False,False,False
MOUSE_B,precursor B cell,pDC_Myeloid_like,full_core,28,Dntt,False,False,False,False
MOUSE_B,precursor B cell,pDC_Myeloid_like,full_core,29,Epsti1,False,False,False,False
MOUSE_B,precursor B cell,pDC_Myeloid_like,full_core,30,Ly6d,False,False,False,False
MOUSE_B,precursor B cell,pDC_Myeloid_like,full_core,31,Sdc4,False,False,False,False
MOUSE_B,precursor B cell,pDC_Myeloid_like,full_core,32,Sh3bgr,False,False,False,False
MOUSE_B,precursor B cell,pDC_Myeloid_like,full_core,33,Klk1,False,False,False,False
MOUSE_B,precursor B cell,pDC_Myeloid_like,full_core,34,Il7r,False,False,False,False
MOUSE_B,precursor B cell,pDC_Myeloid_like,full_core,35,Atp2a1,False,False,False,False
MOUSE_B,precursor B cell,pDC_Myeloid_like,full_core,36,Ifi27l2a,False,False,False,False
MOUSE_B,precursor B cell,pDC_Myeloid_like,full_core,37,Gpr171,False,False,False,False
MOUSE_B,precursor B cell,pDC_Myeloid_like,full_core,38,Lifr,False,False,False,False
MOUSE_B,precursor B cell,pDC_Myeloid_like,full_core,39,Irf7,False,False,False,False
MOUSE_B,precursor B cell,pDC_Myeloid_like,full_core,40,Lag3,False,False,False,False
MOUSE_B,precursor B cell,pDC_Myeloid_like,full_core,41,Arl5c,False,False,False,False
MOUSE_B,precursor B cell,pDC_Myeloid_like,full_core,42,Cdh5,False,False,False,False
MOUSE_B,precursor B cell,pDC_Myeloid_like,full_core,43,Nrp1,False,False,False,False
MOUSE_B,precursor B cell,pDC_Myeloid_like,full_core,44,Ldhb,False,False,False,False
MOUSE_B,precursor B cell,pDC_Myeloid_like,full_core,45,Tyrobp,False,False,False,False
MOUSE_B,precursor B cell,pDC_Myeloid_like,full_core,46,Tbxa2r,False,False,False,False
MOUSE_B,precursor B cell,pDC_Myeloid_like,full_core,47,Tifa,False,False,False,False
MOUSE_B,precursor B cell,pDC_Myeloid_like,full_core,48,Gsn,False,False,False,False
MOUSE_B,precursor B cell,pDC_Myeloid_like,full_core,49,Clec12a,False,False,False,False
MOUSE_B,precursor B cell,pDC_Myeloid_like,full_core,50,Hs3st1,False,False,False,False
